0;0;0;0;land;false;unknown;0
1;232;57;1;land;false;plains;4
2;196;5;1;land;false;plains;4
3;194;55;1;land;false;plains;4
4;223;55;1;land;false;plains;4
5;218;8;1;land;false;hills;4
6;242;57;1;land;false;hills;4
7;231;56;1;land;false;plains;4
8;207;23;1;land;false;hills;4
9;86;214;1;land;false;plains;4
10;138;215;1;land;false;plains;4
11;84;233;1;land;false;plains;4
12;134;204;1;land;false;plains;4
13;121;252;1;land;false;plains;4
14;74;213;1;land;false;hills;4
15;96;239;1;land;false;hills;4
16;186;108;1;land;false;plains;4
17;186;116;1;land;false;plains;4
18;235;91;1;land;false;plains;4
19;244;81;1;land;false;plains;4
20;195;127;1;land;false;plains;4
21;112;177;1;land;false;desert;4
22;150;134;1;land;false;plains;4
23;102;199;1;land;false;plains;4
24;169;203;1;land;false;desert;4
25;105;142;1;land;false;plains;4
26;140;191;1;land;false;plains;4
27;155;192;1;land;false;plains;4
28;149;156;1;land;false;plains;4
29;155;131;1;land;false;desert;4
30;120;147;1;land;false;desert;4
31;96;166;1;land;false;desert;4
32;151;168;1;land;false;plains;4
33;169;174;1;land;false;plains;4
34;172;149;1;land;false;plains;4
35;111;156;1;land;false;plains;4
36;159;144;1;land;false;desert;4
37;147;198;1;land;false;plains;4
38;94;163;1;land;false;desert;4
39;151;187;1;land;false;desert;4
40;167;165;1;land;false;plains;4
41;136;128;1;land;false;desert;4
42;168;150;1;land;false;plains;4
43;158;135;1;land;false;plains;4
44;115;151;1;land;false;desert;4
45;123;169;1;land;false;plains;4
46;120;165;1;land;false;desert;4
47;96;141;1;land;false;plains;4
48;119;183;1;land;false;desert;4
49;99;128;1;land;false;plains;4
50;93;198;1;land;false;plains;4
51;116;193;1;land;false;desert;4
52;142;180;1;land;false;plains;4
53;155;134;1;land;false;desert;4
54;143;202;1;land;false;plains;4
55;128;137;1;land;false;desert;4
56;94;199;1;land;false;desert;4
57;135;134;1;land;false;desert;4
58;126;136;1;land;false;plains;4
59;114;139;1;land;false;plains;4
60;225;19;1;land;false;plains;4
61;212;47;1;land;true;jungle;4
62;229;34;1;land;false;plains;4
63;220;23;1;land;false;plains;4
64;206;45;1;land;false;plains;4
65;208;58;1;land;false;jungle;4
66;209;0;1;land;false;jungle;4
67;202;59;1;land;true;jungle;4
68;244;7;1;land;false;jungle;4
69;210;35;1;land;false;jungle;4
70;156;19;1;land;false;plains;4
71;145;21;1;land;false;plains;4
72;150;4;1;land;false;hills;4
73;178;42;1;land;false;hills;4
74;159;10;1;land;false;plains;4
75;156;29;1;land;false;plains;4
76;160;31;1;land;false;plains;4
77;142;14;1;land;false;hills;4
78;186;20;1;land;true;plains;4
79;205;55;1;land;false;plains;4
80;227;42;1;land;true;plains;4
81;171;53;1;land;false;plains;4
82;201;1;1;land;false;plains;4
83;197;37;1;land;false;plains;4
84;189;40;1;land;false;plains;4
85;169;6;1;land;false;plains;4
86;198;41;1;land;false;plains;4
87;168;22;1;land;false;plains;4
88;173;14;1;land;false;plains;4
89;169;16;1;land;false;plains;4
90;215;2;1;land;false;plains;4
91;181;38;1;land;false;plains;4
92;216;8;1;land;false;hills;4
93;192;25;1;land;false;plains;4
94;194;1;1;land;false;plains;4
95;224;7;1;land;false;plains;4
96;202;22;1;land;false;plains;4
97;214;20;1;land;false;hills;4
98;211;2;1;land;false;plains;4
99;191;11;1;land;false;plains;4
100;208;40;1;land;false;plains;4
101;166;45;1;land;false;plains;4
102;204;42;1;land;false;plains;4
103;166;53;1;land;false;plains;4
104;164;26;1;land;false;plains;4
105;226;11;1;land;false;plains;4
106;178;46;1;land;false;plains;4
107;192;56;1;land;false;plains;4
108;228;37;1;land;false;plains;4
109;214;5;1;land;false;plains;4
110;214;9;1;land;true;plains;4
111;213;22;1;land;false;plains;4
112;233;19;1;land;false;plains;4
113;200;27;1;land;false;plains;4
114;167;54;1;land;false;plains;4
115;207;0;1;land;false;plains;4
116;168;11;1;land;false;plains;4
117;214;40;1;land;false;plains;4
118;203;27;1;land;false;plains;4
119;237;50;1;land;false;plains;4
120;171;6;1;land;false;plains;4
121;201;24;1;land;false;plains;4
122;190;51;1;land;false;plains;4
123;191;55;1;land;true;plains;4
124;185;29;1;land;false;plains;4
125;205;48;1;land;false;plains;4
126;197;29;1;land;false;plains;4
127;211;44;1;land;false;plains;4
128;170;17;1;land;false;plains;4
129;193;37;1;land;false;plains;4
130;193;45;1;land;false;plains;4
131;205;4;1;land;false;plains;4
132;204;21;1;land;false;plains;4
133;230;7;1;land;false;plains;4
134;187;3;1;land;false;plains;4
135;205;47;1;land;false;plains;4
136;172;34;1;land;false;plains;4
137;168;53;1;land;false;plains;4
138;179;31;1;land;false;plains;4
139;166;40;1;land;false;plains;4
140;204;31;1;land;false;plains;4
141;212;35;1;land;false;plains;4
142;230;29;1;land;false;plains;4
143;217;34;1;land;false;plains;4
144;237;46;1;land;false;plains;4
145;164;30;1;land;false;plains;4
146;190;30;1;land;false;plains;4
147;186;11;1;land;false;plains;4
148;170;3;1;land;false;plains;4
149;161;15;1;land;false;plains;4
150;192;48;1;land;false;plains;4
151;204;15;1;land;false;plains;4
152;200;4;1;land;false;plains;4
153;191;19;1;land;false;plains;4
154;191;44;1;land;false;plains;4
155;170;21;1;land;false;plains;4
156;231;29;1;land;true;plains;4
157;179;46;1;land;false;plains;4
158;215;20;1;land;false;plains;4
159;191;4;1;land;false;plains;4
160;230;50;1;land;false;plains;4
161;203;14;1;land;false;plains;4
162;232;23;1;land;false;plains;4
163;187;52;1;land;false;hills;4
164;201;11;1;land;false;plains;4
165;214;56;1;land;false;plains;4
166;163;25;1;land;false;plains;4
167;180;15;1;land;false;plains;4
168;229;19;1;land;false;plains;4
169;231;31;1;land;false;plains;4
170;195;53;1;land;false;plains;4
171;173;0;1;land;false;plains;4
172;215;28;1;land;false;plains;4
173;168;31;1;land;true;plains;4
174;189;20;1;land;true;plains;4
175;166;18;1;land;false;plains;4
176;239;49;1;land;false;plains;4
177;170;47;1;land;false;plains;4
178;239;22;1;land;false;plains;4
179;173;29;1;land;false;plains;4
180;184;41;1;land;true;plains;4
181;193;53;1;land;false;plains;4
182;170;36;1;land;false;plains;4
183;182;6;1;land;false;plains;4
184;236;40;1;land;false;plains;4
185;205;10;1;land;false;plains;4
186;206;12;1;land;false;plains;4
187;172;54;1;land;false;plains;4
188;188;23;1;land;false;plains;4
189;191;16;1;land;false;plains;4
190;231;12;1;land;false;hills;4
191;166;48;1;land;false;plains;4
192;214;17;1;land;false;plains;4
193;183;20;1;land;false;plains;4
194;206;4;1;land;false;plains;4
195;228;8;1;land;false;plains;4
196;199;26;1;land;false;plains;4
197;207;9;1;land;false;plains;4
198;190;31;1;land;false;plains;4
199;162;36;1;land;false;plains;4
200;237;7;1;land;false;plains;4
201;169;7;1;land;false;plains;4
202;183;4;1;land;false;plains;4
203;177;54;1;land;false;plains;4
204;166;0;1;land;false;plains;4
205;236;24;1;land;false;plains;4
206;233;26;1;land;true;plains;4
207;178;34;1;land;false;plains;4
208;234;21;1;land;false;plains;4
209;180;23;1;land;true;plains;4
210;176;53;1;land;false;plains;4
211;230;0;1;land;false;plains;4
212;204;0;1;land;false;plains;4
213;218;56;1;land;false;plains;4
214;209;45;1;land;false;plains;4
215;195;43;1;land;false;plains;4
216;236;56;1;land;false;plains;4
217;199;48;1;land;false;plains;4
218;237;39;1;land;false;plains;4
219;195;8;1;land;false;plains;4
220;198;43;1;land;false;plains;4
221;180;45;1;land;false;plains;4
222;217;0;1;land;false;plains;4
223;210;49;1;land;false;plains;4
224;218;36;1;land;false;plains;4
225;221;30;1;land;false;plains;4
226;165;37;1;land;false;plains;4
227;167;20;1;land;false;plains;4
228;201;38;1;land;false;plains;4
229;184;43;1;land;false;plains;4
230;198;9;1;land;false;plains;4
231;187;0;1;land;false;plains;4
232;229;20;1;land;false;plains;4
233;112;203;1;land;false;desert;4
234;109;215;1;land;false;desert;4
235;92;226;1;land;false;desert;4
236;51;230;1;land;false;desert;4
237;113;198;1;land;false;desert;4
238;49;210;1;land;false;desert;4
239;42;251;1;land;false;desert;4
240;100;219;1;land;false;hills;4
241;103;209;1;land;false;desert;4
242;111;193;1;land;false;desert;4
243;41;215;1;land;false;desert;4
244;77;243;1;land;false;hills;4
245;94;203;1;land;false;desert;4
246;110;254;1;land;false;plains;4
247;79;210;1;land;false;desert;4
248;36;235;1;land;false;desert;4
249;56;225;1;land;false;desert;4
250;101;203;1;land;false;desert;4
251;70;232;1;land;false;desert;4
252;105;243;1;land;false;plains;4
253;90;222;1;land;false;desert;4
254;79;254;1;land;false;desert;4
255;78;227;1;land;false;desert;4
256;72;222;1;land;false;desert;4
257;57;212;1;land;false;desert;4
258;83;225;1;land;false;desert;4
259;110;241;1;land;false;desert;4
260;102;220;1;land;false;desert;4
261;41;202;1;land;false;desert;4
262;70;193;1;land;false;desert;4
263;52;207;1;land;false;desert;4
264;92;230;1;land;false;desert;4
265;95;248;1;land;false;plains;4
266;64;200;1;land;false;desert;4
267;80;240;1;land;false;desert;4
268;114;232;1;land;false;desert;4
269;55;246;1;land;false;desert;4
270;104;236;1;land;false;desert;4
271;39;208;1;land;false;desert;4
272;70;227;1;land;false;desert;4
273;43;201;1;land;false;desert;4
274;38;204;1;land;false;desert;4
275;92;203;1;land;false;desert;4
276;72;224;1;land;false;desert;4
277;109;221;1;land;false;desert;4
278;90;194;1;land;false;desert;4
279;95;194;1;land;false;desert;4
280;76;211;1;land;false;mountain;4
281;51;206;1;land;false;desert;4
282;115;239;1;land;false;desert;4
283;67;210;1;land;false;plains;4
284;56;244;1;land;false;plains;4
285;113;213;1;land;false;hills;4
286;43;253;1;land;false;hills;4
287;62;223;1;land;false;desert;4
288;48;221;1;land;false;desert;4
289;72;251;1;land;false;desert;4
290;103;234;1;land;false;desert;4
291;82;200;1;land;false;desert;4
292;48;253;1;land;false;desert;4
293;36;227;1;land;false;desert;4
294;106;195;1;land;false;desert;4
295;36;231;1;land;false;desert;4
296;86;209;1;land;false;desert;4
297;67;238;1;land;false;hills;4
298;63;221;1;land;false;desert;4
299;36;247;1;land;false;desert;4
300;39;245;1;land;false;desert;4
301;36;229;1;land;false;desert;4
302;89;215;1;land;false;plains;4
303;38;213;1;land;false;desert;4
304;42;235;1;land;false;desert;4
305;108;244;1;land;false;desert;4
306;87;223;1;land;false;desert;4
307;42;238;1;land;false;desert;4
308;64;207;1;land;false;plains;4
309;102;248;1;land;false;desert;4
310;98;232;1;land;false;desert;4
311;62;220;1;land;false;desert;4
312;44;235;1;land;false;desert;4
313;49;246;1;land;false;hills;4
314;36;249;1;land;false;desert;4
315;59;214;1;land;false;desert;4
316;55;239;1;land;false;desert;4
317;46;208;1;land;false;desert;4
318;112;251;1;land;false;desert;4
319;80;215;1;land;false;desert;4
320;110;219;1;land;false;desert;4
321;69;247;1;land;false;desert;4
322;104;207;1;land;false;desert;4
323;68;225;1;land;false;desert;4
324;108;231;1;land;false;plains;4
325;68;236;1;land;false;desert;4
326;70;225;1;land;false;desert;4
327;110;248;1;land;false;desert;4
328;95;233;1;land;false;desert;4
329;93;249;1;land;false;desert;4
330;65;197;1;land;false;desert;4
331;113;233;1;land;false;desert;4
332;71;229;1;land;false;desert;4
333;47;220;1;land;false;desert;4
334;113;199;1;land;false;desert;4
335;104;244;1;land;false;desert;4
336;57;203;1;land;false;desert;4
337;54;221;1;land;false;desert;4
338;64;229;1;land;false;desert;4
339;56;196;1;land;false;desert;4
340;48;213;1;land;false;desert;4
341;104;195;1;land;false;desert;4
342;36;223;1;land;false;hills;4
343;62;239;1;land;false;desert;4
344;78;228;1;land;false;desert;4
345;47;199;1;land;false;plains;4
346;57;222;1;land;false;desert;4
347;42;201;1;land;false;desert;4
348;69;225;1;land;false;desert;4
349;63;228;1;land;false;desert;4
350;95;240;1;land;false;desert;4
351;110;198;1;land;false;desert;4
352;90;217;1;land;false;desert;4
353;75;253;1;land;false;hills;4
354;45;196;1;land;false;desert;4
355;90;240;1;land;false;desert;4
356;114;210;1;land;true;forest;4
357;91;250;1;land;false;forest;4
358;131;210;1;land;true;forest;4
359;81;251;1;land;false;forest;4
360;47;230;1;land;false;hills;4
361;61;233;1;land;false;plains;4
362;58;201;1;land;false;plains;4
363;41;206;1;land;false;plains;4
364;197;58;1;land;false;desert;4
365;170;87;1;land;false;desert;4
366;185;96;1;land;false;desert;4
367;171;81;1;land;false;desert;4
368;206;78;1;land;false;desert;4
369;184;69;1;land;true;desert;4
370;176;71;1;land;true;desert;4
371;165;68;1;land;false;plains;4
372;186;107;1;land;false;desert;4
373;134;69;1;land;false;desert;4
374;191;108;1;land;true;desert;4
375;192;58;1;land;false;desert;4
376;144;90;1;land;false;desert;4
377;163;118;1;land;true;plains;4
378;189;73;1;land;false;plains;4
379;211;95;1;land;false;desert;4
380;164;64;1;land;false;desert;4
381;188;106;1;land;true;desert;4
382;190;56;1;land;false;desert;4
383;153;123;1;land;false;desert;4
384;203;80;1;land;false;desert;4
385;154;121;1;land;false;plains;4
386;165;116;1;land;false;desert;4
387;134;102;1;land;false;desert;4
388;140;103;1;land;true;desert;4
389;215;139;1;land;false;plains;4
390;193;86;1;land;false;plains;4
391;177;138;1;land;false;plains;4
392;230;92;1;land;false;plains;4
393;213;126;1;land;false;plains;4
394;207;71;1;land;false;plains;4
395;225;81;1;land;false;plains;4
396;130;114;1;land;false;forest;4
397;152;101;1;land;false;forest;4
398;97;97;1;land;false;forest;4
399;144;110;1;land;false;forest;4
400;103;98;1;land;false;forest;4
401;122;66;1;land;false;plains;4
402;169;107;1;land;false;forest;4
403;167;44;1;land;false;forest;4
404;230;179;1;land;false;plains;4
405;221;182;1;land;false;hills;4
406;238;166;1;land;false;plains;4
407;205;160;1;land;false;plains;4
408;200;176;1;land;false;plains;4
409;212;190;1;land;false;plains;4
410;218;212;1;land;false;plains;4
411;227;218;1;land;false;hills;4
412;210;213;1;land;false;plains;4
413;217;214;1;land;false;plains;4
414;216;222;1;land;false;hills;4
415;60;233;1;land;true;plains;4
416;1;231;1;land;false;plains;4
417;32;177;1;land;true;plains;4
418;68;227;1;land;true;plains;4
419;47;211;1;land;false;plains;4
420;23;180;1;land;true;plains;4
421;48;228;1;land;false;plains;4
422;41;194;1;land;false;plains;4
423;58;219;1;land;false;plains;4
424;41;182;1;land;false;plains;4
425;40;236;1;land;false;plains;4
426;24;194;1;land;false;plains;4
427;38;218;1;land;false;plains;4
428;55;252;1;land;false;plains;4
429;4;216;1;land;false;plains;4
430;63;184;1;land;false;plains;4
431;2;234;1;land;true;plains;4
432;63;210;1;land;true;plains;4
433;61;199;1;land;false;plains;4
434;3;207;1;land;false;plains;4
435;44;249;1;land;false;plains;4
436;21;222;1;land;true;plains;4
437;25;246;1;land;true;plains;4
438;30;187;1;land;false;plains;4
439;30;233;1;land;false;plains;4
440;42;252;1;land;true;plains;4
441;31;194;1;land;false;plains;4
442;43;224;1;land;false;plains;4
443;5;224;1;land;false;plains;4
444;25;198;1;land;true;plains;4
445;55;251;1;land;false;plains;4
446;43;227;1;land;true;plains;4
447;1;247;1;land;true;plains;4
448;34;228;1;land;true;plains;4
449;64;178;1;land;false;plains;4
450;8;252;1;land;false;plains;4
451;50;197;1;land;false;plains;4
452;51;188;1;land;false;plains;4
453;45;244;1;land;false;plains;4
454;7;251;1;land;true;plains;4
455;29;215;1;land;false;plains;4
456;3;247;1;land;false;plains;4
457;58;228;1;land;false;plains;4
458;4;179;1;land;false;plains;4
459;30;227;1;land;false;plains;4
460;59;245;1;land;false;plains;4
461;39;198;1;land;false;plains;4
462;35;222;1;land;false;plains;4
463;33;196;1;land;false;plains;4
464;38;179;1;land;false;plains;4
465;9;182;1;land;false;plains;4
466;37;185;1;land;true;plains;4
467;34;247;1;land;false;plains;4
468;58;195;1;land;false;plains;4
469;67;181;1;land;true;plains;4
470;35;179;1;land;false;plains;4
471;9;191;1;land;true;plains;4
472;50;202;1;land;false;plains;4
473;6;224;1;land;false;plains;4
474;52;181;1;land;false;plains;4
475;16;188;1;land;true;plains;4
476;50;217;1;land;false;plains;4
477;39;215;1;land;true;plains;4
478;1;200;1;land;true;plains;4
479;50;183;1;land;false;plains;4
480;24;205;1;land;false;plains;4
481;121;46;1;land;false;desert;4
482;152;120;1;land;false;desert;4
483;112;99;1;land;false;desert;4
484;139;113;1;land;false;desert;4
485;120;102;1;land;false;desert;4
486;124;80;1;land;false;desert;4
487;134;83;1;land;false;desert;4
488;156;53;1;land;false;desert;4
489;145;85;1;land;false;desert;4
490;110;104;1;land;false;desert;4
491;165;105;1;land;false;desert;4
492;138;113;1;land;false;desert;4
493;111;111;1;land;false;desert;4
494;124;119;1;land;false;desert;4
495;173;115;1;land;false;desert;4
496;127;46;1;land;false;desert;4
497;131;87;1;land;false;desert;4
498;165;63;1;land;false;desert;4
499;126;81;1;land;false;desert;4
500;149;89;1;land;false;desert;4
501;159;76;1;land;false;desert;4
502;113;112;1;land;false;desert;4
503;163;117;1;land;false;desert;4
504;132;81;1;land;false;desert;4
505;122;48;1;land;false;desert;4
506;117;41;1;land;false;desert;4
507;149;63;1;land;false;desert;4
508;140;42;1;land;false;desert;4
509;120;42;1;land;false;desert;4
510;175;94;1;land;false;desert;4
511;147;110;1;land;false;desert;4
512;131;51;1;land;false;desert;4
513;168;102;1;land;false;desert;4
514;163;98;1;land;false;desert;4
515;169;56;1;land;false;desert;4
516;118;92;1;land;false;desert;4
517;152;96;1;land;false;desert;4
518;118;83;1;land;false;desert;4
519;121;85;1;land;false;desert;4
520;108;44;1;land;false;desert;4
521;156;110;1;land;false;desert;4
522;174;110;1;land;false;desert;4
523;105;116;1;land;false;desert;4
524;156;48;1;land;false;desert;4
525;170;104;1;land;false;desert;4
526;155;111;1;land;false;desert;4
527;140;107;1;land;false;desert;4
528;167;117;1;land;false;desert;4
529;151;71;1;land;false;desert;4
530;172;118;1;land;false;desert;4
531;119;42;1;land;false;desert;4
532;134;75;1;land;false;desert;4
533;141;107;1;land;false;desert;4
534;103;105;1;land;false;desert;4
535;166;43;1;land;false;desert;4
536;154;57;1;land;false;desert;4
537;102;55;1;land;false;desert;4
538;151;57;1;land;false;desert;4
539;136;96;1;land;false;desert;4
540;133;107;1;land;false;desert;4
541;151;93;1;land;false;desert;4
542;126;51;1;land;false;desert;4
543;108;102;1;land;false;desert;4
544;104;87;1;land;false;desert;4
545;161;109;1;land;false;desert;4
546;144;118;1;land;false;desert;4
547;175;89;1;land;false;desert;4
548;116;83;1;land;false;desert;4
549;126;105;1;land;false;desert;4
550;121;96;1;land;false;desert;4
551;102;49;1;land;false;desert;4
552;169;91;1;land;false;desert;4
553;126;103;1;land;false;desert;4
554;128;64;1;land;false;desert;4
555;171;93;1;land;false;desert;4
556;152;94;1;land;false;desert;4
557;163;101;1;land;false;desert;4
558;116;59;1;land;false;desert;4
559;168;62;1;land;false;desert;4
560;165;89;1;land;false;desert;4
561;149;81;1;land;false;desert;4
562;156;76;1;land;false;desert;4
563;172;74;1;land;false;desert;4
564;124;83;1;land;false;desert;4
565;161;65;1;land;false;desert;4
566;140;116;1;land;false;desert;4
567;152;98;1;land;false;desert;4
568;85;16;1;land;false;plains;4
569;232;153;1;land;false;forest;4
570;249;81;1;land;false;forest;4
571;231;90;1;land;false;forest;4
572;230;90;1;land;false;forest;4
573;125;245;1;land;false;plains;4
574;102;237;1;land;true;plains;4
575;120;245;1;land;false;plains;4
576;131;242;1;land;true;plains;4
577;83;222;1;land;false;plains;4
578;79;201;1;land;false;plains;4
579;104;222;1;land;false;plains;4
580;102;242;1;land;false;plains;4
581;76;216;1;land;false;plains;4
582;87;205;1;land;false;plains;4
583;124;226;1;land;false;plains;4
584;92;228;1;land;false;plains;4
585;94;209;1;land;false;plains;4
586;103;201;1;land;true;plains;4
587;136;236;1;land;true;plains;4
588;102;202;1;land;true;plains;4
589;121;219;1;land;false;plains;4
590;94;236;1;land;false;plains;4
591;117;246;1;land;false;plains;4
592;133;233;1;land;false;plains;4
593;111;242;1;land;false;plains;4
594;107;236;1;land;false;plains;4
595;67;245;1;land;false;plains;4
596;117;252;1;land;false;plains;4
597;76;223;1;land;false;plains;4
598;66;227;1;land;false;plains;4
599;138;231;1;land;false;plains;4
600;134;207;1;land;false;plains;4
601;65;252;1;land;true;plains;4
602;79;225;1;land;false;plains;4
603;118;235;1;land;false;plains;4
604;108;221;1;land;false;plains;4
605;125;227;1;land;false;plains;4
606;132;203;1;land;false;plains;4
607;106;252;1;land;false;plains;4
608;66;214;1;land;false;plains;4
609;125;201;1;land;true;plains;4
610;109;228;1;land;false;plains;4
611;85;220;1;land;false;plains;4
612;142;242;1;land;false;plains;4
613;137;234;1;land;false;plains;4
614;113;241;1;land;false;plains;4
615;117;217;1;land;false;plains;4
616;67;222;1;land;false;plains;4
617;93;238;1;land;false;plains;4
618;128;225;1;land;false;plains;4
619;124;205;1;land;true;plains;4
620;150;231;1;land;false;desert;4
621;168;240;1;land;false;hills;4
622;153;239;1;land;false;plains;4
623;132;243;1;land;false;plains;4
624;167;223;1;land;false;desert;4
625;110;249;1;land;false;hills;4
626;143;231;1;land;false;hills;4
627;106;231;1;land;false;hills;4
628;173;221;1;land;false;plains;4
629;107;243;1;land;false;desert;4
630;141;221;1;land;false;hills;4
631;45;176;1;land;false;plains;4
632;47;123;1;land;true;plains;4
633;51;149;1;land;false;plains;4
634;29;157;1;land;false;plains;4
635;96;119;1;land;false;plains;4
636;99;120;1;land;true;plains;4
637;67;133;1;land;false;hills;4
638;72;104;1;land;true;plains;4
639;94;128;1;land;false;plains;4
640;79;118;1;land;false;hills;4
641;213;113;1;land;true;forest;4
642;236;114;1;land;false;desert;4
643;244;92;1;land;true;forest;4
644;221;132;1;land;false;plains;4
645;203;108;1;land;false;plains;4
646;218;80;1;land;true;forest;4
647;246;86;1;land;true;forest;4
648;224;129;1;land;false;desert;4
649;97;73;1;land;true;plains;4
650;147;107;1;land;true;plains;4
651;137;91;1;land;true;forest;4
652;171;65;1;land;false;plains;4
653;186;115;1;land;true;plains;4
654;178;141;1;land;false;plains;4
655;215;87;1;land;true;plains;4
656;222;90;1;land;false;plains;4
657;227;66;1;land;false;plains;4
658;229;141;1;land;true;plains;4
659;210;142;1;land;false;forest;4
660;243;131;1;land;false;forest;4
661;250;122;1;land;false;forest;4
662;144;72;1;land;false;plains;4
663;90;115;1;land;false;plains;4
664;94;115;1;land;false;plains;4
665;124;115;1;land;false;plains;4
666;105;107;1;land;false;plains;4
667;154;74;1;land;false;plains;4
668;114;56;1;land;false;plains;4
669;164;50;1;land;false;plains;4
670;155;89;1;land;false;plains;4
671;131;100;1;land;false;plains;4
672;156;103;1;land;false;plains;4
673;100;109;1;land;false;plains;4
674;137;112;1;land;false;plains;4
675;121;107;1;land;false;plains;4
676;152;54;1;land;false;plains;4
677;157;85;1;land;false;plains;4
678;129;85;1;land;false;plains;4
679;93;53;1;land;false;plains;4
680;154;42;1;land;false;plains;4
681;164;74;1;land;false;plains;4
682;105;37;1;land;false;plains;4
683;97;96;1;land;false;plains;4
684;147;72;1;land;false;plains;4
685;127;107;1;land;false;plains;4
686;135;61;1;land;false;plains;4
687;112;108;1;land;false;plains;4
688;111;83;1;land;false;plains;4
689;150;81;1;land;false;plains;4
690;119;57;1;land;false;plains;4
691;117;70;1;land;false;plains;4
692;143;107;1;land;false;plains;4
693;85;70;1;land;false;plains;4
694;96;54;1;land;false;plains;4
695;141;94;1;land;false;plains;4
696;134;72;1;land;false;plains;4
697;116;106;1;land;false;plains;4
698;142;38;1;land;false;plains;4
699;142;85;1;land;false;plains;4
700;90;48;1;land;false;plains;4
701;103;80;1;land;false;plains;4
702;164;63;1;land;false;plains;4
703;87;112;1;land;false;plains;4
704;156;88;1;land;false;plains;4
705;94;185;1;land;false;plains;4
706;53;191;1;land;false;plains;4
707;93;226;1;land;false;plains;4
708;20;251;1;land;false;plains;4
709;78;249;1;land;false;plains;4
710;63;194;1;land;false;plains;4
711;23;220;1;land;false;plains;4
712;143;124;1;land;false;plains;4
713;159;61;1;land;true;plains;4
714;199;81;1;land;false;plains;4
715;181;94;1;land;true;plains;4
716;185;82;1;land;false;plains;4
717;185;189;1;land;false;mountain;4
718;226;204;1;land;false;forest;4
719;220;174;1;land;false;hills;4
720;168;207;1;land;false;hills;4
721;195;149;1;land;false;forest;4
722;192;182;1;land;false;forest;4
723;158;169;1;land;false;plains;4
724;187;185;1;land;false;hills;4
725;47;63;1;land;false;plains;4
726;25;64;1;land;false;plains;4
727;60;58;1;land;true;plains;4
728;31;12;1;land;false;plains;4
729;8;49;1;land;false;plains;4
730;23;12;1;land;true;plains;4
731;11;20;1;land;true;plains;4
732;47;13;1;land;false;plains;4
733;95;163;1;land;false;forest;4
734;116;175;1;land;false;forest;4
735;103;148;1;land;true;forest;4
736;123;139;1;land;true;forest;4
737;11;40;1;land;false;plains;4
738;22;15;1;land;false;hills;4
739;5;29;1;land;false;plains;4
740;48;2;1;land;false;hills;4
741;9;5;1;land;false;hills;4
742;22;53;1;land;false;hills;4
743;50;74;1;land;false;hills;4
744;8;47;1;land;false;hills;4
745;32;45;1;land;false;plains;4
746;32;20;1;land;false;hills;4
747;27;50;1;land;false;hills;4
748;31;72;1;land;false;hills;4
749;34;66;1;land;false;hills;4
750;46;14;1;land;false;plains;4
751;6;69;1;land;false;hills;4
752;0;37;1;land;false;hills;4
753;29;58;1;land;false;plains;4
754;147;195;1;land;true;plains;4
755;87;122;1;land;false;plains;4
756;113;184;1;land;true;plains;4
757;155;165;1;land;false;plains;4
758;122;194;1;land;false;hills;4
759;151;173;1;land;false;hills;4
760;160;131;1;land;false;plains;4
761;94;164;1;land;true;plains;4
762;109;195;1;land;false;plains;4
763;82;155;1;land;false;plains;4
764;139;174;1;land;true;plains;4
765;100;116;1;land;false;plains;4
766;161;190;1;land;true;plains;4
767;155;177;1;land;false;plains;4
768;121;128;1;land;false;plains;4
769;146;139;1;land;true;plains;4
770;158;150;1;land;true;plains;4
771;115;195;1;land;true;plains;4
772;122;147;1;land;true;plains;4
773;102;165;1;land;false;plains;4
774;82;144;1;land;false;plains;4
775;93;159;1;land;true;plains;4
776;128;177;1;land;false;plains;4
777;105;135;1;land;true;plains;4
778;99;136;1;land;true;plains;4
779;95;147;1;land;true;plains;4
780;102;192;1;land;true;plains;4
781;105;125;1;land;true;plains;4
782;153;176;1;land;false;plains;4
783;119;146;1;land;false;hills;4
784;94;172;1;land;true;plains;4
785;100;132;1;land;true;plains;4
786;145;154;1;land;false;plains;4
787;156;129;1;land;true;plains;4
788;125;152;1;land;true;plains;4
789;146;134;1;land;false;plains;4
790;106;176;1;land;false;plains;4
791;143;136;1;land;true;plains;4
792;145;146;1;land;false;plains;4
793;126;123;1;land;false;plains;4
794;158;136;1;land;false;plains;4
795;119;136;1;land;false;plains;4
796;106;157;1;land;false;hills;4
797;148;122;1;land;false;plains;4
798;134;173;1;land;false;plains;4
799;101;117;1;land;false;plains;4
800;124;164;1;land;false;plains;4
801;239;138;1;land;true;desert;4
802;247;132;1;land;false;desert;4
803;215;97;1;land;false;hills;4
804;250;90;1;land;true;desert;4
805;221;116;1;land;false;desert;4
806;235;120;1;land;false;desert;4
807;241;79;1;land;false;desert;4
808;253;88;1;land;false;desert;4
809;244;120;1;land;true;desert;4
810;228;135;1;land;false;hills;4
811;240;93;1;land;false;desert;4
812;248;137;1;land;false;desert;4
813;225;119;1;land;false;desert;4
814;229;124;1;land;false;desert;4
815;241;113;1;land;false;desert;4
816;233;87;1;land;false;desert;4
817;218;151;1;land;false;desert;4
818;250;93;1;land;false;hills;4
819;219;137;1;land;false;desert;4
820;215;141;1;land;false;desert;4
821;232;86;1;land;false;desert;4
822;218;141;1;land;false;desert;4
823;245;133;1;land;true;desert;4
824;248;135;1;land;false;hills;4
825;233;101;1;land;false;desert;4
826;248;128;1;land;false;desert;4
827;226;143;1;land;false;desert;4
828;252;102;1;land;false;desert;4
829;235;76;1;land;false;desert;4
830;234;86;1;land;true;desert;4
831;224;77;1;land;false;desert;4
832;216;86;1;land;false;desert;4
833;227;135;1;land;false;desert;4
834;244;131;1;land;false;desert;4
835;222;83;1;land;false;desert;4
836;251;136;1;land;false;desert;4
837;250;100;1;land;false;hills;4
838;222;146;1;land;false;hills;4
839;244;142;1;land;false;desert;4
840;215;102;1;land;false;desert;4
841;231;151;1;land;false;desert;4
842;224;153;1;land;false;desert;4
843;243;120;1;land;false;desert;4
844;229;149;1;land;false;desert;4
845;235;116;1;land;false;desert;4
846;238;148;1;land;false;desert;4
847;253;85;1;land;false;desert;4
848;215;128;1;land;false;desert;4
849;251;144;1;land;false;hills;4
850;237;100;1;land;false;desert;4
851;240;150;1;land;false;desert;4
852;248;90;1;land;false;desert;4
853;233;76;1;land;false;hills;4
854;244;101;1;land;false;desert;4
855;242;124;1;land;false;desert;4
856;226;145;1;land;false;desert;4
857;219;81;1;land;false;desert;4
858;238;91;1;land;false;desert;4
859;233;109;1;land;false;desert;4
860;230;151;1;land;false;desert;4
861;249;110;1;land;false;desert;4
862;250;75;1;land;false;desert;4
863;253;97;1;land;false;desert;4
864;222;127;1;land;false;desert;4
865;217;141;1;land;false;desert;4
866;215;123;1;land;false;desert;4
867;225;132;1;land;false;desert;4
868;247;108;1;land;false;desert;4
869;231;91;1;land;true;desert;4
870;244;144;1;land;false;desert;4
871;217;108;1;land;false;desert;4
872;230;120;1;land;false;desert;4
873;230;141;1;land;false;desert;4
874;251;76;1;land;false;desert;4
875;245;127;1;land;false;desert;4
876;242;147;1;land;false;desert;4
877;222;138;1;land;false;desert;4
878;221;111;1;land;false;desert;4
879;235;146;1;land;false;desert;4
880;239;132;1;land;false;desert;4
881;236;106;1;land;false;desert;4
882;217;129;1;land;false;desert;4
883;225;143;1;land;false;desert;4
884;226;86;1;land;false;desert;4
885;245;106;1;land;false;mountain;4
886;230;81;1;land;false;desert;4
887;225;85;1;land;false;desert;4
888;240;94;1;land;false;desert;4
889;224;111;1;land;false;desert;4
890;252;103;1;land;false;desert;4
891;238;89;1;land;false;desert;4
892;225;139;1;land;false;desert;4
893;229;111;1;land;true;desert;4
894;216;125;1;land;false;plains;4
895;240;78;1;land;false;desert;4
896;252;82;1;land;true;desert;4
897;253;77;1;land;true;desert;4
898;242;74;1;land;true;desert;4
899;226;120;1;land;false;hills;4
900;218;88;1;land;false;desert;4
901;223;126;1;land;false;desert;4
902;228;96;1;land;true;desert;4
903;223;139;1;land;false;desert;4
904;244;118;1;land;false;desert;4
905;227;110;1;land;false;desert;4
906;235;122;1;land;false;desert;4
907;252;115;1;land;true;desert;4
908;249;80;1;land;false;desert;4
909;244;77;1;land;false;desert;4
910;221;109;1;land;true;desert;4
911;224;87;1;land;false;hills;4
912;227;109;1;land;false;desert;4
913;219;141;1;land;false;desert;4
914;223;100;1;land;false;plains;4
915;235;125;1;land;false;desert;4
916;229;135;1;land;false;desert;4
917;252;150;1;land;false;desert;4
918;239;139;1;land;false;desert;4
919;245;113;1;land;false;desert;4
920;219;101;1;land;false;desert;4
921;246;111;1;land;false;desert;4
922;250;142;1;land;false;desert;4
923;248;118;1;land;false;desert;4
924;244;133;1;land;true;desert;4
925;251;117;1;land;false;desert;4
926;220;83;1;land;false;desert;4
927;223;142;1;land;false;desert;4
928;231;76;1;land;false;desert;4
929;226;109;1;land;true;desert;4
930;235;141;1;land;false;desert;4
931;241;118;1;land;true;desert;4
932;226;106;1;land;false;desert;4
933;228;78;1;land;false;desert;4
934;221;127;1;land;false;desert;4
935;227;148;1;land;false;desert;4
936;245;119;1;land;false;desert;4
937;247;117;1;land;false;desert;4
938;222;135;1;land;false;desert;4
939;251;142;1;land;true;desert;4
940;252;90;1;land;false;desert;4
941;238;127;1;land;false;desert;4
942;236;145;1;land;false;hills;4
943;238;94;1;land;false;desert;4
944;236;76;1;land;false;hills;4
945;220;102;1;land;false;desert;4
946;247;129;1;land;false;desert;4
947;235;79;1;land;false;desert;4
948;230;126;1;land;false;desert;4
949;246;138;1;land;false;desert;4
950;248;114;1;land;true;desert;4
951;243;133;1;land;true;desert;4
952;223;91;1;land;false;plains;4
953;222;121;1;land;false;hills;4
954;250;79;1;land;false;desert;4
955;227;115;1;land;false;desert;4
956;233;106;1;land;false;desert;4
957;245;114;1;land;false;hills;4
958;234;116;1;land;false;desert;4
959;244;122;1;land;false;desert;4
960;219;143;1;land;true;desert;4
961;251;139;1;land;false;desert;4
962;242;138;1;land;false;desert;4
963;221;102;1;land;false;desert;4
964;237;149;1;land;false;desert;4
965;228;75;1;land;false;desert;4
966;238;77;1;land;false;desert;4
967;222;99;1;land;true;desert;4
968;226;91;1;land;false;desert;4
969;253;103;1;land;true;desert;4
970;254;110;1;land;false;desert;4
971;219;105;1;land;false;desert;4
972;228;123;1;land;false;desert;4
973;251;80;1;land;false;desert;4
974;232;98;1;land;false;desert;4
975;221;145;1;land;false;desert;4
976;250;97;1;land;false;desert;4
977;223;97;1;land;false;desert;4
978;221;85;1;land;false;desert;4
979;247;105;1;land;false;desert;4
980;239;107;1;land;false;desert;4
981;238;98;1;land;false;desert;4
982;234;124;1;land;false;desert;4
983;216;92;1;land;false;hills;4
984;233;108;1;land;true;desert;4
985;240;86;1;land;false;desert;4
986;220;147;1;land;false;desert;4
987;242;131;1;land;false;desert;4
988;254;120;1;land;false;desert;4
989;218;110;1;land;false;desert;4
990;239;116;1;land;false;desert;4
991;227;140;1;land;false;hills;4
992;220;128;1;land;false;desert;4
993;242;96;1;land;false;desert;4
994;254;107;1;land;false;desert;4
995;237;98;1;land;false;desert;4
996;227;78;1;land;false;desert;4
997;239;125;1;land;false;desert;4
998;222;134;1;land;false;desert;4
999;228;88;1;land;false;desert;4
1000;253;86;1;land;false;desert;4
1001;234;93;1;land;false;desert;4
1002;77;108;1;land;false;plains;4
1003;54;158;1;land;false;hills;4
1004;11;130;1;land;false;plains;4
1005;32;160;1;land;false;plains;4
1006;7;160;1;land;false;plains;4
1007;8;101;1;land;false;plains;4
1008;62;127;1;land;false;plains;4
1009;65;123;1;land;false;plains;4
1010;23;130;1;land;false;plains;4
1011;45;132;1;land;false;plains;4
1012;56;106;1;land;false;plains;4
1013;53;112;1;land;false;plains;4
1014;28;119;1;land;false;plains;4
1015;77;143;1;land;false;plains;4
1016;38;147;1;land;false;plains;4
1017;9;100;1;land;false;hills;4
1018;48;111;1;land;false;plains;4
1019;35;135;1;land;false;plains;4
1020;70;127;1;land;false;plains;4
1021;23;93;1;land;false;plains;4
1022;30;138;1;land;false;plains;4
1023;24;91;1;land;false;plains;4
1024;68;89;1;land;false;plains;4
1025;54;155;1;land;false;plains;4
1026;73;164;1;land;false;plains;4
1027;2;151;1;land;false;hills;4
1028;39;162;1;land;false;plains;4
1029;10;154;1;land;false;plains;4
1030;54;91;1;land;false;hills;4
1031;31;146;1;land;false;plains;4
1032;74;156;1;land;false;plains;4
1033;79;117;1;land;false;hills;4
1034;27;143;1;land;false;plains;4
1035;41;128;1;land;false;hills;4
1036;52;123;1;land;false;plains;4
1037;68;148;1;land;false;plains;4
1038;40;99;1;land;false;plains;4
1039;5;109;1;land;false;plains;4
1040;50;123;1;land;false;plains;4
1041;48;89;1;land;false;plains;4
1042;69;92;1;land;false;hills;4
1043;28;122;1;land;false;plains;4
1044;78;157;1;land;false;plains;4
1045;25;119;1;land;false;hills;4
1046;76;143;1;land;false;plains;4
1047;68;141;1;land;false;hills;4
1048;29;128;1;land;false;plains;4
1049;34;93;1;land;false;plains;4
1050;38;126;1;land;false;plains;4
1051;2;113;1;land;false;hills;4
1052;38;99;1;land;false;plains;4
1053;47;143;1;land;false;plains;4
1054;36;153;1;land;false;plains;4
1055;30;105;1;land;false;plains;4
1056;59;157;1;land;false;plains;4
1057;31;166;1;land;false;hills;4
1058;69;143;1;land;false;plains;4
1059;45;142;1;land;false;plains;4
1060;40;154;1;land;false;plains;4
1061;30;106;1;land;false;plains;4
1062;9;137;1;land;false;plains;4
1063;71;105;1;land;false;plains;4
1064;78;97;1;land;false;hills;4
1065;4;149;1;land;false;plains;4
1066;42;89;1;land;false;plains;4
1067;50;98;1;land;false;plains;4
1068;73;145;1;land;false;plains;4
1069;66;126;1;land;false;plains;4
1070;54;130;1;land;false;plains;4
1071;24;151;1;land;false;plains;4
1072;74;104;1;land;false;hills;4
1073;18;120;1;land;false;hills;4
1074;32;112;1;land;false;plains;4
1075;64;158;1;land;false;plains;4
1076;25;103;1;land;false;plains;4
1077;12;105;1;land;false;plains;4
1078;19;126;1;land;false;plains;4
1079;37;136;1;land;false;plains;4
1080;52;125;1;land;false;plains;4
1081;36;109;1;land;false;plains;4
1082;35;112;1;land;false;plains;4
1083;2;152;1;land;false;plains;4
1084;12;109;1;land;false;plains;4
1085;60;136;1;land;false;plains;4
1086;55;88;1;land;false;plains;4
1087;4;167;1;land;false;plains;4
1088;29;125;1;land;false;plains;4
1089;58;127;1;land;false;plains;4
1090;76;105;1;land;false;plains;4
1091;8;159;1;land;false;plains;4
1092;39;141;1;land;false;plains;4
1093;63;135;1;land;false;hills;4
1094;60;135;1;land;false;hills;4
1095;49;100;1;land;false;hills;4
1096;0;141;1;land;false;hills;4
1097;31;113;1;land;false;plains;4
1098;30;129;1;land;false;plains;4
1099;39;147;1;land;false;plains;4
1100;61;146;1;land;false;plains;4
1101;47;167;1;land;false;plains;4
1102;65;90;1;land;false;plains;4
1103;50;104;1;land;false;plains;4
1104;0;109;1;land;false;plains;4
1105;70;164;1;land;false;plains;4
1106;47;112;1;land;false;plains;4
1107;64;98;1;land;false;hills;4
1108;54;102;1;land;false;plains;4
1109;24;99;1;land;false;plains;4
1110;24;138;1;land;false;plains;4
1111;37;145;1;land;false;plains;4
1112;39;144;1;land;false;plains;4
1113;3;159;1;land;false;plains;4
1114;8;116;1;land;false;plains;4
1115;66;153;1;land;false;plains;4
1116;10;93;1;land;false;plains;4
1117;22;112;1;land;false;plains;4
1118;35;90;1;land;false;plains;4
1119;29;114;1;land;false;hills;4
1120;34;155;1;land;false;plains;4
1121;35;141;1;land;false;hills;4
1122;11;141;1;land;false;plains;4
1123;78;123;1;land;false;plains;4
1124;60;165;1;land;false;plains;4
1125;58;126;1;land;false;plains;4
1126;31;161;1;land;false;plains;4
1127;6;144;1;land;false;plains;4
1128;21;156;1;land;false;hills;4
1129;7;100;1;land;false;hills;4
1130;1;135;1;land;false;plains;4
1131;40;147;1;land;false;hills;4
1132;6;104;1;land;false;plains;4
1133;2;135;1;land;false;plains;4
1134;29;111;1;land;false;plains;4
1135;62;165;1;land;false;hills;4
1136;79;212;1;land;true;plains;4
1137;96;252;1;land;true;plains;4
1138;60;189;1;land;true;plains;4
1139;29;246;1;land;false;plains;4
1140;133;235;1;land;false;plains;4
1141;109;234;1;land;false;hills;4
1142;102;231;1;land;false;hills;4
1143;87;225;1;land;false;plains;4
1144;160;61;1;land;false;plains;4
1145;129;102;1;land;false;hills;4
1146;128;93;1;land;false;hills;4
1147;122;60;1;land;false;hills;4
1148;96;67;1;land;false;jungle;4
1149;127;53;1;land;false;plains;4
1150;169;95;1;land;false;mountain;4
1151;127;58;1;land;false;hills;4
1152;116;57;1;land;false;jungle;4
1153;157;54;1;land;false;plains;4
1154;133;112;1;land;false;plains;4
1155;162;47;1;land;false;hills;4
1156;23;108;1;land;false;forest;4
1157;26;149;1;land;false;forest;4
1158;13;90;1;land;false;forest;4
1159;6;155;1;land;false;forest;4
1160;30;118;1;land;false;forest;4
1161;29;122;1;land;false;forest;4
1162;5;138;1;land;false;plains;4
1163;60;248;1;land;false;desert;4
1164;47;200;1;land;false;desert;4
1165;59;234;1;land;false;desert;4
1166;25;186;1;land;false;desert;4
1167;57;175;1;land;false;desert;4
1168;17;230;1;land;false;desert;4
1169;43;213;1;land;false;desert;4
1170;20;182;1;land;false;desert;4
1171;30;249;1;land;false;desert;4
1172;32;192;1;land;false;desert;4
1173;61;220;1;land;false;desert;4
1174;60;196;1;land;false;desert;4
1175;23;174;1;land;false;desert;4
1176;6;228;1;land;false;desert;4
1177;6;171;1;land;false;desert;4
1178;16;227;1;land;false;hills;4
1179;30;230;1;land;true;desert;4
1180;21;197;1;land;false;desert;4
1181;41;204;1;land;false;desert;4
1182;31;222;1;land;false;desert;4
1183;7;209;1;land;false;desert;4
1184;18;215;1;land;false;desert;4
1185;55;188;1;land;false;desert;4
1186;63;185;1;land;false;desert;4
1187;34;213;1;land;false;desert;4
1188;8;223;1;land;false;desert;4
1189;62;247;1;land;false;hills;4
1190;67;242;1;land;false;desert;4
1191;58;174;1;land;false;hills;4
1192;0;208;1;land;false;desert;4
1193;63;179;1;land;false;hills;4
1194;16;223;1;land;false;desert;4
1195;37;206;1;land;false;desert;4
1196;26;204;1;land;false;desert;4
1197;35;187;1;land;false;desert;4
1198;7;199;1;land;false;desert;4
1199;66;246;1;land;false;hills;4
1200;15;214;1;land;true;desert;4
1201;51;224;1;land;false;desert;4
1202;19;194;1;land;false;desert;4
1203;42;188;1;land;false;desert;4
1204;46;232;1;land;false;desert;4
1205;2;232;1;land;false;desert;4
1206;48;207;1;land;false;desert;4
1207;20;174;1;land;false;desert;4
1208;17;236;1;land;false;desert;4
1209;37;192;1;land;true;desert;4
1210;38;202;1;land;false;desert;4
1211;37;213;1;land;false;desert;4
1212;1;206;1;land;false;plains;4
1213;13;229;1;land;false;desert;4
1214;55;199;1;land;false;desert;4
1215;1;238;1;land;false;desert;4
1216;2;204;1;land;false;desert;4
1217;2;226;1;land;false;desert;4
1218;125;73;1;land;false;forest;4
1219;136;85;1;land;false;forest;4
1220;135;31;1;land;false;hills;4
1221;63;97;1;land;false;forest;4
1222;65;79;1;land;false;forest;4
1223;92;56;1;land;false;forest;4
1224;131;66;1;land;false;forest;4
1225;71;25;1;land;false;hills;4
1226;114;79;1;land;false;forest;4
1227;99;76;1;land;true;forest;4
1228;91;18;1;land;true;forest;4
1229;45;37;1;land;true;forest;4
1230;48;39;1;land;true;forest;4
1231;109;64;1;land;false;forest;4
1232;71;24;1;land;false;forest;4
1233;116;93;1;land;false;jungle;4
1234;73;56;1;land;true;forest;4
1235;91;73;1;land;true;forest;4
1236;54;69;1;land;false;forest;4
1237;80;19;1;land;false;forest;4
1238;75;28;1;land;false;jungle;4
1239;98;32;1;land;false;forest;4
1240;85;50;1;land;true;forest;4
1241;85;73;1;land;true;forest;4
1242;101;81;1;land;false;forest;4
1243;54;72;1;land;false;forest;4
1244;76;84;1;land;false;forest;4
1245;99;54;1;land;true;forest;4
1246;80;33;1;land;true;forest;4
1247;124;38;1;land;false;jungle;4
1248;105;78;1;land;true;forest;4
1249;99;52;1;land;false;forest;4
1250;112;51;1;land;false;forest;4
1251;56;85;1;land;false;jungle;4
1252;122;84;1;land;false;forest;4
1253;78;36;1;land;false;jungle;4
1254;92;69;1;land;false;forest;4
1255;110;39;1;land;true;forest;4
1256;166;151;1;land;true;plains;4
1257;188;189;1;land;false;plains;4
1258;167;146;1;land;false;plains;4
1259;197;214;1;land;false;plains;4
1260;171;150;1;land;false;plains;4
1261;171;176;1;land;false;plains;4
1262;166;214;1;land;false;plains;4
1263;202;183;1;land;false;plains;4
1264;158;155;1;land;false;plains;4
1265;164;177;1;land;false;plains;4
1266;185;206;1;land;false;plains;4
1267;158;159;1;land;false;plains;4
1268;170;173;1;land;false;plains;4
1269;202;176;1;land;true;plains;4
1270;192;187;1;land;true;plains;4
1271;177;186;1;land;false;plains;4
1272;200;160;1;land;false;plains;4
1273;175;203;1;land;false;plains;4
1274;166;199;1;land;false;plains;4
1275;229;190;1;land;false;plains;4
1276;204;169;1;land;false;plains;4
1277;159;192;1;land;false;plains;4
1278;224;204;1;land;false;plains;4
1279;179;183;1;land;false;plains;4
1280;164;158;1;land;false;plains;4
1281;192;163;1;land;false;plains;4
1282;209;167;1;land;false;plains;4
1283;182;146;1;land;false;plains;4
1284;186;151;1;land;false;plains;4
1285;169;173;1;land;false;plains;4
1286;169;149;1;land;false;plains;4
1287;218;142;1;land;true;plains;4
1288;204;142;1;land;false;plains;4
1289;203;161;1;land;false;plains;4
1290;227;173;1;land;false;plains;4
1291;152;188;1;land;false;plains;4
1292;179;153;1;land;false;plains;4
1293;209;148;1;land;false;plains;4
1294;168;205;1;land;false;plains;4
1295;186;181;1;land;false;plains;4
1296;153;191;1;land;true;plains;4
1297;157;216;1;land;false;plains;4
1298;169;205;1;land;false;plains;4
1299;204;207;1;land;false;plains;4
1300;207;189;1;land;false;plains;4
1301;199;186;1;land;false;plains;4
1302;184;151;1;land;false;plains;4
1303;222;144;1;land;false;plains;4
1304;161;160;1;land;false;plains;4
1305;214;207;1;land;false;plains;4
1306;225;206;1;land;false;plains;4
1307;159;197;1;land;false;plains;4
1308;201;209;1;land;false;plains;4
1309;162;138;1;land;false;plains;4
1310;162;209;1;land;false;plains;4
1311;207;177;1;land;true;plains;4
1312;208;190;1;land;false;plains;4
1313;184;173;1;land;false;plains;4
1314;198;212;1;land;true;plains;4
1315;176;153;1;land;false;plains;4
1316;180;181;1;land;false;plains;4
1317;223;160;1;land;true;plains;4
1318;228;157;1;land;false;plains;4
1319;226;151;1;land;false;plains;4
1320;213;197;1;land;false;plains;4
1321;225;159;1;land;false;plains;4
1322;187;154;1;land;false;plains;4
1323;185;171;1;land;false;plains;4
1324;223;177;1;land;false;plains;4
1325;184;148;1;land;false;plains;4
1326;176;165;1;land;false;plains;4
1327;227;202;1;land;true;plains;4
1328;172;178;1;land;false;plains;4
1329;219;153;1;land;true;plains;4
1330;230;201;1;land;false;plains;4
1331;166;207;1;land;false;plains;4
1332;212;214;1;land;false;plains;4
1333;206;190;1;land;false;plains;4
1334;155;159;1;land;false;plains;4
1335;168;191;1;land;false;plains;4
1336;213;208;1;land;false;plains;4
1337;181;212;1;land;false;plains;4
1338;158;199;1;land;false;plains;4
1339;195;214;1;land;true;plains;4
1340;153;162;1;land;false;plains;4
1341;158;183;1;land;false;plains;4
1342;227;164;1;land;false;plains;4
1343;161;184;1;land;false;plains;4
1344;159;196;1;land;false;plains;4
1345;188;149;1;land;false;plains;4
1346;198;165;1;land;true;plains;4
1347;194;208;1;land;false;plains;4
1348;155;210;1;land;false;hills;4
1349;195;201;1;land;true;plains;4
1350;214;202;1;land;true;plains;4
1351;198;143;1;land;false;plains;4
1352;213;141;1;land;false;plains;4
1353;207;154;1;land;false;plains;4
1354;216;138;1;land;false;hills;4
1355;166;164;1;land;true;plains;4
1356;178;181;1;land;false;plains;4
1357;214;155;1;land;false;plains;4
1358;209;144;1;land;false;plains;4
1359;177;163;1;land;false;plains;4
1360;179;176;1;land;false;plains;4
1361;166;187;1;land;true;plains;4
1362;196;192;1;land;false;plains;4
1363;190;196;1;land;true;plains;4
1364;181;165;1;land;false;plains;4
1365;153;214;1;land;false;plains;4
1366;162;179;1;land;false;plains;4
1367;170;138;1;land;false;plains;4
1368;163;171;1;land;false;plains;4
1369;192;217;1;land;false;hills;4
1370;192;208;1;land;false;plains;4
1371;195;155;1;land;false;hills;4
1372;199;212;1;land;true;plains;4
1373;176;211;1;land;false;plains;4
1374;203;198;1;land;false;hills;4
1375;162;167;1;land;false;plains;4
1376;219;208;1;land;false;plains;4
1377;189;167;1;land;false;plains;4
1378;222;169;1;land;false;plains;4
1379;170;177;1;land;true;plains;4
1380;218;192;1;land;false;plains;4
1381;157;155;1;land;false;plains;4
1382;160;150;1;land;false;hills;4
1383;180;218;1;land;false;plains;4
1384;204;149;1;land;false;plains;4
1385;154;206;1;land;false;plains;4
1386;190;160;1;land;false;plains;4
1387;160;173;1;land;true;plains;4
1388;200;192;1;land;false;plains;4
1389;182;185;1;land;false;plains;4
1390;229;144;1;land;false;plains;4
1391;176;168;1;land;true;plains;4
1392;220;150;1;land;false;plains;4
1393;166;179;1;land;false;plains;4
1394;225;205;1;land;false;plains;4
1395;209;155;1;land;false;plains;4
1396;223;166;1;land;false;hills;4
1397;230;144;1;land;false;plains;4
1398;219;165;1;land;false;plains;4
1399;207;180;1;land;false;plains;4
1400;208;203;1;land;false;plains;4
1401;223;206;1;land;false;plains;4
1402;192;214;1;land;false;plains;4
1403;229;160;1;land;false;plains;4
1404;199;148;1;land;false;plains;4
1405;156;152;1;land;false;plains;4
1406;231;157;1;land;false;plains;4
1407;197;156;1;land;false;plains;4
1408;213;182;1;land;false;plains;4
1409;228;171;1;land;false;plains;4
1410;223;190;1;land;false;plains;4
1411;214;142;1;land;false;plains;4
1412;229;174;1;land;false;plains;4
1413;202;212;1;land;false;plains;4
1414;199;178;1;land;false;hills;4
1415;160;154;1;land;false;plains;4
1416;174;160;1;land;false;plains;4
1417;180;186;1;land;false;plains;4
1418;216;205;1;land;false;hills;4
1419;156;217;1;land;false;plains;4
1420;224;152;1;land;false;plains;4
1421;214;141;1;land;false;plains;4
1422;196;139;1;land;false;plains;4
1423;231;187;1;land;true;hills;4
1424;174;172;1;land;false;plains;4
1425;153;171;1;land;false;plains;4
1426;203;189;1;land;false;plains;4
1427;157;143;1;land;true;plains;4
1428;185;217;1;land;false;plains;4
1429;179;164;1;land;false;plains;4
1430;218;155;1;land;false;plains;4
1431;187;173;1;land;false;hills;4
1432;220;183;1;land;false;plains;4
1433;208;183;1;land;false;plains;4
1434;216;159;1;land;false;plains;4
1435;187;163;1;land;false;plains;4
1436;190;154;1;land;false;plains;4
1437;172;180;1;land;false;plains;4
1438;185;179;1;land;false;plains;4
1439;197;166;1;land;true;plains;4
1440;179;182;1;land;false;plains;4
1441;178;153;1;land;true;plains;4
1442;197;142;1;land;false;plains;4
1443;181;153;1;land;false;plains;4
1444;214;172;1;land;false;plains;4
1445;220;149;1;land;true;plains;4
1446;167;172;1;land;false;plains;4
1447;180;156;1;land;false;plains;4
1448;168;195;1;land;false;plains;4
1449;184;207;1;land;false;plains;4
1450;181;180;1;land;false;plains;4
1451;161;153;1;land;false;plains;4
1452;167;185;1;land;false;plains;4
1453;188;198;1;land;false;plains;4
1454;178;165;1;land;false;plains;4
1455;231;197;1;land;false;plains;4
1456;167;214;1;land;false;plains;4
1457;186;194;1;land;false;plains;4
1458;175;201;1;land;false;plains;4
1459;221;205;1;land;false;plains;4
1460;159;157;1;land;false;plains;4
1461;205;198;1;land;false;plains;4
1462;176;172;1;land;false;plains;4
1463;209;181;1;land;false;plains;4
1464;187;214;1;land;true;plains;4
1465;156;185;1;land;false;plains;4
1466;226;150;1;land;false;plains;4
1467;153;158;1;land;true;plains;4
1468;228;197;1;land;false;plains;4
1469;212;158;1;land;false;plains;4
1470;160;208;1;land;false;plains;4
1471;175;217;1;land;true;hills;4
1472;187;198;1;land;false;plains;4
1473;164;189;1;land;false;plains;4
1474;228;162;1;land;false;plains;4
1475;192;210;1;land;false;plains;4
1476;212;201;1;land;false;hills;4
1477;215;142;1;land;false;plains;4
1478;201;169;1;land;false;plains;4
1479;231;177;1;land;false;plains;4
1480;231;152;1;land;false;plains;4
1481;193;154;1;land;false;plains;4
1482;154;156;1;land;false;plains;4
1483;156;157;1;land;false;plains;4
1484;187;149;1;land;false;plains;4
1485;188;183;1;land;false;plains;4
1486;154;196;1;land;false;plains;4
1487;152;170;1;land;false;plains;4
1488;187;141;1;land;false;plains;4
1489;178;139;1;land;false;plains;4
1490;214;161;1;land;false;plains;4
1491;221;172;1;land;false;plains;4
1492;218;215;1;land;false;plains;4
1493;164;217;1;land;false;plains;4
1494;171;193;1;land;false;plains;4
1495;161;159;1;land;false;plains;4
1496;223;211;1;land;false;plains;4
1497;153;198;1;land;false;plains;4
1498;230;171;1;land;false;plains;4
1499;196;164;1;land;false;plains;4
1500;173;167;1;land;false;plains;4
1501;210;158;1;land;false;plains;4
1502;209;138;1;land;false;plains;4
1503;153;193;1;land;false;plains;4
1504;222;198;1;land;false;plains;4
1505;158;180;1;land;false;plains;4
1506;156;211;1;land;false;plains;4
1507;211;164;1;land;false;plains;4
1508;201;204;1;land;false;plains;4
1509;228;175;1;land;false;plains;4
1510;189;146;1;land;true;plains;4
1511;202;170;1;land;false;plains;4
1512;217;147;1;land;false;plains;4
1513;209;169;1;land;false;plains;4
1514;152;213;1;land;false;plains;4
1515;197;189;1;land;false;plains;4
1516;224;213;1;land;false;plains;4
1517;154;167;1;land;false;plains;4
1518;189;165;1;land;false;plains;4
1519;207;157;1;land;false;plains;4
1520;185;210;1;land;false;plains;4
1521;178;184;1;land;true;plains;4
1522;173;158;1;land;false;plains;4
1523;152;207;1;land;false;plains;4
1524;170;150;1;land;false;hills;4
1525;166;140;1;land;true;plains;4
1526;182;214;1;land;false;plains;4
1527;200;206;1;land;false;plains;4
1528;192;193;1;land;false;plains;4
1529;210;177;1;land;false;plains;4
1530;204;193;1;land;false;plains;4
1531;230;187;1;land;false;plains;4
1532;210;167;1;land;true;plains;4
1533;193;179;1;land;false;plains;4
1534;220;177;1;land;false;plains;4
1535;228;208;1;land;false;plains;4
1536;153;143;1;land;false;plains;4
1537;197;182;1;land;true;plains;4
1538;177;202;1;land;false;plains;4
1539;179;197;1;land;false;plains;4
1540;211;168;1;land;false;plains;4
1541;204;195;1;land;false;plains;4
1542;166;152;1;land;false;plains;4
1543;165;183;1;land;false;plains;4
1544;207;191;1;land;true;plains;4
1545;187;182;1;land;true;plains;4
1546;203;146;1;land;false;plains;4
1547;155;145;1;land;false;plains;4
1548;185;142;1;land;false;plains;4
1549;223;215;1;land;false;plains;4
1550;200;147;1;land;false;plains;4
1551;231;171;1;land;false;plains;4
1552;171;212;1;land;false;plains;4
1553;210;188;1;land;false;plains;4
1554;215;206;1;land;false;plains;4
1555;202;188;1;land;true;plains;4
1556;212;169;1;land;false;plains;4
1557;229;186;1;land;false;plains;4
1558;183;145;1;land;false;plains;4
1559;214;179;1;land;false;plains;4
1560;172;175;1;land;false;plains;4
1561;227;156;1;land;false;plains;4
1562;223;153;1;land;false;plains;4
1563;166;146;1;land;false;plains;4
1564;215;189;1;land;false;plains;4
1565;160;161;1;land;false;plains;4
1566;132;127;1;land;false;plains;4
1567;114;183;1;land;false;plains;4
1568;81;177;1;land;false;hills;4
1569;144;119;1;land;false;forest;4
1570;129;167;1;land;false;hills;4
1571;148;157;1;land;false;forest;4
1572;112;134;1;land;false;forest;4
1573;116;121;1;land;false;forest;4
1574;112;158;1;land;false;forest;4
1575;141;157;1;land;false;plains;4
1576;144;158;1;land;false;forest;4
1577;134;180;1;land;false;hills;4
1578;189;5;1;land;false;desert;4
1579;156;24;1;land;false;hills;4
1580;147;23;1;land;false;desert;4
1581;171;23;1;land;false;desert;4
1582;208;16;1;land;false;plains;4
1583;163;39;1;land;false;desert;4
1584;42;99;1;land;false;plains;4
1585;93;169;1;land;false;plains;4
1586;74;149;1;land;false;plains;4
1587;209;190;1;land;true;forest;4
1588;161;195;1;land;true;forest;4
1589;224;185;1;land;true;forest;4
1590;211;167;1;land;true;forest;4
1591;186;165;1;land;true;forest;4
1592;100;164;1;land;true;plains;4
1593;152;131;1;land;false;plains;4
1594;89;181;1;land;true;plains;4
1595;103;133;1;land;false;plains;4
1596;132;160;1;land;false;plains;4
1597;112;133;1;land;false;plains;4
1598;90;158;1;land;true;plains;4
1599;86;151;1;land;false;plains;4
1600;89;144;1;land;false;plains;4
1601;153;119;1;land;false;plains;4
1602;154;175;1;land;false;plains;4
1603;92;164;1;land;false;plains;4
1604;135;162;1;land;false;plains;4
1605;145;140;1;land;false;plains;4
1606;138;183;1;land;false;plains;4
1607;88;138;1;land;false;plains;4
1608;81;171;1;land;false;plains;4
1609;130;115;1;land;false;plains;4
1610;126;183;1;land;true;plains;4
1611;125;138;1;land;false;plains;4
1612;121;141;1;land;false;plains;4
1613;141;185;1;land;false;plains;4
1614;116;172;1;land;false;plains;4
1615;81;115;1;land;false;plains;4
1616;123;151;1;land;false;plains;4
1617;149;178;1;land;false;plains;4
1618;95;119;1;land;true;plains;4
1619;121;170;1;land;false;plains;4
1620;94;136;1;land;false;plains;4
1621;80;129;1;land;false;plains;4
1622;136;115;1;land;false;plains;4
1623;120;166;1;land;false;plains;4
1624;92;156;1;land;true;plains;4
1625;135;137;1;land;true;plains;4
1626;130;182;1;land;false;plains;4
1627;129;178;1;land;false;plains;4
1628;142;189;1;land;false;plains;4
1629;144;191;1;land;false;plains;4
1630;133;168;1;land;true;plains;4
1631;139;163;1;land;false;plains;4
1632;111;146;1;land;true;plains;4
1633;85;121;1;land;false;plains;4
1634;151;148;1;land;false;plains;4
1635;121;157;1;land;false;plains;4
1636;144;182;1;land;true;plains;4
1637;137;155;1;land;false;plains;4
1638;140;113;1;land;true;plains;4
1639;124;127;1;land;false;plains;4
1640;88;126;1;land;true;plains;4
1641;112;131;1;land;false;plains;4
1642;103;164;1;land;false;plains;4
1643;90;162;1;land;false;plains;4
1644;130;164;1;land;true;plains;4
1645;92;121;1;land;false;plains;4
1646;117;144;1;land;false;plains;4
1647;86;146;1;land;false;plains;4
1648;102;151;1;land;false;plains;4
1649;112;121;1;land;false;plains;4
1650;80;150;1;land;false;plains;4
1651;143;137;1;land;false;plains;4
1652;92;170;1;land;false;plains;4
1653;150;148;1;land;false;plains;4
1654;96;177;1;land;false;plains;4
1655;113;125;1;land;false;plains;4
1656;128;140;1;land;false;plains;4
1657;141;153;1;land;false;plains;4
1658;135;156;1;land;false;plains;4
1659;123;190;1;land;true;plains;4
1660;110;150;1;land;false;plains;4
1661;84;135;1;land;true;plains;4
1662;139;171;1;land;false;plains;4
1663;143;123;1;land;true;plains;4
1664;90;156;1;land;false;plains;4
1665;110;123;1;land;false;plains;4
1666;101;139;1;land;false;plains;4
1667;150;125;1;land;false;plains;4
1668;114;116;1;land;true;plains;4
1669;110;183;1;land;false;plains;4
1670;144;144;1;land;false;plains;4
1671;132;188;1;land;false;plains;4
1672;138;160;1;land;false;plains;4
1673;129;142;1;land;false;plains;4
1674;155;130;1;land;false;plains;4
1675;99;138;1;land;false;plains;4
1676;123;172;1;land;false;plains;4
1677;102;143;1;land;false;plains;4
1678;108;131;1;land;false;plains;4
1679;127;153;1;land;true;plains;4
1680;140;190;1;land;false;plains;4
1681;135;152;1;land;false;plains;4
1682;138;193;1;land;false;plains;4
1683;82;171;1;land;false;plains;4
1684;0;91;1;land;false;forest;4
1685;34;130;1;land;false;plains;4
1686;5;145;1;land;false;forest;4
1687;65;139;1;land;false;plains;4
1688;25;125;1;land;false;plains;4
1689;21;137;1;land;false;plains;4
1690;155;82;1;land;false;forest;4
1691;160;109;1;land;false;forest;4
1692;200;84;1;land;false;forest;4
1693;160;55;1;land;false;forest;4
1694;131;65;1;land;false;forest;4
1695;9;172;1;land;false;plains;4
1696;20;176;1;land;false;plains;4
1697;7;244;1;land;false;plains;4
1698;4;192;1;land;false;plains;4
1699;13;201;1;land;false;plains;4
1700;33;225;1;land;false;plains;4
1701;16;230;1;land;false;plains;4
1702;19;173;1;land;false;plains;4
1703;0;172;1;land;false;plains;4
1704;32;217;1;land;false;plains;4
1705;235;133;1;land;false;forest;4
1706;188;122;1;land;false;forest;4
1707;212;124;1;land;false;hills;4
1708;225;53;1;land;false;plains;4
1709;204;110;1;land;false;plains;4
1710;226;62;1;land;false;plains;4
1711;192;91;1;land;false;plains;4
1712;161;55;1;land;false;plains;4
1713;190;81;1;land;false;forest;4
1714;218;83;1;land;false;plains;4
1715;212;128;1;land;false;plains;4
1716;213;129;1;land;false;hills;4
1717;224;72;1;land;false;plains;4
1718;225;113;1;land;false;plains;4
1719;226;77;1;land;false;plains;4
1720;230;63;1;land;false;forest;4
1721;205;124;1;land;false;plains;4
1722;168;74;1;land;false;plains;4
1723;167;98;1;land;false;hills;4
1724;224;120;1;land;false;plains;4
1725;60;2;1;land;false;plains;4
1726;10;16;1;land;false;plains;4
1727;24;53;1;land;false;plains;4
1728;48;43;1;land;false;plains;4
1729;46;63;1;land;false;plains;4
1730;64;28;1;land;false;plains;4
1731;5;34;1;land;false;plains;4
1732;14;56;1;land;false;plains;4
1733;25;68;1;land;false;plains;4
1734;20;55;1;land;false;plains;4
1735;37;66;1;land;false;plains;4
1736;61;19;1;land;false;plains;4
1737;57;51;1;land;false;plains;4
1738;30;47;1;land;false;plains;4
1739;32;27;1;land;false;plains;4
1740;15;38;1;land;false;plains;4
1741;55;60;1;land;false;plains;4
1742;61;39;1;land;false;plains;4
1743;27;17;1;land;false;plains;4
1744;21;67;1;land;false;plains;4
1745;23;75;1;land;false;plains;4
1746;51;50;1;land;false;plains;4
1747;24;16;1;land;false;plains;4
1748;22;49;1;land;false;plains;4
1749;26;34;1;land;false;plains;4
1750;50;72;1;land;false;plains;4
1751;65;16;1;land;false;hills;4
1752;45;8;1;land;false;plains;4
1753;7;23;1;land;false;plains;4
1754;60;42;1;land;false;plains;4
1755;7;21;1;land;false;plains;4
1756;43;12;1;land;false;plains;4
1757;25;47;1;land;false;plains;4
1758;56;69;1;land;false;plains;4
1759;43;41;1;land;false;plains;4
1760;36;41;1;land;false;hills;4
1761;24;19;1;land;false;plains;4
1762;40;28;1;land;false;plains;4
1763;65;70;1;land;false;plains;4
1764;21;22;1;land;false;plains;4
1765;61;34;1;land;false;plains;4
1766;35;77;1;land;false;plains;4
1767;47;8;1;land;false;plains;4
1768;48;67;1;land;false;plains;4
1769;18;74;1;land;false;plains;4
1770;44;29;1;land;false;plains;4
1771;39;25;1;land;false;plains;4
1772;52;16;1;land;false;plains;4
1773;12;9;1;land;false;plains;4
1774;66;65;1;land;false;plains;4
1775;17;48;1;land;false;plains;4
1776;3;55;1;land;false;plains;4
1777;33;37;1;land;false;plains;4
1778;62;49;1;land;false;plains;4
1779;31;59;1;land;false;plains;4
1780;48;62;1;land;false;plains;4
1781;23;46;1;land;false;plains;4
1782;15;22;1;land;false;plains;4
1783;20;49;1;land;false;plains;4
1784;29;28;1;land;false;plains;4
1785;25;27;1;land;false;plains;4
1786;38;41;1;land;false;plains;4
1787;48;50;1;land;false;plains;4
1788;17;23;1;land;false;plains;4
1789;58;39;1;land;false;plains;4
1790;18;8;1;land;false;plains;4
1791;16;8;1;land;false;plains;4
1792;29;24;1;land;false;plains;4
1793;33;19;1;land;false;plains;4
1794;46;75;1;land;false;plains;4
1795;16;26;1;land;false;plains;4
1796;1;55;1;land;false;plains;4
1797;23;73;1;land;false;plains;4
1798;45;66;1;land;false;hills;4
1799;68;24;1;land;false;plains;4
1800;58;42;1;land;false;plains;4
1801;39;71;1;land;false;plains;4
1802;24;68;1;land;false;plains;4
1803;35;56;1;land;false;plains;4
1804;68;66;1;land;false;hills;4
1805;50;41;1;land;false;plains;4
1806;19;44;1;land;false;plains;4
1807;38;55;1;land;false;plains;4
1808;17;76;1;land;false;plains;4
1809;2;14;1;land;false;plains;4
1810;53;71;1;land;false;plains;4
1811;30;35;1;land;false;plains;4
1812;12;2;1;land;false;plains;4
1813;160;157;1;land;true;plains;4
1814;160;135;1;land;false;plains;4
1815;131;124;1;land;true;plains;4
1816;105;146;1;land;false;plains;4
1817;106;165;1;land;true;plains;4
1818;159;208;1;land;true;plains;4
1819;175;197;1;land;false;plains;4
1820;194;134;1;land;true;plains;4
1821;144;155;1;land;true;forest;4
1822;216;57;1;land;false;plains;4
1823;212;61;1;land;false;plains;4
1824;243;11;1;land;false;plains;4
1825;237;14;1;land;false;hills;4
1826;207;32;1;land;false;plains;4
1827;243;42;1;land;false;plains;4
1828;244;10;1;land;false;plains;4
1829;232;15;1;land;false;plains;4
1830;210;201;1;land;true;plains;4
1831;185;155;1;land;true;forest;4
1832;62;37;1;land;false;plains;4
1833;3;30;1;land;false;forest;4
1834;36;49;1;land;false;forest;4
1835;47;25;1;land;false;forest;4
1836;70;58;1;land;false;forest;4
1837;209;36;1;land;false;plains;4
1838;249;49;1;land;false;plains;4
1839;241;27;1;land;false;plains;4
1840;246;40;1;land;false;plains;4
1841;223;18;1;land;false;plains;4
1842;205;30;1;land;false;plains;4
1843;219;52;1;land;false;plains;4
1844;249;13;1;land;false;plains;4
1845;240;6;1;land;false;plains;4
1846;192;18;1;land;false;plains;4
1847;221;2;1;land;false;plains;4
1848;206;47;1;land;false;plains;4
1849;215;50;1;land;false;plains;4
1850;226;8;1;land;false;plains;4
1851;209;24;1;land;false;plains;4
1852;187;44;1;land;false;plains;4
1853;219;30;1;land;false;plains;4
1854;239;43;1;land;false;plains;4
1855;235;51;1;land;false;plains;4
1856;217;42;1;land;false;plains;4
1857;220;30;1;land;false;plains;4
1858;233;8;1;land;false;plains;4
1859;220;11;1;land;false;plains;4
1860;231;34;1;land;false;plains;4
1861;188;39;1;land;false;plains;4
1862;58;151;1;land;true;forest;4
1863;45;153;1;land;true;forest;4
1864;51;132;1;land;false;forest;4
1865;52;101;1;land;true;forest;4
1866;4;114;1;land;false;forest;4
1867;45;110;1;land;false;forest;4
1868;18;107;1;land;true;forest;4
1869;49;153;1;land;true;forest;4
1870;76;106;1;land;false;plains;4
1871;35;142;1;land;false;jungle;4
1872;35;134;1;land;false;plains;4
1873;51;123;1;land;true;jungle;4
1874;46;163;1;land;false;plains;4
1875;94;131;1;land;true;jungle;4
1876;64;135;1;land;false;plains;4
1877;247;131;1;land;true;plains;4
1878;197;115;1;land;false;plains;4
1879;216;132;1;land;false;plains;4
1880;200;102;1;land;true;plains;4
1881;235;140;1;land;false;plains;4
1882;247;74;1;land;false;plains;4
1883;198;93;1;land;false;plains;4
1884;246;134;1;land;false;plains;4
1885;214;103;1;land;true;plains;4
1886;201;84;1;land;true;plains;4
1887;42;245;1;land;false;plains;4
1888;22;177;1;land;false;plains;4
1889;74;217;1;land;false;plains;4
1890;26;173;1;land;false;plains;4
1891;44;214;1;land;false;forest;4
1892;61;187;1;land;false;forest;4
1893;82;220;1;land;false;forest;4
1894;71;72;1;land;false;plains;4
1895;115;32;1;land;false;plains;4
1896;84;65;1;land;false;plains;4
1897;69;55;1;land;false;plains;4
1898;129;90;1;land;false;plains;4
1899;80;66;1;land;false;plains;4
1900;148;195;1;land;false;plains;4
1901;202;169;1;land;false;forest;4
1902;136;178;1;land;true;plains;4
1903;166;139;1;land;false;forest;4
1904;158;153;1;land;false;forest;4
1905;173;179;1;land;true;plains;4
1906;182;209;1;land;true;forest;4
1907;145;185;1;land;false;forest;4
1908;3;51;1;land;false;plains;4
1909;14;14;1;land;false;plains;4
1910;27;1;1;land;false;plains;4
1911;60;69;1;land;false;plains;4
1912;15;3;1;land;false;plains;4
1913;52;60;1;land;false;plains;4
1914;40;55;1;land;false;plains;4
1915;43;7;1;land;false;plains;4
1916;230;14;1;land;true;forest;4
1917;248;55;1;land;true;forest;4
1918;249;21;1;land;false;forest;4
1919;216;22;1;land;false;forest;4
1920;240;15;1;land;true;forest;4
1921;242;19;1;land;true;forest;4
1922;17;101;1;land;false;forest;4
1923;27;131;1;land;false;forest;4
1924;29;112;1;land;false;forest;4
1925;38;114;1;land;false;forest;4
1926;33;158;1;land;false;forest;4
1927;17;123;1;land;false;forest;4
1928;32;98;1;land;false;forest;4
1929;39;118;1;land;false;forest;4
1930;190;106;1;land;false;plains;4
1931;181;127;1;land;false;plains;4
1932;209;125;1;land;false;plains;4
1933;164;80;1;land;false;plains;4
1934;187;107;1;land;false;plains;4
1935;187;97;1;land;true;jungle;4
1936;200;103;1;land;false;plains;4
1937;200;122;1;land;false;plains;4
1938;210;147;1;land;false;plains;4
1939;232;139;1;land;true;jungle;4
1940;203;104;1;land;false;plains;4
1941;251;111;1;land;true;jungle;4
1942;197;132;1;land;false;plains;4
1943;196;128;1;land;false;forest;4
1944;232;145;1;land;true;jungle;4
1945;196;94;1;land;false;plains;4
1946;26;220;1;land;false;plains;4
1947;23;185;1;land;false;forest;4
1948;40;198;1;land;false;forest;4
1949;40;162;1;land;false;forest;4
1950;1;228;1;land;false;forest;4
1951;33;204;1;land;false;forest;4
1952;42;187;1;land;false;forest;4
1953;2;76;1;land;false;hills;4
1954;5;47;1;land;false;hills;4
1955;17;17;1;land;false;hills;4
1956;8;33;1;land;false;hills;4
1957;16;72;1;land;true;mountain;4
1958;14;46;1;land;true;mountain;4
1959;20;93;1;land;true;hills;4
1960;3;88;1;land;false;hills;4
1961;40;69;1;land;false;hills;4
1962;51;17;1;land;false;hills;4
1963;3;56;1;land;true;hills;4
1964;33;61;1;land;false;hills;4
1965;41;73;1;land;true;forest;4
1966;57;37;1;land;true;jungle;4
1967;2;60;1;land;true;forest;4
1968;31;19;1;land;true;forest;4
1969;51;39;1;land;true;mountain;4
1970;39;17;1;land;true;hills;4
1971;24;17;1;land;false;hills;4
1972;43;69;1;land;false;plains;4
1973;42;66;1;land;true;mountain;4
1974;58;85;1;land;true;forest;4
1975;16;23;1;land;false;hills;4
1976;53;43;1;land;false;hills;4
1977;35;72;1;land;true;forest;4
1978;17;93;1;land;false;hills;4
1979;45;31;1;land;false;mountain;4
1980;36;132;1;land;false;plains;4
1981;58;163;1;land;true;plains;4
1982;56;110;1;land;false;forest;4
1983;8;173;1;land;false;plains;4
1984;24;125;1;land;false;plains;4
1985;58;157;1;land;false;plains;4
1986;217;27;1;land;false;plains;4
1987;212;33;1;land;true;plains;4
1988;253;46;1;land;false;plains;4
1989;213;23;1;land;true;plains;4
1990;209;2;1;land;false;plains;4
1991;202;29;1;land;true;plains;4
1992;212;12;1;land;false;plains;4
1993;212;26;1;land;true;plains;4
1994;227;6;1;land;false;plains;4
1995;85;242;1;land;false;forest;4
1996;94;207;1;land;false;forest;4
1997;143;219;1;land;false;forest;4
1998;127;240;1;land;false;forest;4
1999;191;227;1;land;false;forest;4
2000;196;219;1;land;false;forest;4
2001;185;223;1;land;false;forest;4
2002;172;157;1;land;false;forest;4
2003;167;130;1;land;false;forest;4
2004;145;174;1;land;false;plains;4
2005;169;181;1;land;false;hills;4
2006;208;199;1;land;false;forest;4
2007;220;157;1;land;false;forest;4
2008;151;181;1;land;false;forest;4
2009;158;204;1;land;false;mountain;4
2010;224;28;1;land;false;plains;4
2011;190;23;1;land;false;forest;4
2012;222;52;1;land;false;plains;4
2013;231;204;1;land;false;forest;4
2014;251;220;1;land;false;forest;4
2015;202;219;1;land;false;plains;4
2016;212;162;1;land;false;forest;4
2017;248;156;1;land;false;forest;4
2018;241;178;1;land;false;forest;4
2019;191;163;1;land;false;forest;4
2020;205;175;1;land;false;plains;4
2021;213;144;1;land;false;forest;4
2022;229;201;1;land;false;forest;4
2023;43;245;1;land;false;plains;4
2024;63;211;1;land;false;plains;4
2025;72;237;1;land;false;plains;4
2026;62;240;1;land;false;plains;4
2027;95;208;1;land;false;forest;4
2028;181;116;1;land;false;hills;4
2029;176;64;1;land;false;plains;4
2030;216;121;1;land;false;mountain;4
2031;230;123;1;land;false;plains;4
2032;199;72;1;land;false;hills;4
2033;245;123;1;land;false;plains;4
2034;238;82;1;land;false;hills;4
2035;229;107;1;land;false;hills;4
2036;222;65;1;land;false;hills;4
2037;195;94;1;land;false;plains;4
2038;205;130;1;land;true;hills;4
2039;228;73;1;land;true;hills;4
2040;221;108;1;land;false;plains;4
2041;251;105;1;land;false;plains;4
2042;244;83;1;land;false;plains;4
2043;253;113;1;land;false;plains;4
2044;241;129;1;land;false;plains;4
2045;210;126;1;land;true;mountain;4
2046;236;62;1;land;false;plains;4
2047;202;107;1;land;false;plains;4
2048;208;127;1;land;true;hills;4
2049;194;102;1;land;false;hills;4
2050;239;79;1;land;false;plains;4
2051;202;129;1;land;false;plains;4
2052;244;104;1;land;false;hills;4
2053;238;78;1;land;false;plains;4
2054;251;124;1;land;true;mountain;4
2055;216;73;1;land;false;plains;4
2056;217;110;1;land;false;hills;4
2057;248;78;1;land;false;plains;4
2058;210;98;1;land;false;plains;4
2059;38;71;1;land;false;plains;4
2060;44;146;1;land;true;plains;4
2061;28;105;1;land;false;plains;4
2062;43;130;1;land;false;plains;4
2063;18;142;1;land;false;plains;4
2064;28;106;1;land;false;plains;4
2065;28;136;1;land;false;plains;4
2066;26;118;1;land;false;plains;4
2067;18;94;1;land;false;plains;4
2068;5;80;1;land;false;plains;4
2069;106;92;1;land;false;plains;4
2070;146;38;1;land;true;plains;4
2071;128;88;1;land;false;plains;4
2072;162;102;1;land;true;plains;4
2073;119;76;1;land;false;plains;4
2074;111;73;1;land;true;plains;4
2075;165;74;1;land;true;plains;4
2076;216;233;1;land;false;plains;4
2077;213;236;1;land;false;plains;4
2078;183;163;1;land;false;plains;4
2079;88;40;1;land;true;plains;4
2080;145;132;1;land;false;plains;4
2081;79;198;1;land;false;plains;4
2082;101;208;1;land;false;plains;4
2083;140;193;1;land;false;plains;4
2084;141;158;1;land;false;plains;4
2085;75;204;1;land;false;plains;4
2086;68;214;1;land;false;hills;4
2087;61;225;1;land;false;forest;4
2088;8;227;1;land;false;hills;4
2089;11;208;1;land;false;plains;4
2090;39;204;1;land;false;hills;4
2091;15;178;1;land;false;plains;4
2092;9;202;1;land;false;forest;4
2093;41;207;1;land;false;forest;4
2094;243;163;1;land;false;plains;4
2095;226;179;1;land;false;plains;4
2096;150;139;1;land;false;hills;4
2097;119;169;1;land;false;forest;4
2098;104;122;1;land;false;forest;4
2099;134;177;1;land;false;forest;4
2100;158;137;1;land;true;desert;4
2101;190;151;1;land;false;plains;4
2102;196;137;1;land;false;desert;4
2103;129;138;1;land;false;plains;4
2104;164;124;1;land;true;desert;4
2105;145;156;1;land;false;plains;4
2106;141;133;1;land;false;plains;4
2107;145;136;1;land;true;desert;4
2108;133;140;1;land;false;desert;4
2109;155;154;1;land;true;desert;4
2110;175;149;1;land;true;plains;4
2111;188;180;1;land;false;plains;4
2112;192;168;1;land;false;desert;4
2113;183;182;1;land;false;plains;4
2114;188;123;1;land;false;desert;4
2115;186;164;1;land;false;plains;4
2116;165;154;1;land;true;desert;4
2117;152;152;1;land;false;desert;4
2118;176;169;1;land;true;plains;4
2119;166;189;1;land;true;desert;4
2120;171;172;1;land;false;plains;4
2121;145;137;1;land;false;desert;4
2122;165;159;1;land;false;desert;4
2123;201;155;1;land;true;plains;4
2124;160;144;1;land;false;desert;4
2125;189;172;1;land;true;plains;4
2126;154;157;1;land;false;desert;4
2127;147;172;1;land;true;desert;4
2128;172;152;1;land;true;desert;4
2129;155;136;1;land;false;plains;4
2130;197;196;1;land;false;desert;4
2131;178;138;1;land;false;plains;4
2132;80;105;1;land;false;plains;4
2133;82;111;1;land;false;plains;4
2134;83;136;1;land;false;plains;4
2135;77;128;1;land;false;plains;4
2136;116;116;1;land;false;plains;4
2137;94;173;1;land;false;plains;4
2138;68;116;1;land;false;plains;4
2139;98;143;1;land;false;plains;4
2140;56;128;1;land;false;plains;4
2141;49;142;1;land;false;plains;4
2142;65;120;1;land;false;plains;4
2143;105;154;1;land;false;plains;4
2144;56;136;1;land;false;plains;4
2145;66;147;1;land;false;plains;4
2146;108;107;1;land;false;plains;4
2147;68;163;1;land;false;plains;4
2148;72;102;1;land;false;plains;4
2149;52;166;1;land;false;plains;4
2150;95;157;1;land;false;plains;4
2151;108;183;1;land;false;plains;4
2152;145;162;1;land;false;plains;4
2153;128;156;1;land;false;plains;4
2154;78;180;1;land;false;plains;4
2155;85;142;1;land;false;plains;4
2156;236;123;1;land;false;forest;4
2157;212;70;1;land;false;forest;4
2158;228;106;1;land;false;hills;4
2159;32;109;1;land;false;hills;4
2160;21;103;1;land;false;plains;4
2161;13;77;1;land;false;plains;4
2162;50;126;1;land;false;plains;4
2163;47;133;1;land;false;plains;4
2164;12;112;1;land;false;hills;4
2165;1;144;1;land;false;plains;4
2166;41;156;1;land;false;plains;4
2167;50;87;1;land;false;plains;4
2168;43;155;1;land;false;plains;4
2169;72;150;1;land;false;plains;4
2170;47;116;1;land;false;plains;4
2171;31;123;1;land;false;plains;4
2172;16;149;1;land;false;hills;4
2173;70;140;1;land;false;plains;4
2174;10;103;1;land;false;hills;4
2175;46;119;1;land;false;plains;4
2176;52;115;1;land;false;plains;4
2177;14;117;1;land;false;plains;4
2178;72;86;1;land;false;plains;4
2179;66;98;1;land;false;plains;4
2180;22;145;1;land;false;plains;4
2181;37;85;1;land;false;plains;4
2182;3;105;1;land;false;plains;4
2183;47;80;1;land;false;plains;4
2184;80;204;1;land;false;forest;4
2185;83;251;1;land;false;forest;4
2186;56;218;1;land;false;forest;4
2187;38;228;1;land;true;forest;4
2188;77;222;1;land;false;forest;4
2189;47;251;1;land;false;forest;4
2190;48;218;1;land;false;forest;4
2191;163;165;1;land;false;forest;4
2192;215;188;1;land;false;forest;4
2193;217;199;1;land;false;forest;4
2194;166;195;1;land;false;forest;4
2195;217;213;1;land;false;forest;4
2196;152;182;1;land;false;plains;4
2197;178;193;1;land;false;forest;4
2198;189;110;1;land;false;hills;4
2199;190;84;1;land;false;hills;4
2200;194;86;1;land;false;plains;4
2201;183;126;1;land;false;hills;4
2202;194;66;1;land;false;hills;4
2203;203;112;1;land;false;hills;4
2204;228;126;1;land;false;hills;4
2205;213;91;1;land;false;plains;4
2206;245;79;1;land;false;plains;4
2207;216;126;1;land;false;hills;4
2208;224;105;1;land;false;plains;4
2209;202;56;1;land;false;hills;4
2210;203;165;1;land;false;forest;4
2211;234;182;1;land;false;hills;4
2212;238;202;1;land;false;forest;4
2213;195;241;1;land;false;forest;4
2214;195;175;1;land;false;jungle;4
2215;251;226;1;land;false;jungle;4
2216;206;230;1;land;false;forest;4
2217;107;190;1;land;false;plains;4
2218;100;134;1;land;false;plains;4
2219;130;170;1;land;false;plains;4
2220;135;151;1;land;false;plains;4
2221;115;147;1;land;false;desert;4
2222;123;175;1;land;false;desert;4
2223;97;139;1;land;false;desert;4
2224;144;201;1;land;false;desert;4
2225;170;152;1;land;false;desert;4
2226;165;149;1;land;false;desert;4
2227;112;207;1;land;false;desert;4
2228;112;174;1;land;false;desert;4
2229;154;216;1;land;false;desert;4
2230;174;159;1;land;false;desert;4
2231;143;155;1;land;false;desert;4
2232;137;199;1;land;false;desert;4
2233;152;150;1;land;false;desert;4
2234;113;162;1;land;false;desert;4
2235;122;197;1;land;false;desert;4
2236;160;187;1;land;false;desert;4
2237;173;197;1;land;false;desert;4
2238;157;211;1;land;false;desert;4
2239;111;172;1;land;false;desert;4
2240;163;154;1;land;false;plains;4
2241;141;164;1;land;false;desert;4
2242;98;206;1;land;false;desert;4
2243;115;163;1;land;false;desert;4
2244;104;178;1;land;false;desert;4
2245;143;156;1;land;false;desert;4
2246;114;192;1;land;false;desert;4
2247;132;142;1;land;false;desert;4
2248;134;167;1;land;false;desert;4
2249;102;139;1;land;false;desert;4
2250;175;146;1;land;false;desert;4
2251;115;192;1;land;false;desert;4
2252;168;160;1;land;false;desert;4
2253;157;214;1;land;false;desert;4
2254;181;106;1;land;false;desert;4
2255;168;71;1;land;false;plains;4
2256;160;123;1;land;false;desert;4
2257;168;133;1;land;false;plains;4
2258;135;117;1;land;false;plains;4
2259;234;18;1;land;false;hills;4
2260;213;43;1;land;false;hills;4
2261;223;8;1;land;false;hills;4
2262;217;24;1;land;false;mountain;4
2263;241;45;1;land;false;plains;4
2264;231;37;1;land;false;plains;4
2265;247;18;1;land;false;plains;4
2266;142;54;1;land;false;plains;4
2267;140;7;1;land;false;plains;4
2268;167;47;1;land;false;plains;4
2269;180;28;1;land;false;plains;4
2270;139;37;1;land;false;plains;4
2271;207;31;1;land;false;plains;4
2272;181;13;1;land;false;plains;4
2273;203;37;1;land;false;plains;4
2274;133;7;1;land;false;plains;4
2275;183;39;1;land;false;plains;4
2276;12;0;1;land;false;plains;4
2277;14;9;1;land;true;forest;4
2278;55;34;1;land;false;forest;4
2279;14;35;1;land;false;forest;4
2280;33;1;1;land;true;forest;4
2281;15;44;1;land;false;forest;4
2282;53;5;1;land;false;hills;4
2283;29;56;1;land;false;forest;4
2284;239;148;1;land;false;plains;4
2285;181;140;1;land;false;hills;4
2286;220;100;1;land;false;plains;4
2287;205;150;1;land;false;plains;4
2288;197;103;1;land;false;plains;4
2289;252;97;1;land;false;hills;4
2290;229;109;1;land;false;desert;4
2291;211;124;1;land;false;hills;4
2292;213;163;1;land;false;desert;4
2293;253;106;1;land;false;desert;4
2294;236;140;1;land;false;hills;4
2295;232;97;1;land;false;desert;4
2296;240;144;1;land;false;plains;4
2297;253;102;1;land;false;desert;4
2298;229;123;1;land;false;desert;4
2299;222;108;1;land;false;hills;4
2300;108;235;1;land;false;forest;4
2301;112;197;1;land;false;forest;4
2302;112;242;1;land;false;forest;4
2303;140;189;1;land;false;forest;4
2304;56;76;1;land;false;mountain;4
2305;46;34;1;land;false;mountain;4
2306;51;57;1;land;false;mountain;4
2307;90;84;1;land;false;mountain;4
2308;102;218;1;land;false;plains;4
2309;186;224;1;land;false;hills;4
2310;188;178;1;land;false;hills;4
2311;181;197;1;land;false;plains;4
2312;184;167;1;land;false;hills;4
2313;232;207;1;land;false;plains;4
2314;200;212;1;land;false;plains;4
2315;209;222;1;land;false;mountain;4
2316;223;225;1;land;false;hills;4
2317;193;226;1;land;false;hills;4
2318;234;206;1;land;false;plains;4
2319;180;176;1;land;false;plains;4
2320;119;195;1;land;false;forest;4
2321;75;147;1;land;false;forest;4
2322;95;141;1;land;false;forest;4
2323;101;91;1;land;false;plains;4
2324;167;163;1;land;false;plains;4
2325;222;201;1;land;false;plains;4
2326;170;165;1;land;false;plains;4
2327;196;170;1;land;false;plains;4
2328;223;227;1;land;false;mountain;4
2329;190;140;1;land;false;plains;4
2330;239;130;1;land;false;hills;4
2331;175;208;1;land;false;forest;4
2332;234;199;1;land;false;forest;4
2333;228;194;1;land;false;hills;4
2334;175;185;1;land;false;hills;4
2335;234;140;1;land;false;forest;4
2336;125;35;1;land;false;hills;4
2337;95;20;1;land;false;mountain;4
2338;133;9;1;land;false;mountain;4
2339;169;5;1;land;false;hills;4
2340;155;18;1;land;false;mountain;4
2341;101;6;1;land;false;hills;4
2342;138;21;1;land;false;hills;4
2343;127;29;1;land;false;hills;4
2344;25;213;1;land;false;desert;4
2345;33;219;1;land;false;desert;4
2346;40;235;1;land;false;desert;4
2347;73;226;1;land;false;desert;4
2348;14;247;1;land;false;desert;4
2349;36;219;1;land;false;desert;4
2350;19;220;1;land;false;desert;4
2351;78;248;1;land;false;desert;4
2352;81;207;1;land;false;desert;4
2353;84;243;1;land;false;desert;4
2354;57;241;1;land;false;desert;4
2355;21;199;1;land;false;desert;4
2356;76;254;1;land;false;desert;4
2357;37;234;1;land;false;desert;4
2358;14;200;1;land;false;desert;4
2359;41;210;1;land;false;desert;4
2360;52;191;1;land;false;desert;4
2361;47;252;1;land;false;desert;4
2362;68;191;1;land;false;desert;4
2363;77;219;1;land;false;desert;4
2364;25;245;1;land;false;desert;4
2365;12;251;1;land;false;desert;4
2366;78;220;1;land;false;desert;4
2367;16;250;1;land;false;hills;4
2368;68;246;1;land;false;desert;4
2369;68;219;1;land;false;desert;4
2370;51;216;1;land;false;desert;4
2371;70;190;1;land;false;desert;4
2372;28;204;1;land;false;desert;4
2373;72;210;1;land;false;desert;4
2374;86;205;1;land;false;desert;4
2375;79;249;1;land;false;desert;4
2376;75;212;1;land;false;desert;4
2377;14;210;1;land;false;desert;4
2378;38;198;1;land;false;desert;4
2379;67;220;1;land;false;desert;4
2380;26;203;1;land;false;desert;4
2381;22;207;1;land;false;desert;4
2382;13;254;1;land;false;desert;4
2383;40;213;1;land;false;desert;4
2384;16;209;1;land;false;desert;4
2385;24;204;1;land;false;desert;4
2386;85;243;1;land;false;desert;4
2387;44;226;1;land;false;desert;4
2388;85;204;1;land;false;desert;4
2389;85;191;1;land;false;desert;4
2390;85;190;1;land;false;desert;4
2391;48;232;1;land;false;desert;4
2392;45;215;1;land;false;desert;4
2393;23;199;1;land;false;desert;4
2394;60;224;1;land;false;desert;4
2395;33;205;1;land;false;desert;4
2396;20;246;1;land;false;desert;4
2397;91;222;1;land;false;desert;4
2398;70;239;1;land;false;desert;4
2399;12;195;1;land;false;desert;4
2400;41;201;1;land;false;desert;4
2401;14;208;1;land;false;desert;4
2402;52;253;1;land;false;desert;4
2403;53;195;1;land;false;desert;4
2404;26;233;1;land;false;desert;4
2405;38;235;1;land;false;desert;4
2406;46;207;1;land;false;desert;4
2407;19;221;1;land;false;desert;4
2408;39;205;1;land;false;desert;4
2409;78;238;1;land;false;desert;4
2410;60;246;1;land;false;desert;4
2411;81;202;1;land;false;desert;4
2412;76;246;1;land;false;desert;4
2413;68;251;1;land;false;desert;4
2414;253;196;1;land;false;forest;4
2415;221;197;1;land;false;forest;4
2416;238;224;1;land;false;forest;4
2417;205;230;1;land;false;forest;4
2418;20;242;1;land;false;plains;4
2419;40;246;1;land;false;plains;4
2420;5;206;1;land;false;desert;4
2421;22;180;1;land;false;plains;4
2422;4;204;1;land;false;plains;4
2423;27;200;1;land;false;plains;4
2424;7;234;1;land;false;desert;4
2425;16;244;1;land;false;desert;4
2426;8;237;1;land;false;plains;4
2427;33;233;1;land;false;plains;4
2428;38;229;1;land;false;desert;4
2429;10;181;1;land;false;desert;4
2430;20;206;1;land;false;plains;4
2431;12;199;1;land;false;plains;4
2432;11;202;1;land;false;plains;4
2433;10;209;1;land;false;plains;4
2434;31;221;1;land;false;desert;4
2435;1;214;1;land;false;plains;4
2436;18;211;1;land;false;plains;4
2437;5;195;1;land;false;plains;4
2438;48;181;1;land;false;plains;4
2439;12;187;1;land;false;desert;4
2440;22;223;1;land;false;desert;4
2441;244;100;1;land;false;plains;4
2442;229;128;1;land;false;plains;4
2443;244;80;1;land;false;plains;4
2444;222;115;1;land;false;plains;4
2445;245;132;1;land;false;plains;4
2446;246;81;1;land;false;plains;4
2447;241;93;1;land;false;plains;4
2448;204;174;1;land;false;plains;4
2449;205;176;1;land;false;forest;4
2450;163;186;1;land;false;plains;4
2451;162;182;1;land;false;forest;4
2452;139;176;1;land;false;plains;4
2453;182;156;1;land;false;plains;4
2454;142;210;1;land;false;forest;4
2455;167;191;1;land;false;forest;4
2456;137;196;1;land;false;forest;4
2457;166;180;1;land;false;forest;4
2458;145;195;1;land;false;plains;4
2459;203;181;1;land;false;plains;4
2460;237;180;1;land;false;plains;4
2461;233;208;1;land;false;hills;4
2462;230;237;1;land;false;plains;4
2463;189;210;1;land;false;plains;4
2464;220;173;1;land;false;plains;4
2465;254;25;1;land;false;plains;4
2466;249;47;1;land;false;desert;4
2467;229;31;1;land;false;desert;4
2468;247;20;1;land;false;plains;4
2469;242;42;1;land;false;plains;4
2470;216;49;1;land;false;desert;4
2471;241;19;1;land;false;plains;4
2472;249;22;1;land;true;plains;4
2473;217;39;1;land;false;plains;4
2474;234;29;1;land;true;plains;4
2475;253;16;1;land;true;desert;4
2476;226;48;1;land;false;desert;4
2477;214;6;1;land;false;plains;4
2478;227;40;1;land;false;plains;4
2479;222;33;1;land;false;plains;4
2480;239;23;1;land;false;desert;4
2481;251;32;1;land;false;desert;4
2482;225;7;1;land;true;desert;4
2483;246;43;1;land;true;desert;4
2484;238;42;1;land;false;plains;4
2485;218;18;1;land;true;desert;4
2486;244;45;1;land;true;desert;4
2487;216;6;1;land;false;plains;4
2488;221;35;1;land;false;plains;4
2489;252;29;1;land;false;desert;4
2490;33;150;1;land;false;plains;4
2491;47;164;1;land;false;plains;4
2492;22;95;1;land;false;forest;4
2493;17;162;1;land;false;plains;4
2494;39;136;1;land;false;forest;4
2495;38;143;1;land;false;plains;4
2496;97;205;1;land;false;plains;4
2497;70;213;1;land;true;forest;4
2498;102;204;1;land;false;plains;4
2499;114;203;1;land;true;jungle;4
2500;89;194;1;land;false;forest;4
2501;82;239;1;land;true;plains;4
2502;69;185;1;land;true;jungle;4
2503;79;214;1;land;false;jungle;4
2504;251;174;1;land;false;forest;4
2505;207;187;1;land;false;forest;4
2506;213;186;1;land;false;forest;4
2507;247;181;1;land;false;forest;4
2508;244;185;1;land;false;forest;4
2509;243;205;1;land;false;forest;4
2510;202;198;1;land;false;plains;4
2511;244;172;1;land;false;forest;4
2512;231;161;1;land;false;plains;4
2513;55;136;1;land;false;plains;4
2514;88;95;1;land;false;plains;4
2515;42;147;1;land;false;plains;4
2516;38;130;1;land;false;plains;4
2517;71;108;1;land;false;plains;4
2518;89;165;1;land;false;plains;4
2519;141;151;1;land;false;plains;4
2520;123;148;1;land;false;plains;4
2521;82;166;1;land;false;plains;4
2522;99;110;1;land;false;plains;4
2523;99;118;1;land;false;plains;4
2524;118;248;1;land;true;forest;4
2525;104;224;1;land;false;forest;4
2526;95;235;1;land;false;forest;4
2527;152;249;1;land;false;forest;4
2528;143;248;1;land;false;forest;4
2529;94;237;1;land;false;forest;4
2530;111;233;1;land;false;forest;4
2531;132;5;1;land;false;plains;4
2532;135;39;1;land;false;mountain;4
2533;185;11;1;land;false;hills;4
2534;2;187;1;land;false;plains;4
2535;30;123;1;land;true;forest;4
2536;65;151;1;land;false;plains;4
2537;55;156;1;land;true;forest;4
2538;97;235;1;land;false;plains;4
2539;58;194;1;land;true;forest;4
2540;73;210;1;land;true;forest;4
2541;102;252;1;land;false;plains;4
2542;226;87;1;land;true;forest;4
2543;219;111;1;land;false;mountain;4
2544;243;139;1;land;false;forest;4
2545;250;94;1;land;true;hills;4
2546;41;195;1;land;false;plains;4
2547;20;221;1;land;false;plains;4
2548;55;55;1;land;false;forest;4
2549;94;36;1;land;false;forest;4
2550;56;44;1;land;false;forest;4
2551;72;46;1;land;false;forest;4
2552;180;135;1;land;false;plains;4
2553;147;173;1;land;false;plains;4
2554;145;135;1;land;false;hills;4
2555;133;159;1;land;false;plains;4
2556;167;156;1;land;false;plains;4
2557;148;112;1;land;false;plains;4
2558;161;127;1;land;false;plains;4
2559;143;161;1;land;false;plains;4
2560;183;157;1;land;false;plains;4
2561;177;107;1;land;false;hills;4
2562;136;165;1;land;false;plains;4
2563;134;178;1;land;false;plains;4
2564;159;175;1;land;false;plains;4
2565;148;136;1;land;false;mountain;4
2566;147;180;1;land;false;hills;4
2567;185;157;1;land;false;plains;4
2568;176;109;1;land;false;plains;4
2569;160;180;1;land;false;hills;4
2570;163;176;1;land;false;plains;4
2571;177;137;1;land;false;hills;4
2572;167;170;1;land;false;plains;4
2573;150;140;1;land;false;plains;4
2574;191;153;1;land;false;plains;4
2575;123;179;1;land;false;plains;4
2576;131;115;1;land;false;plains;4
2577;168;181;1;land;false;plains;4
2578;145;115;1;land;false;plains;4
2579;178;148;1;land;false;plains;4
2580;149;113;1;land;false;mountain;4
2581;113;131;1;land;false;plains;4
2582;170;142;1;land;false;plains;4
2583;114;169;1;land;false;hills;4
2584;169;164;1;land;false;plains;4
2585;139;108;1;land;false;hills;4
2586;179;151;1;land;false;plains;4
2587;192;161;1;land;false;hills;4
2588;134;182;1;land;false;plains;4
2589;130;142;1;land;false;plains;4
2590;127;126;1;land;false;plains;4
2591;165;142;1;land;false;mountain;4
2592;128;145;1;land;false;plains;4
2593;116;152;1;land;false;hills;4
2594;187;119;1;land;false;mountain;4
2595;185;114;1;land;false;plains;4
2596;114;174;1;land;false;plains;4
2597;114;177;1;land;false;plains;4
2598;123;180;1;land;false;plains;4
2599;182;157;1;land;false;plains;4
2600;117;148;1;land;false;plains;4
2601;162;156;1;land;false;plains;4
2602;181;144;1;land;false;plains;4
2603;184;128;1;land;false;hills;4
2604;116;161;1;land;false;plains;4
2605;177;173;1;land;false;plains;4
2606;150;153;1;land;false;plains;4
2607;136;179;1;land;false;mountain;4
2608;127;184;1;land;false;plains;4
2609;120;116;1;land;false;plains;4
2610;171;131;1;land;false;plains;4
2611;126;109;1;land;false;plains;4
2612;192;139;1;land;false;mountain;4
2613;150;135;1;land;false;hills;4
2614;152;133;1;land;false;plains;4
2615;153;136;1;land;false;plains;4
2616;122;110;1;land;false;hills;4
2617;180;120;1;land;false;plains;4
2618;166;155;1;land;false;plains;4
2619;159;130;1;land;false;plains;4
2620;165;158;1;land;false;plains;4
2621;145;111;1;land;false;plains;4
2622;169;111;1;land;false;plains;4
2623;119;176;1;land;false;plains;4
2624;174;117;1;land;false;plains;4
2625;181;131;1;land;false;mountain;4
2626;153;135;1;land;false;plains;4
2627;137;165;1;land;false;plains;4
2628;183;113;1;land;false;hills;4
2629;120;157;1;land;false;plains;4
2630;139;159;1;land;false;plains;4
2631;152;118;1;land;false;plains;4
2632;123;137;1;land;false;plains;4
2633;129;153;1;land;false;hills;4
2634;157;134;1;land;false;plains;4
2635;169;178;1;land;false;plains;4
2636;177;162;1;land;false;plains;4
2637;121;148;1;land;false;plains;4
2638;132;143;1;land;false;hills;4
2639;23;117;1;land;false;plains;4
2640;17;144;1;land;false;plains;4
2641;18;138;1;land;false;plains;4
2642;40;164;1;land;false;plains;4
2643;151;156;1;land;false;plains;4
2644;157;92;1;land;false;plains;4
2645;209;146;1;land;false;plains;4
2646;170;107;1;land;false;plains;4
2647;170;84;1;land;false;plains;4
2648;232;81;1;land;true;desert;4
2649;212;93;1;land;false;desert;4
2650;228;100;1;land;false;desert;4
2651;245;62;1;land;false;desert;4
2652;250;55;1;land;false;desert;4
2653;222;113;1;land;false;desert;4
2654;249;122;1;land;false;desert;4
2655;228;128;1;land;false;desert;4
2656;207;106;1;land;true;desert;4
2657;251;65;1;land;false;desert;4
2658;210;82;1;land;false;desert;4
2659;224;63;1;land;false;hills;4
2660;227;113;1;land;false;desert;4
2661;238;72;1;land;false;desert;4
2662;224;52;1;land;false;desert;4
2663;227;96;1;land;false;desert;4
2664;229;105;1;land;false;hills;4
2665;223;114;1;land;false;desert;4
2666;213;78;1;land;false;plains;4
2667;243;73;1;land;false;desert;4
2668;222;123;1;land;false;desert;4
2669;232;92;1;land;false;desert;4
2670;230;122;1;land;false;desert;4
2671;237;106;1;land;true;desert;4
2672;223;61;1;land;false;desert;4
2673;217;103;1;land;true;desert;4
2674;240;81;1;land;false;desert;4
2675;254;69;1;land;false;desert;4
2676;221;91;1;land;false;hills;4
2677;219;51;1;land;false;desert;4
2678;227;83;1;land;false;desert;4
2679;210;62;1;land;true;desert;4
2680;217;95;1;land;true;desert;4
2681;249;73;1;land;false;desert;4
2682;206;102;1;land;false;desert;4
2683;226;96;1;land;true;desert;4
2684;226;117;1;land;false;desert;4
2685;205;109;1;land;false;desert;4
2686;212;60;1;land;false;desert;4
2687;248;94;1;land;true;desert;4
2688;242;100;1;land;false;desert;4
2689;230;96;1;land;false;desert;4
2690;210;97;1;land;false;desert;4
2691;207;54;1;land;false;hills;4
2692;205;97;1;land;false;desert;4
2693;248;106;1;land;false;desert;4
2694;233;59;1;land;false;hills;4
2695;252;120;1;land;false;desert;4
2696;233;78;1;land;false;desert;4
2697;213;119;1;land;false;desert;4
2698;205;90;1;land;false;desert;4
2699;210;61;1;land;true;desert;4
2700;224;99;1;land;false;desert;4
2701;254;78;1;land;false;desert;4
2702;212;53;1;land;false;desert;4
2703;232;110;1;land;false;desert;4
2704;217;125;1;land;false;desert;4
2705;215;80;1;land;false;desert;4
2706;221;70;1;land;false;desert;4
2707;253;94;1;land;false;desert;4
2708;228;130;1;land;true;desert;4
2709;207;67;1;land;false;desert;4
2710;205;126;1;land;false;desert;4
2711;209;107;1;land;true;desert;4
2712;218;126;1;land;false;desert;4
2713;253;110;1;land;false;desert;4
2714;147;91;1;land;false;plains;4
2715;134;101;1;land;false;plains;4
2716;188;91;1;land;false;plains;4
2717;187;37;1;land;false;plains;4
2718;177;78;1;land;false;plains;4
2719;131;177;1;land;false;forest;4
2720;131;163;1;land;false;forest;4
2721;196;186;1;land;false;forest;4
2722;188;30;1;land;false;forest;4
2723;251;12;1;land;false;plains;4
2724;187;7;1;land;false;plains;4
2725;194;14;1;land;false;forest;4
2726;215;3;1;land;false;forest;4
2727;215;10;1;land;true;plains;4
2728;238;35;1;land;false;plains;4
2729;200;110;1;land;false;forest;4
2730;225;107;1;land;false;forest;4
2731;185;163;1;land;false;forest;4
2732;248;136;1;land;false;forest;4
2733;53;82;1;land;false;plains;4
2734;12;102;1;land;false;plains;4
2735;36;107;1;land;false;plains;4
2736;106;36;1;land;false;plains;4
2737;73;55;1;land;true;plains;4
2738;105;29;1;land;false;plains;4
2739;64;20;1;land;true;plains;4
2740;104;64;1;land;false;plains;4
2741;89;17;1;land;true;jungle;4
2742;243;43;1;land;false;plains;4
2743;241;35;1;land;false;plains;4
2744;102;148;1;land;true;plains;4
2745;119;126;1;land;false;plains;4
2746;137;119;1;land;false;plains;4
2747;61;150;1;land;false;plains;4
2748;109;126;1;land;false;plains;4
2749;69;97;1;land;false;plains;4
2750;137;102;1;land;false;plains;4
2751;107;89;1;land;false;plains;4
2752;76;95;1;land;true;plains;4
2753;173;136;1;land;false;forest;4
2754;194;109;1;land;false;forest;4
2755;226;99;1;land;false;plains;4
2756;204;98;1;land;false;forest;4
2757;206;131;1;land;false;forest;4
2758;190;97;1;land;true;forest;4
2759;120;33;1;land;false;plains;4
2760;74;64;1;land;false;plains;4
2761;107;12;1;land;false;plains;4
2762;89;60;1;land;false;plains;4
2763;81;0;1;land;false;plains;4
2764;48;68;1;land;false;plains;4
2765;46;49;1;land;false;plains;4
2766;213;51;1;land;false;desert;4
2767;209;37;1;land;false;plains;4
2768;215;5;1;land;false;desert;4
2769;183;46;1;land;false;desert;4
2770;164;27;1;land;false;plains;4
2771;159;48;1;land;false;desert;4
2772;201;60;1;land;false;plains;4
2773;191;3;1;land;false;plains;4
2774;211;53;1;land;false;plains;4
2775;153;64;1;land;false;plains;4
2776;148;25;1;land;false;plains;4
2777;204;52;1;land;false;plains;4
2778;239;13;1;land;false;desert;4
2779;234;24;1;land;false;desert;4
2780;215;31;1;land;false;desert;4
2781;219;14;1;land;false;desert;4
2782;252;38;1;land;false;desert;4
2783;234;31;1;land;false;desert;4
2784;244;41;1;land;false;desert;4
2785;222;40;1;land;false;desert;4
2786;251;36;1;land;false;desert;4
2787;240;24;1;land;false;desert;4
2788;239;30;1;land;false;desert;4
2789;253;29;1;land;false;desert;4
2790;238;6;1;land;false;desert;4
2791;231;9;1;land;false;desert;4
2792;254;33;1;land;false;desert;4
2793;224;47;1;land;false;desert;4
2794;248;23;1;land;false;desert;4
2795;240;48;1;land;false;desert;4
2796;219;22;1;land;false;desert;4
2797;230;35;1;land;false;desert;4
2798;246;30;1;land;false;desert;4
2799;248;4;1;land;false;desert;4
2800;244;4;1;land;false;desert;4
2801;244;12;1;land;false;mountain;4
2802;234;12;1;land;false;hills;4
2803;218;21;1;land;false;desert;4
2804;234;34;1;land;false;desert;4
2805;237;41;1;land;false;desert;4
2806;254;1;1;land;false;desert;4
2807;253;31;1;land;false;desert;4
2808;250;1;1;land;false;desert;4
2809;221;29;1;land;false;desert;4
2810;240;2;1;land;false;desert;4
2811;241;30;1;land;false;desert;4
2812;252;35;1;land;false;desert;4
2813;221;5;1;land;false;desert;4
2814;243;48;1;land;false;desert;4
2815;247;26;1;land;false;desert;4
2816;241;3;1;land;false;desert;4
2817;240;46;1;land;false;desert;4
2818;223;13;1;land;false;desert;4
2819;223;22;1;land;false;desert;4
2820;247;35;1;land;false;desert;4
2821;236;48;1;land;false;desert;4
2822;227;38;1;land;false;desert;4
2823;241;32;1;land;false;desert;4
2824;224;41;1;land;false;desert;4
2825;247;44;1;land;false;desert;4
2826;254;42;1;land;false;desert;4
2827;252;43;1;land;false;desert;4
2828;219;7;1;land;false;desert;4
2829;254;43;1;land;false;desert;4
2830;222;17;1;land;false;desert;4
2831;242;44;1;land;false;desert;4
2832;223;21;1;land;false;desert;4
2833;230;41;1;land;false;desert;4
2834;236;13;1;land;false;desert;4
2835;235;21;1;land;false;desert;4
2836;242;7;1;land;false;desert;4
2837;242;45;1;land;false;desert;4
2838;226;38;1;land;false;desert;4
2839;219;2;1;land;false;desert;4
2840;247;11;1;land;false;desert;4
2841;234;10;1;land;false;desert;4
2842;217;48;1;land;false;hills;4
2843;240;26;1;land;false;desert;4
2844;218;4;1;land;false;desert;4
2845;224;14;1;land;false;desert;4
2846;224;34;1;land;false;desert;4
2847;228;46;1;land;false;desert;4
2848;237;19;1;land;false;desert;4
2849;215;25;1;land;false;desert;4
2850;224;2;1;land;false;desert;4
2851;217;31;1;land;false;desert;4
2852;234;41;1;land;false;desert;4
2853;221;36;1;land;false;desert;4
2854;240;12;1;land;false;desert;4
2855;217;17;1;land;false;desert;4
2856;222;27;1;land;false;desert;4
2857;249;35;1;land;false;desert;4
2858;232;44;1;land;false;desert;4
2859;240;34;1;land;false;desert;4
2860;241;24;1;land;false;desert;4
2861;220;24;1;land;false;hills;4
2862;230;8;1;land;false;desert;4
2863;250;34;1;land;false;desert;4
2864;251;3;1;land;false;desert;4
2865;239;20;1;land;false;desert;4
2866;244;29;1;land;false;desert;4
2867;236;19;1;land;false;desert;4
2868;215;35;1;land;false;desert;4
2869;224;39;1;land;false;desert;4
2870;248;12;1;land;false;desert;4
2871;232;24;1;land;false;desert;4
2872;218;43;1;land;false;desert;4
2873;216;46;1;land;false;desert;4
2874;227;33;1;land;false;desert;4
2875;252;9;1;land;false;desert;4
2876;248;27;1;land;false;desert;4
2877;241;25;1;land;false;desert;4
2878;245;9;1;land;false;desert;4
2879;254;45;1;land;false;desert;4
2880;252;36;1;land;false;desert;4
2881;215;24;1;land;false;desert;4
2882;245;18;1;land;false;desert;4
2883;252;40;1;land;false;desert;4
2884;215;36;1;land;false;desert;4
2885;217;6;1;land;false;desert;4
2886;218;32;1;land;false;desert;4
2887;251;23;1;land;false;desert;4
2888;235;37;1;land;false;desert;4
2889;222;16;1;land;false;desert;4
2890;238;38;1;land;false;desert;4
2891;230;15;1;land;false;hills;4
2892;241;42;1;land;false;desert;4
2893;228;22;1;land;false;mountain;4
2894;226;2;1;land;false;desert;4
2895;243;14;1;land;false;desert;4
2896;238;1;1;land;false;desert;4
2897;228;1;1;land;false;desert;4
2898;233;28;1;land;false;desert;4
2899;229;7;1;land;false;desert;4
2900;244;25;1;land;false;desert;4
2901;228;27;1;land;false;desert;4
2902;240;8;1;land;false;desert;4
2903;238;33;1;land;false;desert;4
2904;243;17;1;land;false;desert;4
2905;224;37;1;land;false;hills;4
2906;219;0;1;land;false;desert;4
2907;230;17;1;land;false;desert;4
2908;234;36;1;land;false;desert;4
2909;238;47;1;land;false;desert;4
2910;244;13;1;land;false;desert;4
2911;245;47;1;land;false;desert;4
2912;217;15;1;land;false;desert;4
2913;246;11;1;land;false;desert;4
2914;218;39;1;land;false;desert;4
2915;223;12;1;land;false;desert;4
2916;229;4;1;land;false;desert;4
2917;226;34;1;land;false;desert;4
2918;229;22;1;land;false;desert;4
2919;63;108;1;land;false;forest;4
2920;38;135;1;land;false;forest;4
2921;70;154;1;land;false;forest;4
2922;53;91;1;land;false;forest;4
2923;84;130;1;land;false;forest;4
2924;142;235;1;land;false;forest;4
2925;205;245;1;land;false;plains;4
2926;151;218;1;land;false;plains;4
2927;181;218;1;land;false;plains;4
2928;187;219;1;land;false;plains;4
2929;240;127;1;land;true;forest;4
2930;230;72;1;land;false;forest;4
2931;209;106;1;land;false;forest;4
2932;226;113;1;land;true;forest;4
2933;229;90;1;land;false;hills;4
2934;240;52;1;land;false;jungle;4
2935;244;67;1;land;false;jungle;4
2936;242;73;1;land;false;jungle;4
2937;223;65;1;land;false;jungle;4
2938;202;106;1;land;true;forest;4
2939;248;83;1;land;false;plains;4
2940;231;95;1;land;false;forest;4
2941;226;97;1;land;false;jungle;4
2942;228;101;1;land;true;forest;4
2943;240;67;1;land;false;jungle;4
2944;208;126;1;land;false;forest;4
2945;241;117;1;land;false;jungle;4
2946;228;124;1;land;true;forest;4
2947;238;70;1;land;false;hills;4
2948;245;57;1;land;false;forest;4
2949;234;62;1;land;false;jungle;4
2950;250;89;1;land;false;jungle;4
2951;231;73;1;land;false;forest;4
2952;124;232;1;land;false;forest;4
2953;122;224;1;land;false;forest;4
2954;118;183;1;land;false;forest;4
2955;95;103;1;land;false;plains;4
2956;72;66;1;land;false;hills;4
2957;122;69;1;land;false;hills;4
2958;68;129;1;land;false;hills;4
2959;95;118;1;land;false;hills;4
2960;74;79;1;land;false;plains;4
2961;85;115;1;land;false;hills;4
2962;90;59;1;land;false;hills;4
2963;93;107;1;land;false;hills;4
2964;114;119;1;land;false;hills;4
2965;122;95;1;land;false;hills;4
2966;80;102;1;land;false;hills;4
2967;73;119;1;land;false;mountain;4
2968;52;103;1;land;false;mountain;4
2969;50;62;1;land;false;plains;4
2970;113;117;1;land;false;hills;4
2971;69;126;1;land;false;plains;4
2972;179;224;1;land;false;plains;4
2973;205;227;1;land;true;plains;4
2974;177;230;1;land;true;plains;4
2975;172;186;1;land;false;plains;4
2976;215;248;1;land;false;plains;4
2977;198;203;1;land;true;plains;4
2978;180;185;1;land;false;plains;4
2979;162;208;1;land;false;plains;4
2980;180;248;1;land;false;plains;4
2981;233;217;1;land;true;plains;4
2982;124;138;1;land;false;plains;4
2983;146;79;1;land;false;plains;4
2984;109;128;1;land;false;plains;4
2985;139;130;1;land;false;plains;4
2986;125;120;1;land;false;plains;4
2987;92;63;1;land;false;plains;4
2988;15;213;1;land;true;plains;4
2989;21;228;1;land;false;plains;4
2990;39;178;1;land;false;plains;4
2991;61;183;1;land;true;plains;4
2992;53;187;1;land;true;plains;4
2993;69;218;1;land;false;plains;4
2994;31;158;1;land;false;plains;4
2995;22;186;1;land;false;plains;4
2996;63;187;1;land;true;plains;4
2997;21;165;1;land;true;plains;4
2998;0;197;1;land;false;plains;4
2999;75;223;1;land;true;plains;4
3000;44;196;1;land;false;plains;4
3001;117;221;1;land;false;plains;4
3002;107;225;1;land;false;plains;4
3003;50;181;1;land;false;plains;4
3004;100;192;1;land;false;plains;4
3005;51;233;1;land;false;plains;4
3006;115;189;1;land;false;plains;4
3007;107;195;1;land;false;plains;4
3008;120;234;1;land;false;plains;4
3009;114;231;1;land;false;plains;4
3010;117;188;1;land;false;plains;4
3011;106;243;1;land;false;plains;4
3012;84;220;1;land;false;plains;4
3013;93;187;1;land;false;plains;4
3014;81;229;1;land;false;plains;4
3015;100;177;1;land;false;plains;4
3016;114;181;1;land;false;plains;4
3017;54;209;1;land;false;plains;4
3018;58;237;1;land;false;plains;4
3019;93;219;1;land;false;plains;4
3020;121;201;1;land;false;plains;4
3021;100;228;1;land;false;plains;4
3022;73;234;1;land;false;plains;4
3023;51;240;1;land;false;plains;4
3024;64;172;1;land;false;plains;4
3025;97;176;1;land;false;plains;4
3026;69;212;1;land;false;plains;4
3027;110;214;1;land;false;plains;4
3028;44;185;1;land;false;plains;4
3029;45;181;1;land;false;plains;4
3030;104;229;1;land;false;plains;4
3031;89;222;1;land;false;plains;4
3032;73;246;1;land;false;plains;4
3033;103;167;1;land;false;plains;4
3034;106;237;1;land;false;plains;4
3035;92;221;1;land;false;plains;4
3036;112;225;1;land;false;plains;4
3037;46;176;1;land;false;plains;4
3038;71;184;1;land;false;plains;4
3039;73;230;1;land;false;plains;4
3040;60;167;1;land;false;plains;4
3041;123;245;1;land;false;plains;4
3042;91;171;1;land;false;plains;4
3043;57;226;1;land;false;plains;4
3044;112;181;1;land;false;plains;4
3045;71;179;1;land;false;plains;4
3046;55;195;1;land;false;plains;4
3047;52;237;1;land;false;plains;4
3048;81;193;1;land;false;plains;4
3049;108;224;1;land;false;plains;4
3050;55;211;1;land;false;plains;4
3051;108;196;1;land;false;plains;4
3052;78;171;1;land;false;plains;4
3053;71;242;1;land;false;plains;4
3054;74;224;1;land;false;plains;4
3055;87;170;1;land;false;plains;4
3056;83;239;1;land;false;plains;4
3057;76;175;1;land;false;plains;4
3058;92;207;1;land;false;plains;4
3059;83;187;1;land;false;plains;4
3060;114;219;1;land;false;plains;4
3061;86;221;1;land;false;plains;4
3062;51;205;1;land;false;plains;4
3063;53;178;1;land;false;plains;4
3064;102;239;1;land;false;plains;4
3065;90;213;1;land;false;plains;4
3066;107;244;1;land;false;plains;4
3067;78;231;1;land;false;plains;4
3068;74;178;1;land;false;plains;4
3069;78;191;1;land;false;plains;4
3070;89;210;1;land;false;plains;4
3071;82;196;1;land;false;plains;4
3072;116;222;1;land;false;plains;4
3073;57;221;1;land;false;plains;4
3074;91;205;1;land;false;plains;4
3075;96;218;1;land;false;plains;4
3076;116;221;1;land;false;plains;4
3077;122;196;1;land;false;plains;4
3078;123;202;1;land;false;plains;4
3079;51;204;1;land;false;plains;4
3080;114;223;1;land;false;plains;4
3081;46;214;1;land;false;plains;4
3082;67;200;1;land;false;plains;4
3083;45;233;1;land;false;plains;4
3084;103;168;1;land;false;plains;4
3085;114;171;1;land;false;plains;4
3086;90;188;1;land;false;plains;4
3087;116;243;1;land;false;plains;4
3088;152;229;1;land;false;plains;4
3089;17;190;1;land;false;forest;4
3090;0;154;1;land;false;forest;4
3091;32;212;1;land;false;forest;4
3092;5;215;1;land;false;forest;4
3093;3;194;1;land;false;forest;4
3094;25;25;1;land;false;plains;4
3095;39;48;1;land;false;plains;4
3096;34;33;1;land;false;plains;4
3097;55;44;1;land;false;plains;4
3098;59;32;1;land;false;plains;4
3099;28;32;1;land;false;plains;4
3100;110;127;1;land;false;forest;4
3101;60;126;1;land;false;forest;4
3102;116;103;1;land;false;forest;4
3103;130;120;1;land;false;forest;4
3104;92;93;1;land;false;forest;4
3105;131;94;1;land;false;forest;4
3106;230;148;1;land;false;hills;4
3107;182;113;1;land;false;hills;4
3108;172;100;1;land;false;hills;4
3109;173;114;1;land;false;hills;4
3110;197;94;1;land;false;forest;4
3111;77;33;1;land;false;plains;4
3112;70;2;1;land;false;forest;4
3113;84;17;1;land;false;plains;4
3114;90;6;1;land;false;forest;4
3115;52;17;1;land;false;forest;4
3116;58;36;1;land;false;forest;4
3117;77;11;1;land;false;hills;4
3118;127;74;1;land;false;hills;4
3119;109;91;1;land;false;plains;4
3120;118;82;1;land;false;plains;4
3121;138;85;1;land;false;plains;4
3122;153;82;1;land;true;plains;4
3123;141;64;1;land;false;plains;4
3124;110;77;1;land;false;plains;4
3125;126;42;1;land;false;plains;4
3126;127;82;1;land;false;plains;4
3127;136;45;1;land;false;plains;4
3128;166;56;1;land;false;plains;4
3129;102;11;1;land;false;plains;4
3130;131;17;1;land;false;plains;4
3131;136;83;1;land;false;plains;4
3132;132;86;1;land;false;plains;4
3133;138;11;1;land;false;plains;4
3134;130;24;1;land;false;plains;4
3135;94;76;1;land;false;plains;4
3136;100;55;1;land;false;plains;4
3137;172;45;1;land;false;plains;4
3138;155;61;1;land;false;plains;4
3139;112;57;1;land;false;plains;4
3140;94;58;1;land;false;plains;4
3141;116;52;1;land;false;plains;4
3142;164;73;1;land;false;plains;4
3143;161;84;1;land;false;plains;4
3144;151;27;1;land;false;plains;4
3145;97;15;1;land;false;plains;4
3146;131;31;1;land;false;plains;4
3147;139;65;1;land;false;plains;4
3148;95;70;1;land;false;plains;4
3149;112;33;1;land;false;plains;4
3150;101;62;1;land;false;plains;4
3151;96;83;1;land;false;plains;4
3152;103;63;1;land;false;plains;4
3153;111;33;1;land;false;plains;4
3154;157;33;1;land;false;plains;4
3155;131;72;1;land;false;plains;4
3156;116;69;1;land;false;plains;4
3157;95;76;1;land;false;plains;4
3158;147;57;1;land;false;plains;4
3159;118;73;1;land;false;plains;4
3160;135;80;1;land;true;plains;4
3161;125;28;1;land;false;plains;4
3162;135;49;1;land;false;plains;4
3163;172;76;1;land;false;plains;4
3164;157;65;1;land;false;plains;4
3165;128;12;1;land;true;plains;4
3166;117;50;1;land;false;plains;4
3167;113;53;1;land;false;plains;4
3168;106;88;1;land;false;plains;4
3169;101;51;1;land;false;plains;4
3170;137;55;1;land;false;plains;4
3171;144;31;1;land;false;plains;4
3172;147;28;1;land;false;plains;4
3173;112;43;1;land;false;plains;4
3174;123;28;1;land;false;plains;4
3175;95;66;1;land;false;plains;4
3176;140;51;1;land;false;plains;4
3177;162;58;1;land;false;plains;4
3178;139;25;1;land;false;plains;4
3179;156;87;1;land;false;plains;4
3180;166;49;1;land;false;plains;4
3181;145;60;1;land;false;plains;4
3182;103;57;1;land;false;plains;4
3183;171;37;1;land;false;plains;4
3184;163;68;1;land;false;plains;4
3185;170;23;1;land;false;plains;4
3186;109;45;1;land;false;plains;4
3187;144;16;1;land;false;plains;4
3188;153;67;1;land;false;plains;4
3189;145;44;1;land;false;plains;4
3190;171;70;1;land;false;plains;4
3191;166;62;1;land;false;plains;4
3192;156;39;1;land;false;plains;4
3193;117;52;1;land;false;plains;4
3194;96;49;1;land;false;plains;4
3195;122;47;1;land;false;plains;4
3196;120;40;1;land;false;plains;4
3197;56;139;1;land;false;plains;4
3198;98;150;1;land;false;plains;4
3199;57;207;1;land;false;plains;4
3200;65;156;1;land;true;plains;4
3201;118;188;1;land;false;plains;4
3202;52;136;1;land;false;plains;4
3203;93;148;1;land;false;plains;4
3204;172;216;1;land;false;desert;4
3205;158;209;1;land;false;plains;4
3206;187;238;1;land;false;desert;4
3207;179;221;1;land;true;desert;4
3208;215;212;1;land;true;desert;4
3209;157;222;1;land;false;desert;4
3210;202;249;1;land;false;desert;4
3211;182;233;1;land;false;desert;4
3212;188;235;1;land;false;desert;4
3213;190;206;1;land;false;desert;4
3214;222;243;1;land;true;plains;4
3215;204;225;1;land;false;desert;4
3216;223;242;1;land;false;desert;4
3217;170;252;1;land;true;plains;4
3218;221;249;1;land;false;desert;4
3219;161;211;1;land;false;desert;4
3220;166;204;1;land;false;desert;4
3221;213;243;1;land;false;desert;4
3222;209;216;1;land;true;plains;4
3223;182;232;1;land;false;desert;4
3224;203;238;1;land;true;desert;4
3225;219;204;1;land;false;desert;4
3226;181;217;1;land;false;desert;4
3227;213;205;1;land;false;plains;4
3228;200;227;1;land;true;plains;4
3229;163;217;1;land;false;desert;4
3230;20;249;1;land;false;desert;4
3231;58;252;1;land;false;desert;4
3232;25;229;1;land;false;desert;4
3233;12;252;1;land;false;desert;4
3234;60;212;1;land;false;desert;4
3235;65;228;1;land;false;desert;4
3236;62;217;1;land;false;desert;4
3237;78;221;1;land;false;desert;4
3238;43;233;1;land;false;desert;4
3239;26;207;1;land;false;desert;4
3240;22;215;1;land;false;desert;4
3241;78;213;1;land;false;desert;4
3242;83;215;1;land;false;desert;4
3243;30;236;1;land;true;desert;4
3244;9;237;1;land;false;desert;4
3245;36;225;1;land;false;desert;4
3246;37;215;1;land;true;desert;4
3247;67;227;1;land;false;desert;4
3248;18;213;1;land;false;desert;4
3249;14;228;1;land;false;desert;4
3250;80;211;1;land;false;desert;4
3251;30;228;1;land;false;desert;4
3252;11;207;1;land;true;desert;4
3253;68;243;1;land;false;desert;4
3254;11;251;1;land;true;desert;4
3255;20;231;1;land;false;desert;4
3256;23;215;1;land;false;desert;4
3257;80;220;1;land;false;desert;4
3258;60;221;1;land;false;desert;4
3259;64;235;1;land;false;desert;4
3260;7;252;1;land;false;desert;4
3261;46;237;1;land;false;desert;4
3262;72;206;1;land;false;desert;4
3263;69;250;1;land;false;desert;4
3264;54;246;1;land;false;desert;4
3265;58;239;1;land;false;hills;4
3266;76;244;1;land;false;hills;4
3267;49;215;1;land;true;desert;4
3268;26;231;1;land;false;desert;4
3269;71;206;1;land;false;desert;4
3270;29;217;1;land;false;desert;4
3271;52;222;1;land;false;desert;4
3272;70;254;1;land;false;desert;4
3273;11;227;1;land;false;desert;4
3274;82;216;1;land;false;desert;4
3275;9;206;1;land;false;desert;4
3276;22;232;1;land;false;desert;4
3277;19;224;1;land;false;desert;4
3278;80;226;1;land;false;desert;4
3279;23;236;1;land;false;desert;4
3280;35;248;1;land;false;desert;4
3281;77;212;1;land;true;desert;4
3282;31;249;1;land;false;desert;4
3283;30;234;1;land;false;desert;4
3284;81;236;1;land;true;desert;4
3285;46;226;1;land;false;desert;4
3286;47;210;1;land;false;desert;4
3287;20;222;1;land;false;desert;4
3288;27;229;1;land;false;desert;4
3289;22;244;1;land;false;desert;4
3290;72;226;1;land;false;desert;4
3291;70;211;1;land;false;desert;4
3292;34;249;1;land;true;desert;4
3293;16;218;1;land;false;desert;4
3294;26;247;1;land;false;desert;4
3295;53;251;1;land;true;desert;4
3296;43;252;1;land;true;desert;4
3297;72;245;1;land;true;desert;4
3298;62;211;1;land;false;desert;4
3299;9;213;1;land;false;desert;4
3300;68;242;1;land;false;desert;4
3301;44;223;1;land;false;desert;4
3302;80;224;1;land;false;desert;4
3303;81;233;1;land;false;desert;4
3304;7;219;1;land;false;hills;4
3305;82;241;1;land;false;desert;4
3306;61;222;1;land;false;desert;4
3307;60;211;1;land;false;desert;4
3308;28;210;1;land;false;desert;4
3309;48;227;1;land;false;desert;4
3310;43;214;1;land;false;desert;4
3311;17;209;1;land;false;desert;4
3312;24;222;1;land;false;desert;4
3313;18;223;1;land;true;desert;4
3314;45;227;1;land;false;desert;4
3315;61;230;1;land;false;desert;4
3316;41;218;1;land;true;desert;4
3317;74;210;1;land;false;desert;4
3318;18;232;1;land;false;desert;4
3319;27;242;1;land;false;desert;4
3320;40;243;1;land;false;desert;4
3321;58;232;1;land;false;desert;4
3322;42;248;1;land;false;desert;4
3323;7;236;1;land;false;desert;4
3324;22;253;1;land;false;desert;4
3325;48;237;1;land;false;desert;4
3326;80;223;1;land;false;desert;4
3327;82;230;1;land;false;desert;4
3328;53;224;1;land;false;desert;4
3329;9;220;1;land;false;desert;4
3330;68;244;1;land;false;desert;4
3331;60;243;1;land;false;desert;4
3332;67;243;1;land;false;desert;4
3333;22;240;1;land;false;desert;4
3334;52;235;1;land;true;desert;4
3335;72;227;1;land;false;desert;4
3336;80;246;1;land;false;desert;4
3337;55;213;1;land;false;desert;4
3338;11;237;1;land;false;desert;4
3339;11;249;1;land;false;desert;4
3340;70;223;1;land;false;desert;4
3341;14;206;1;land;false;desert;4
3342;42;227;1;land;false;desert;4
3343;12;238;1;land;false;desert;4
3344;56;228;1;land;false;desert;4
3345;36;208;1;land;false;desert;4
3346;27;216;1;land;false;desert;4
3347;63;250;1;land;false;desert;4
3348;49;219;1;land;false;desert;4
3349;238;247;1;land;false;forest;4
3350;215;237;1;land;false;forest;4
3351;189;218;1;land;false;forest;4
3352;232;238;1;land;false;forest;4
3353;249;187;1;land;false;forest;4
3354;102;92;1;land;false;forest;4
3355;69;95;1;land;false;plains;4
3356;63;55;1;land;false;forest;4
3357;72;110;1;land;false;forest;4
3358;52;58;1;land;false;plains;4
3359;44;2;1;land;false;plains;4
3360;155;54;1;land;false;forest;4
3361;126;54;1;land;false;hills;4
3362;180;9;1;land;false;forest;4
3363;197;8;1;land;false;forest;4
3364;131;52;1;land;false;forest;4
3365;180;65;1;land;false;forest;4
3366;194;23;1;land;false;forest;4
3367;172;44;1;land;false;hills;4
3368;184;34;1;land;false;jungle;4
3369;71;11;1;land;false;forest;4
3370;108;23;1;land;false;forest;4
3371;66;44;1;land;false;forest;4
3372;60;19;1;land;false;forest;4
3373;83;9;1;land;false;forest;4
3374;85;30;1;land;false;forest;4
3375;76;54;1;land;false;forest;4
3376;46;48;1;land;false;forest;4
3377;93;35;1;land;false;forest;4
3378;182;153;1;land;false;desert;4
3379;171;135;1;land;false;hills;4
3380;148;158;1;land;false;desert;4
3381;192;142;1;land;false;desert;4
3382;178;144;1;land;false;desert;4
3383;192;113;1;land;false;desert;4
3384;216;166;1;land;false;desert;4
3385;170;120;1;land;false;desert;4
3386;199;125;1;land;false;desert;4
3387;143;182;1;land;false;desert;4
3388;166;125;1;land;false;desert;4
3389;144;131;1;land;false;desert;4
3390;169;137;1;land;false;desert;4
3391;209;184;1;land;false;desert;4
3392;158;141;1;land;false;desert;4
3393;206;116;1;land;false;desert;4
3394;210;144;1;land;false;desert;4
3395;151;142;1;land;false;desert;4
3396;184;171;1;land;false;desert;4
3397;156;130;1;land;false;desert;4
3398;199;149;1;land;false;desert;4
3399;178;177;1;land;false;desert;4
3400;194;124;1;land;false;desert;4
3401;201;127;1;land;false;plains;4
3402;147;139;1;land;false;desert;4
3403;205;145;1;land;false;desert;4
3404;167;134;1;land;false;desert;4
3405;141;143;1;land;false;desert;4
3406;194;121;1;land;false;desert;4
3407;175;168;1;land;false;desert;4
3408;182;125;1;land;false;hills;4
3409;179;125;1;land;false;desert;4
3410;146;131;1;land;false;desert;4
3411;152;108;1;land;false;desert;4
3412;149;140;1;land;false;desert;4
3413;196;107;1;land;false;desert;4
3414;214;120;1;land;false;desert;4
3415;142;164;1;land;false;desert;4
3416;214;181;1;land;false;desert;4
3417;151;140;1;land;false;desert;4
3418;161;182;1;land;false;desert;4
3419;210;122;1;land;false;desert;4
3420;164;186;1;land;false;desert;4
3421;165;147;1;land;false;desert;4
3422;141;165;1;land;false;mountain;4
3423;201;107;1;land;false;desert;4
3424;161;167;1;land;false;desert;4
3425;162;146;1;land;false;desert;4
3426;199;147;1;land;false;desert;4
3427;165;152;1;land;false;desert;4
3428;153;147;1;land;false;desert;4
3429;175;126;1;land;false;plains;4
3430;204;109;1;land;false;desert;4
3431;207;108;1;land;false;desert;4
3432;149;166;1;land;false;desert;4
3433;179;149;1;land;false;desert;4
3434;190;165;1;land;false;desert;4
3435;203;155;1;land;false;desert;4
3436;189;158;1;land;false;desert;4
3437;209;168;1;land;false;desert;4
3438;172;127;1;land;false;desert;4
3439;150;123;1;land;false;desert;4
3440;199;160;1;land;false;desert;4
3441;151;136;1;land;false;desert;4
3442;183;129;1;land;false;desert;4
3443;214;147;1;land;false;desert;4
3444;196;156;1;land;false;desert;4
3445;147;169;1;land;false;desert;4
3446;200;116;1;land;false;hills;4
3447;207;170;1;land;false;desert;4
3448;219;156;1;land;false;forest;4
3449;189;130;1;land;false;forest;4
3450;38;240;1;land;false;desert;4
3451;8;190;1;land;true;desert;4
3452;6;230;1;land;false;desert;4
3453;31;218;1;land;false;desert;4
3454;23;205;1;land;true;desert;4
3455;4;238;1;land;false;desert;4
3456;35;249;1;land;false;desert;4
3457;44;206;1;land;true;desert;4
3458;39;196;1;land;false;hills;4
3459;20;229;1;land;false;desert;4
3460;0;190;1;land;false;desert;4
3461;23;193;1;land;false;hills;4
3462;35;220;1;land;false;desert;4
3463;1;244;1;land;false;desert;4
3464;18;225;1;land;false;desert;4
3465;35;221;1;land;false;hills;4
3466;25;232;1;land;false;desert;4
3467;32;222;1;land;false;desert;4
3468;1;213;1;land;false;desert;4
3469;36;192;1;land;false;desert;4
3470;34;216;1;land;true;desert;4
3471;10;241;1;land;false;desert;4
3472;1;237;1;land;false;desert;4
3473;33;212;1;land;false;desert;4
3474;41;231;1;land;false;mountain;4
3475;43;247;1;land;true;desert;4
3476;39;212;1;land;false;desert;4
3477;44;237;1;land;false;desert;4
3478;10;248;1;land;true;desert;4
3479;35;239;1;land;false;desert;4
3480;38;215;1;land;false;desert;4
3481;15;230;1;land;false;desert;4
3482;8;247;1;land;false;desert;4
3483;41;251;1;land;false;desert;4
3484;34;241;1;land;false;desert;4
3485;38;246;1;land;false;desert;4
3486;9;217;1;land;true;desert;4
3487;44;219;1;land;false;desert;4
3488;47;241;1;land;false;desert;4
3489;46;218;1;land;false;desert;4
3490;29;222;1;land;true;desert;4
3491;46;227;1;land;true;desert;4
3492;12;197;1;land;false;desert;4
3493;1;191;1;land;false;desert;4
3494;20;197;1;land;true;desert;4
3495;39;218;1;land;false;desert;4
3496;13;230;1;land;false;desert;4
3497;48;200;1;land;false;desert;4
3498;28;228;1;land;false;desert;4
3499;45;207;1;land;false;desert;4
3500;26;219;1;land;false;desert;4
3501;34;192;1;land;false;desert;4
3502;17;206;1;land;false;desert;4
3503;25;201;1;land;true;desert;4
3504;22;218;1;land;false;desert;4
3505;33;238;1;land;false;desert;4
3506;5;211;1;land;false;desert;4
3507;30;224;1;land;false;desert;4
3508;49;222;1;land;false;desert;4
3509;18;193;1;land;false;desert;4
3510;33;226;1;land;false;desert;4
3511;11;190;1;land;true;desert;4
3512;43;225;1;land;false;desert;4
3513;39;194;1;land;false;plains;4
3514;47;197;1;land;false;desert;4
3515;34;201;1;land;false;hills;4
3516;7;217;1;land;true;desert;4
3517;35;200;1;land;false;desert;4
3518;44;248;1;land;false;desert;4
3519;8;235;1;land;true;desert;4
3520;30;205;1;land;false;desert;4
3521;5;218;1;land;false;desert;4
3522;33;199;1;land;false;desert;4
3523;33;200;1;land;false;desert;4
3524;6;201;1;land;false;desert;4
3525;34;223;1;land;false;desert;4
3526;8;215;1;land;false;desert;4
3527;21;245;1;land;false;hills;4
3528;19;215;1;land;true;desert;4
3529;3;196;1;land;false;desert;4
3530;35;241;1;land;false;desert;4
3531;7;194;1;land;false;hills;4
3532;23;246;1;land;false;desert;4
3533;11;215;1;land;false;desert;4
3534;44;222;1;land;false;desert;4
3535;19;242;1;land;false;desert;4
3536;13;203;1;land;true;desert;4
3537;5;231;1;land;false;desert;4
3538;36;193;1;land;false;desert;4
3539;46;206;1;land;false;desert;4
3540;1;203;1;land;true;desert;4
3541;28;199;1;land;true;desert;4
3542;33;208;1;land;false;desert;4
3543;45;228;1;land;false;desert;4
3544;10;217;1;land;false;desert;4
3545;27;205;1;land;false;desert;4
3546;40;205;1;land;false;desert;4
3547;44;243;1;land;false;desert;4
3548;40;250;1;land;false;desert;4
3549;37;201;1;land;false;desert;4
3550;13;221;1;land;false;desert;4
3551;10;201;1;land;false;desert;4
3552;16;221;1;land;false;desert;4
3553;21;243;1;land;true;desert;4
3554;29;196;1;land;false;desert;4
3555;5;247;1;land;false;desert;4
3556;41;217;1;land;false;desert;4
3557;38;241;1;land;false;mountain;4
3558;7;245;1;land;false;desert;4
3559;25;220;1;land;false;desert;4
3560;15;201;1;land;false;desert;4
3561;14;216;1;land;false;desert;4
3562;1;221;1;land;false;desert;4
3563;38;219;1;land;false;desert;4
3564;22;246;1;land;false;desert;4
3565;13;253;1;land;false;desert;4
3566;3;210;1;land;false;desert;4
3567;5;202;1;land;false;desert;4
3568;10;237;1;land;true;desert;4
3569;23;223;1;land;false;desert;4
3570;0;226;1;land;false;desert;4
3571;34;207;1;land;false;desert;4
3572;43;223;1;land;true;desert;4
3573;32;242;1;land;false;desert;4
3574;45;251;1;land;false;desert;4
3575;42;203;1;land;false;desert;4
3576;39;249;1;land;false;desert;4
3577;18;246;1;land;false;desert;4
3578;31;230;1;land;false;desert;4
3579;12;204;1;land;true;desert;4
3580;11;198;1;land;false;desert;4
3581;27;196;1;land;false;hills;4
3582;19;234;1;land;true;desert;4
3583;7;249;1;land;false;desert;4
3584;30;208;1;land;true;hills;4
3585;2;220;1;land;false;desert;4
3586;10;230;1;land;false;desert;4
3587;10;199;1;land;false;desert;4
3588;219;238;1;land;false;forest;4
3589;218;206;1;land;false;forest;4
3590;252;112;1;land;false;plains;4
3591;253;124;1;land;false;plains;4
3592;210;120;1;land;false;plains;4
3593;244;153;1;land;false;plains;4
3594;207;171;1;land;false;hills;4
3595;234;162;1;land;false;plains;4
3596;236;139;1;land;false;plains;4
3597;232;157;1;land;false;plains;4
3598;223;158;1;land;false;plains;4
3599;123;29;1;land;false;hills;4
3600;129;29;1;land;false;hills;4
3601;63;26;1;land;false;forest;4
3602;94;42;1;land;false;jungle;4
3603;59;37;1;land;false;hills;4
3604;118;0;1;land;false;hills;4
3605;119;23;1;land;false;mountain;4
3606;65;31;1;land;false;hills;4
3607;85;2;1;land;false;hills;4
3608;106;27;1;land;false;jungle;4
3609;92;30;1;land;false;jungle;4
3610;89;15;1;land;false;hills;4
3611;78;210;1;land;false;plains;4
3612;63;238;1;land;false;plains;4
3613;80;233;1;land;false;plains;4
3614;107;188;1;land;false;plains;4
3615;82;206;1;land;false;plains;4
3616;65;227;1;land;false;plains;4
3617;80;207;1;land;false;plains;4
3618;53;192;1;land;false;plains;4
3619;66;180;1;land;false;plains;4
3620;69;177;1;land;false;plains;4
3621;106;207;1;land;false;plains;4
3622;64;196;1;land;false;mountain;4
3623;111;235;1;land;false;plains;4
3624;104;174;1;land;false;hills;4
3625;54;170;1;land;false;plains;4
3626;115;178;1;land;false;hills;4
3627;56;201;1;land;false;hills;4
3628;46;220;1;land;false;hills;4
3629;65;236;1;land;false;hills;4
3630;119;163;1;land;false;hills;4
3631;90;167;1;land;false;plains;4
3632;109;181;1;land;false;plains;4
3633;113;211;1;land;false;plains;4
3634;120;184;1;land;false;plains;4
3635;90;211;1;land;false;plains;4
3636;77;169;1;land;false;plains;4
3637;68;205;1;land;false;plains;4
3638;69;174;1;land;false;plains;4
3639;50;171;1;land;false;plains;4
3640;82;219;1;land;false;plains;4
3641;60;239;1;land;false;plains;4
3642;96;167;1;land;false;plains;4
3643;50;200;1;land;false;hills;4
3644;118;197;1;land;false;plains;4
3645;93;220;1;land;false;plains;4
3646;47;195;1;land;false;plains;4
3647;50;234;1;land;false;plains;4
3648;109;237;1;land;false;plains;4
3649;121;215;1;land;false;plains;4
3650;108;190;1;land;false;plains;4
3651;48;175;1;land;false;hills;4
3652;101;233;1;land;false;plains;4
3653;46;168;1;land;false;plains;4
3654;50;175;1;land;false;hills;4
3655;83;234;1;land;false;hills;4
3656;46;195;1;land;false;plains;4
3657;66;171;1;land;false;plains;4
3658;108;163;1;land;false;plains;4
3659;71;201;1;land;false;plains;4
3660;52;165;1;land;false;plains;4
3661;49;168;1;land;false;plains;4
3662;119;203;1;land;false;plains;4
3663;90;231;1;land;false;plains;4
3664;69;224;1;land;false;plains;4
3665;120;176;1;land;false;plains;4
3666;97;215;1;land;false;plains;4
3667;98;202;1;land;false;plains;4
3668;65;168;1;land;false;hills;4
3669;54;197;1;land;false;hills;4
3670;116;185;1;land;false;hills;4
3671;101;188;1;land;false;plains;4
3672;113;224;1;land;false;hills;4
3673;72;184;1;land;false;plains;4
3674;85;168;1;land;false;plains;4
3675;94;190;1;land;false;hills;4
3676;118;238;1;land;false;hills;4
3677;64;165;1;land;false;plains;4
3678;101;205;1;land;false;plains;4
3679;79;227;1;land;false;plains;4
3680;60;179;1;land;false;plains;4
3681;120;201;1;land;false;plains;4
3682;110;203;1;land;false;plains;4
3683;65;217;1;land;false;plains;4
3684;116;165;1;land;false;plains;4
3685;56;162;1;land;false;mountain;4
3686;49;194;1;land;false;plains;4
3687;116;171;1;land;false;plains;4
3688;69;209;1;land;false;plains;4
3689;72;169;1;land;false;hills;4
3690;49;179;1;land;false;plains;4
3691;83;205;1;land;false;plains;4
3692;47;225;1;land;false;plains;4
3693;69;188;1;land;false;plains;4
3694;97;194;1;land;false;plains;4
3695;66;213;1;land;false;hills;4
3696;86;185;1;land;false;plains;4
3697;45;185;1;land;false;plains;4
3698;100;211;1;land;false;plains;4
3699;50;201;1;land;false;mountain;4
3700;111;191;1;land;false;plains;4
3701;78;222;1;land;false;plains;4
3702;70;202;1;land;false;hills;4
3703;80;241;1;land;false;plains;4
3704;103;204;1;land;false;hills;4
3705;82;228;1;land;false;plains;4
3706;53;234;1;land;false;plains;4
3707;109;199;1;land;false;hills;4
3708;48;239;1;land;false;plains;4
3709;112;240;1;land;false;plains;4
3710;83;188;1;land;false;plains;4
3711;72;216;1;land;false;plains;4
3712;77;239;1;land;false;hills;4
3713;82;164;1;land;false;plains;4
3714;71;227;1;land;false;plains;4
3715;72;170;1;land;false;hills;4
3716;104;226;1;land;false;plains;4
3717;97;211;1;land;false;plains;4
3718;95;207;1;land;false;mountain;4
3719;121;169;1;land;false;plains;4
3720;110;180;1;land;false;plains;4
3721;110;222;1;land;false;plains;4
3722;62;221;1;land;false;plains;4
3723;105;241;1;land;false;plains;4
3724;100;226;1;land;false;plains;4
3725;97;230;1;land;false;plains;4
3726;65;200;1;land;false;plains;4
3727;94;211;1;land;false;plains;4
3728;105;202;1;land;false;plains;4
3729;102;195;1;land;false;plains;4
3730;107;179;1;land;false;hills;4
3731;58;203;1;land;false;plains;4
3732;104;227;1;land;false;hills;4
3733;81;220;1;land;false;plains;4
3734;19;163;1;land;false;plains;4
3735;60;149;1;land;false;forest;4
3736;18;183;1;land;false;forest;4
3737;5;160;1;land;false;forest;4
3738;32;32;1;land;false;plains;4
3739;1;85;1;land;false;forest;4
3740;12;74;1;land;false;plains;4
3741;6;58;1;land;false;plains;4
3742;41;52;1;land;false;plains;4
3743;63;75;1;land;false;plains;4
3744;11;95;1;land;false;plains;4
3745;50;44;1;land;false;forest;4
3746;108;16;1;land;false;plains;4
3747;88;70;1;land;false;plains;4
3748;60;57;1;land;false;plains;4
3749;94;11;1;land;false;plains;4
3750;207;60;1;land;false;forest;4
3751;187;41;1;land;false;forest;4
3752;201;71;1;land;false;forest;4
3753;236;45;1;land;false;forest;4
3754;200;58;1;land;false;forest;4
3755;28;39;1;land;false;mountain;4
3756;24;20;1;land;false;plains;4
3757;42;44;1;land;false;mountain;4
3758;29;35;1;land;false;plains;4
3759;46;2;1;land;false;plains;4
3760;31;33;1;land;false;plains;4
3761;10;31;1;land;false;plains;4
3762;32;33;1;land;false;plains;4
3763;25;12;1;land;false;plains;4
3764;1;21;1;land;false;plains;4
3765;13;45;1;land;false;hills;4
3766;14;28;1;land;false;plains;4
3767;47;39;1;land;false;plains;4
3768;37;31;1;land;false;hills;4
3769;26;9;1;land;false;plains;4
3770;55;27;1;land;false;plains;4
3771;5;45;1;land;false;plains;4
3772;20;43;1;land;false;plains;4
3773;45;15;1;land;false;plains;4
3774;13;19;1;land;false;plains;4
3775;34;24;1;land;false;plains;4
3776;12;1;1;land;false;plains;4
3777;29;41;1;land;false;plains;4
3778;15;41;1;land;false;plains;4
3779;35;10;1;land;false;plains;4
3780;4;45;1;land;false;plains;4
3781;56;34;1;land;false;plains;4
3782;35;44;1;land;false;plains;4
3783;28;46;1;land;false;plains;4
3784;39;38;1;land;false;hills;4
3785;16;24;1;land;false;plains;4
3786;2;26;1;land;false;plains;4
3787;7;39;1;land;false;plains;4
3788;41;17;1;land;false;plains;4
3789;25;38;1;land;false;plains;4
3790;6;27;1;land;false;plains;4
3791;55;25;1;land;false;plains;4
3792;41;22;1;land;false;plains;4
3793;36;19;1;land;false;plains;4
3794;46;38;1;land;false;plains;4
3795;26;45;1;land;false;plains;4
3796;31;13;1;land;false;plains;4
3797;6;45;1;land;false;hills;4
3798;34;19;1;land;false;plains;4
3799;2;24;1;land;false;plains;4
3800;22;23;1;land;false;plains;4
3801;29;22;1;land;false;plains;4
3802;13;23;1;land;false;plains;4
3803;9;1;1;land;false;plains;4
3804;18;11;1;land;false;plains;4
3805;42;29;1;land;false;plains;4
3806;6;9;1;land;false;plains;4
3807;54;26;1;land;false;plains;4
3808;14;43;1;land;false;plains;4
3809;13;42;1;land;false;plains;4
3810;9;11;1;land;false;hills;4
3811;1;8;1;land;false;mountain;4
3812;5;21;1;land;false;plains;4
3813;17;26;1;land;false;plains;4
3814;9;31;1;land;false;plains;4
3815;41;9;1;land;false;plains;4
3816;46;42;1;land;false;hills;4
3817;162;115;1;land;false;plains;4
3818;153;111;1;land;false;plains;4
3819;103;143;1;land;false;plains;4
3820;163;89;1;land;false;plains;4
3821;193;123;1;land;true;plains;4
3822;244;113;1;land;true;hills;4
3823;241;164;1;land;true;plains;4
3824;44;177;1;land;false;plains;4
3825;54;160;1;land;false;plains;4
3826;15;169;1;land;false;plains;4
3827;46;187;1;land;false;plains;4
3828;21;141;1;land;false;plains;4
3829;39;115;1;land;false;plains;4
3830;5;113;1;land;false;plains;4
3831;56;119;1;land;false;plains;4
3832;12;154;1;land;false;plains;4
3833;29;153;1;land;false;plains;4
3834;33;112;1;land;false;plains;4
3835;58;109;1;land;false;plains;4
3836;21;145;1;land;false;plains;4
3837;18;125;1;land;false;plains;4
3838;13;137;1;land;false;plains;4
3839;25;165;1;land;false;plains;4
3840;4;136;1;land;false;plains;4
3841;49;132;1;land;false;plains;4
3842;29;133;1;land;false;plains;4
3843;53;167;1;land;false;plains;4
3844;17;152;1;land;false;plains;4
3845;24;186;1;land;false;plains;4
3846;30;153;1;land;false;plains;4
3847;24;139;1;land;false;plains;4
3848;13;164;1;land;false;plains;4
3849;25;154;1;land;false;plains;4
3850;0;171;1;land;false;plains;4
3851;54;112;1;land;false;plains;4
3852;57;130;1;land;false;plains;4
3853;30;157;1;land;false;plains;4
3854;26;145;1;land;false;plains;4
3855;16;124;1;land;false;plains;4
3856;44;187;1;land;false;plains;4
3857;45;133;1;land;false;plains;4
3858;15;114;1;land;false;plains;4
3859;39;174;1;land;false;plains;4
3860;39;114;1;land;false;hills;4
3861;23;112;1;land;false;plains;4
3862;58;167;1;land;false;plains;4
3863;32;184;1;land;false;plains;4
3864;41;172;1;land;false;plains;4
3865;1;155;1;land;false;plains;4
3866;54;159;1;land;false;plains;4
3867;52;132;1;land;false;plains;4
3868;1;164;1;land;false;plains;4
3869;7;181;1;land;false;plains;4
3870;43;143;1;land;false;plains;4
3871;206;140;1;land;false;plains;4
3872;179;129;1;land;false;plains;4
3873;196;149;1;land;false;hills;4
3874;218;82;1;land;false;plains;4
3875;159;118;1;land;false;plains;4
3876;28;62;1;land;false;plains;4
3877;34;107;1;land;false;plains;4
3878;25;118;1;land;false;plains;4
3879;212;175;1;land;false;hills;4
3880;186;234;1;land;false;hills;4
3881;209;220;1;land;false;hills;4
3882;208;213;1;land;false;mountain;4
3883;248;219;1;land;false;hills;4
3884;222;175;1;land;false;hills;4
3885;189;214;1;land;false;mountain;4
3886;195;189;1;land;false;hills;4
3887;67;92;1;land;false;plains;4
3888;32;127;1;land;false;plains;4
3889;26;60;1;land;false;plains;4
3890;120;128;1;land;false;forest;4
3891;114;121;1;land;false;forest;4
3892;196;109;1;land;true;forest;4
3893;228;82;1;land;true;forest;4
3894;173;110;1;land;false;forest;4
3895;224;80;1;land;false;forest;4
3896;186;102;1;land;true;forest;4
3897;195;76;1;land;false;forest;4
3898;207;110;1;land;false;forest;4
3899;68;76;1;land;false;plains;4
3900;74;70;1;land;true;plains;4
3901;82;39;1;land;false;plains;4
3902;72;91;1;land;true;plains;4
3903;46;93;1;land;false;plains;4
3904;56;156;1;land;false;plains;4
3905;9;199;1;land;false;plains;4
3906;11;167;1;land;false;plains;4
3907;58;207;1;land;false;plains;4
3908;17;148;1;land;false;plains;4
3909;23;143;1;land;false;plains;4
3910;19;202;1;land;false;plains;4
3911;8;146;1;land;false;plains;4
3912;0;209;1;land;false;plains;4
3913;157;53;1;land;false;forest;4
3914;102;118;1;land;false;plains;4
3915;88;160;1;land;true;plains;4
3916;80;154;1;land;true;plains;4
3917;120;119;1;land;true;plains;4
3918;137;139;1;land;true;plains;4
3919;242;219;1;land;false;forest;4
3920;211;217;1;land;false;hills;4
3921;249;221;1;land;false;forest;4
3922;242;157;1;land;false;jungle;4
3923;226;115;1;land;false;plains;4
3924;212;166;1;land;false;jungle;4
3925;225;123;1;land;false;forest;4
3926;214;102;1;land;false;hills;4
3927;250;126;1;land;false;plains;4
3928;229;122;1;land;false;hills;4
3929;238;159;1;land;false;forest;4
3930;201;116;1;land;false;plains;4
3931;233;143;1;land;false;plains;4
3932;86;21;1;land;true;plains;4
3933;130;34;1;land;false;plains;4
3934;131;5;1;land;true;plains;4
3935;115;10;1;land;true;plains;4
3936;79;27;1;land;false;plains;4
3937;118;11;1;land;false;mountain;4
3938;79;30;1;land;false;plains;4
3939;122;36;1;land;false;plains;4
3940;140;18;1;land;false;plains;4
3941;136;3;1;land;false;plains;4
3942;82;26;1;land;false;plains;4
3943;84;39;1;land;false;plains;4
3944;75;4;1;land;false;plains;4
3945;125;10;1;land;false;hills;4
3946;75;34;1;land;false;plains;4
3947;122;25;1;land;false;plains;4
3948;120;1;1;land;false;plains;4
3949;66;15;1;land;false;plains;4
3950;97;42;1;land;false;plains;4
3951;64;24;1;land;false;plains;4
3952;98;31;1;land;false;hills;4
3953;109;38;1;land;false;mountain;4
3954;106;39;1;land;false;plains;4
3955;141;39;1;land;false;plains;4
3956;65;25;1;land;false;plains;4
3957;111;9;1;land;true;plains;4
3958;116;42;1;land;false;plains;4
3959;130;21;1;land;false;plains;4
3960;134;7;1;land;false;plains;4
3961;141;29;1;land;false;plains;4
3962;94;2;1;land;false;hills;4
3963;138;28;1;land;false;plains;4
3964;124;12;1;land;false;plains;4
3965;125;14;1;land;true;plains;4
3966;70;31;1;land;false;plains;4
3967;96;39;1;land;true;plains;4
3968;109;34;1;land;false;plains;4
3969;119;29;1;land;false;hills;4
3970;125;30;1;land;false;plains;4
3971;103;34;1;land;false;plains;4
3972;118;19;1;land;false;plains;4
3973;133;0;1;land;true;plains;4
3974;133;12;1;land;false;plains;4
3975;105;7;1;land;true;plains;4
3976;107;23;1;land;false;mountain;4
3977;140;25;1;land;false;plains;4
3978;138;22;1;land;false;hills;4
3979;102;32;1;land;true;plains;4
3980;103;22;1;land;false;hills;4
3981;134;37;1;land;false;plains;4
3982;141;23;1;land;true;plains;4
3983;117;15;1;land;false;plains;4
3984;126;18;1;land;false;plains;4
3985;68;27;1;land;false;hills;4
3986;138;36;1;land;true;plains;4
3987;104;18;1;land;false;plains;4
3988;138;9;1;land;true;plains;4
3989;130;38;1;land;false;plains;4
3990;64;18;1;land;true;plains;4
3991;124;21;1;land;false;plains;4
3992;84;8;1;land;true;plains;4
3993;95;16;1;land;true;plains;4
3994;123;5;1;land;false;hills;4
3995;110;33;1;land;false;plains;4
3996;69;12;1;land;false;plains;4
3997;89;32;1;land;false;plains;4
3998;116;33;1;land;false;plains;4
3999;86;15;1;land;false;plains;4
4000;70;25;1;land;true;plains;4
4001;108;19;1;land;false;plains;4
4002;84;6;1;land;false;plains;4
4003;142;24;1;land;false;plains;4
4004;88;9;1;land;false;plains;4
4005;81;38;1;land;false;plains;4
4006;106;26;1;land;false;plains;4
4007;71;16;1;land;false;plains;4
4008;114;22;1;land;true;plains;4
4009;73;36;1;land;false;plains;4
4010;65;21;1;land;false;hills;4
4011;111;19;1;land;false;plains;4
4012;103;9;1;land;true;plains;4
4013;142;31;1;land;false;hills;4
4014;139;9;1;land;false;plains;4
4015;126;22;1;land;true;plains;4
4016;107;28;1;land;false;plains;4
4017;136;36;1;land;false;hills;4
4018;77;12;1;land;false;plains;4
4019;88;7;1;land;false;plains;4
4020;103;10;1;land;false;plains;4
4021;132;26;1;land;true;plains;4
4022;98;3;1;land;false;plains;4
4023;123;22;1;land;false;hills;4
4024;107;7;1;land;false;plains;4
4025;94;28;1;land;false;plains;4
4026;75;32;1;land;false;plains;4
4027;96;17;1;land;false;plains;4
4028;128;29;1;land;false;plains;4
4029;115;33;1;land;false;plains;4
4030;99;11;1;land;false;hills;4
4031;108;27;1;land;true;plains;4
4032;140;10;1;land;false;plains;4
4033;135;6;1;land;false;hills;4
4034;110;42;1;land;false;plains;4
4035;96;12;1;land;false;hills;4
4036;77;42;1;land;false;plains;4
4037;75;38;1;land;false;plains;4
4038;118;12;1;land;false;mountain;4
4039;91;38;1;land;false;hills;4
4040;127;0;1;land;false;plains;4
4041;79;26;1;land;false;plains;4
4042;25;69;1;land;false;forest;4
4043;91;90;1;land;false;forest;4
4044;75;74;1;land;false;forest;4
4045;67;116;1;land;false;forest;4
4046;79;105;1;land;false;plains;4
4047;103;94;1;land;true;jungle;4
4048;60;112;1;land;false;plains;4
4049;110;121;1;land;true;jungle;4
4050;67;44;1;land;false;plains;4
4051;122;76;1;land;false;forest;4
4052;121;75;1;land;false;forest;4
4053;82;97;1;land;false;plains;4
4054;108;49;1;land;false;forest;4
4055;220;238;1;land;false;plains;4
4056;232;226;1;land;true;plains;4
4057;173;210;1;land;false;plains;4
4058;175;223;1;land;false;plains;4
4059;212;234;1;land;false;plains;4
4060;157;232;1;land;false;plains;4
4061;192;175;1;land;false;plains;4
4062;157;184;1;land;false;plains;4
4063;200;169;1;land;false;plains;4
4064;159;238;1;land;false;plains;4
4065;187;215;1;land;false;plains;4
4066;197;210;1;land;false;plains;4
4067;192;176;1;land;false;plains;4
4068;188;200;1;land;true;plains;4
4069;187;176;1;land;false;plains;4
4070;221;206;1;land;false;plains;4
4071;169;184;1;land;false;plains;4
4072;191;197;1;land;true;plains;4
4073;169;226;1;land;false;plains;4
4074;171;184;1;land;false;plains;4
4075;221;181;1;land;false;plains;4
4076;228;210;1;land;true;plains;4
4077;209;189;1;land;true;plains;4
4078;207;226;1;land;false;plains;4
4079;200;181;1;land;false;plains;4
4080;200;190;1;land;false;plains;4
4081;220;179;1;land;false;plains;4
4082;234;175;1;land;true;plains;4
4083;182;240;1;land;false;plains;4
4084;209;212;1;land;false;plains;4
4085;212;203;1;land;false;plains;4
4086;160;164;1;land;false;plains;4
4087;228;215;1;land;false;plains;4
4088;223;234;1;land;false;plains;4
4089;14;150;1;land;false;forest;4
4090;6;163;1;land;false;forest;4
4091;43;165;1;land;false;jungle;4
4092;35;23;1;land;false;forest;4
4093;17;29;1;land;true;forest;4
4094;33;31;1;land;true;forest;4
4095;33;81;1;land;false;forest;4
4096;0;70;1;land;true;forest;4
4097;0;33;1;land;false;plains;4
4098;19;52;1;land;false;plains;4
4099;9;71;1;land;false;plains;4
4100;19;66;1;land;true;forest;4
4101;7;79;1;land;false;plains;4
4102;35;32;1;land;false;plains;4
4103;13;52;1;land;true;forest;4
4104;56;143;1;land;false;forest;4
4105;64;128;1;land;false;forest;4
4106;105;108;1;land;false;forest;4
4107;47;91;1;land;false;forest;4
4108;94;124;1;land;false;forest;4
4109;235;56;1;land;false;hills;4
4110;229;99;1;land;false;hills;4
4111;254;112;1;land;false;plains;4
4112;211;92;1;land;false;hills;4
4113;229;42;1;land;false;hills;4
4114;231;105;1;land;false;plains;4
4115;205;117;1;land;false;hills;4
4116;243;54;1;land;false;plains;4
4117;248;75;1;land;false;plains;4
4118;242;94;1;land;false;hills;4
4119;229;93;1;land;false;plains;4
4120;220;86;1;land;false;hills;4
4121;93;90;1;land;false;plains;4
4122;108;74;1;land;false;plains;4
4123;99;90;1;land;false;plains;4
4124;73;46;1;land;false;plains;4
4125;71;58;1;land;false;plains;4
4126;88;48;1;land;false;hills;4
4127;128;119;1;land;false;plains;4
4128;109;66;1;land;false;plains;4
4129;61;117;1;land;true;plains;4
4130;82;68;1;land;false;plains;4
4131;107;79;1;land;false;plains;4
4132;97;65;1;land;false;plains;4
4133;110;54;1;land;true;plains;4
4134;127;96;1;land;true;plains;4
4135;120;118;1;land;false;plains;4
4136;128;104;1;land;false;plains;4
4137;83;118;1;land;false;plains;4
4138;73;116;1;land;false;plains;4
4139;68;71;1;land;true;plains;4
4140;98;56;1;land;false;plains;4
4141;73;115;1;land;false;plains;4
4142;78;109;1;land;false;plains;4
4143;110;86;1;land;true;plains;4
4144;119;59;1;land;true;plains;4
4145;104;89;1;land;false;plains;4
4146;127;81;1;land;false;plains;4
4147;74;59;1;land;false;plains;4
4148;75;65;1;land;false;plains;4
4149;112;109;1;land;false;plains;4
4150;97;117;1;land;true;plains;4
4151;103;45;1;land;false;plains;4
4152;120;60;1;land;false;plains;4
4153;104;115;1;land;false;hills;4
4154;64;105;1;land;true;plains;4
4155;55;110;1;land;false;plains;4
4156;101;112;1;land;true;plains;4
4157;113;76;1;land;false;plains;4
4158;86;80;1;land;false;hills;4
4159;114;109;1;land;false;plains;4
4160;109;76;1;land;true;plains;4
4161;95;57;1;land;false;plains;4
4162;127;75;1;land;false;plains;4
4163;117;121;1;land;false;plains;4
4164;80;71;1;land;false;plains;4
4165;131;67;1;land;false;plains;4
4166;89;69;1;land;false;plains;4
4167;94;121;1;land;false;plains;4
4168;99;119;1;land;false;plains;4
4169;81;73;1;land;true;plains;4
4170;92;120;1;land;false;plains;4
4171;121;115;1;land;false;plains;4
4172;79;107;1;land;true;plains;4
4173;101;120;1;land;false;hills;4
4174;70;56;1;land;true;plains;4
4175;60;95;1;land;false;plains;4
4176;75;93;1;land;false;plains;4
4177;102;112;1;land;false;plains;4
4178;55;81;1;land;false;plains;4
4179;65;124;1;land;false;plains;4
4180;129;106;1;land;false;plains;4
4181;84;101;1;land;false;plains;4
4182;128;70;1;land;false;plains;4
4183;92;86;1;land;true;plains;4
4184;76;76;1;land;false;plains;4
4185;57;87;1;land;false;plains;4
4186;92;79;1;land;false;plains;4
4187;62;89;1;land;false;plains;4
4188;107;85;1;land;false;plains;4
4189;114;82;1;land;false;plains;4
4190;129;98;1;land;false;plains;4
4191;116;108;1;land;false;hills;4
4192;88;85;1;land;true;plains;4
4193;56;79;1;land;false;plains;4
4194;62;119;1;land;false;plains;4
4195;128;121;1;land;false;plains;4
4196;62;78;1;land;false;plains;4
4197;70;69;1;land;false;plains;4
4198;121;93;1;land;false;plains;4
4199;67;115;1;land;false;plains;4
4200;132;69;1;land;true;plains;4
4201;95;109;1;land;false;plains;4
4202;59;46;1;land;false;plains;4
4203;129;120;1;land;false;plains;4
4204;67;96;1;land;false;plains;4
4205;62;63;1;land;true;plains;4
4206;132;110;1;land;false;plains;4
4207;93;105;1;land;true;plains;4
4208;129;47;1;land;false;plains;4
4209;123;70;1;land;false;plains;4
4210;98;45;1;land;true;plains;4
4211;58;223;1;land;false;forest;4
4212;42;158;1;land;false;forest;4
4213;50;154;1;land;false;forest;4
4214;29;199;1;land;false;forest;4
4215;28;178;1;land;false;forest;4
4216;74;228;1;land;false;forest;4
4217;74;111;1;land;false;plains;4
4218;131;141;1;land;false;forest;4
4219;109;133;1;land;false;forest;4
4220;71;156;1;land;false;forest;4
4221;35;5;1;land;false;forest;4
4222;107;91;1;land;false;plains;4
4223;108;133;1;land;false;plains;4
4224;112;103;1;land;false;hills;4
4225;141;132;1;land;false;plains;4
4226;144;120;1;land;false;plains;4
4227;154;127;1;land;false;plains;4
4228;152;125;1;land;false;plains;4
4229;120;97;1;land;false;plains;4
4230;154;158;1;land;false;plains;4
4231;107;148;1;land;false;plains;4
4232;131;144;1;land;false;plains;4
4233;165;96;1;land;false;plains;4
4234;138;110;1;land;false;plains;4
4235;96;79;1;land;false;plains;4
4236;112;149;1;land;false;desert;4
4237;106;147;1;land;false;plains;4
4238;112;153;1;land;false;plains;4
4239;166;104;1;land;false;plains;4
4240;80;239;1;land;false;forest;4
4241;117;164;1;land;false;forest;4
4242;76;165;1;land;false;plains;4
4243;93;197;1;land;false;forest;4
4244;97;236;1;land;false;forest;4
4245;243;45;1;land;false;hills;4
4246;198;62;1;land;false;plains;4
4247;222;41;1;land;false;hills;4
4248;239;48;1;land;false;hills;4
4249;245;82;1;land;false;hills;4
4250;212;107;1;land;false;plains;4
4251;216;135;1;land;false;forest;4
4252;150;141;1;land;true;forest;4
4253;186;86;1;land;true;forest;4
4254;154;112;1;land;false;forest;4
4255;180;91;1;land;true;forest;4
4256;179;120;1;land;true;forest;4
4257;154;111;1;land;true;forest;4
4258;160;143;1;land;true;forest;4
4259;92;227;1;land;false;plains;4
4260;83;213;1;land;false;plains;4
4261;157;63;1;land;false;plains;4
4262;206;83;1;land;false;plains;4
4263;168;50;1;land;false;plains;4
4264;202;58;1;land;false;plains;4
4265;185;138;1;land;false;plains;4
4266;15;32;1;land;false;jungle;4
4267;7;71;1;land;false;hills;4
4268;38;87;1;land;false;jungle;4
4269;25;74;1;land;false;hills;4
4270;8;55;1;land;false;forest;4
4271;22;30;1;land;false;jungle;4
4272;19;41;1;land;false;jungle;4
4273;0;21;1;land;false;jungle;4
4274;42;37;1;land;false;jungle;4
4275;13;88;1;land;false;forest;4
4276;31;48;1;land;false;hills;4
4277;55;29;1;land;false;jungle;4
4278;9;77;1;land;false;hills;4
4279;10;88;1;land;false;jungle;4
4280;1;42;1;land;false;forest;4
4281;63;43;1;land;false;jungle;4
4282;14;76;1;land;false;hills;4
4283;48;28;1;land;false;jungle;4
4284;63;87;1;land;false;forest;4
4285;31;27;1;land;false;hills;4
4286;49;49;1;land;false;jungle;4
4287;39;77;1;land;false;forest;4
4288;49;138;1;land;false;desert;4
4289;75;176;1;land;false;desert;4
4290;17;196;1;land;false;desert;4
4291;74;135;1;land;false;desert;4
4292;62;172;1;land;false;hills;4
4293;14;201;1;land;false;desert;4
4294;0;160;1;land;false;desert;4
4295;62;173;1;land;false;desert;4
4296;6;176;1;land;false;desert;4
4297;33;193;1;land;false;hills;4
4298;40;201;1;land;false;desert;4
4299;44;168;1;land;false;desert;4
4300;9;166;1;land;false;desert;4
4301;1;163;1;land;false;desert;4
4302;23;141;1;land;false;desert;4
4303;65;163;1;land;false;mountain;4
4304;3;142;1;land;false;desert;4
4305;15;165;1;land;false;mountain;4
4306;11;149;1;land;false;desert;4
4307;66;197;1;land;false;hills;4
4308;39;184;1;land;false;desert;4
4309;1;159;1;land;false;desert;4
4310;18;206;1;land;false;hills;4
4311;18;162;1;land;false;desert;4
4312;24;150;1;land;false;hills;4
4313;26;158;1;land;false;desert;4
4314;58;197;1;land;false;desert;4
4315;35;211;1;land;false;desert;4
4316;51;173;1;land;false;desert;4
4317;3;167;1;land;false;desert;4
4318;25;136;1;land;false;desert;4
4319;192;55;1;land;false;forest;4
4320;172;91;1;land;false;forest;4
4321;180;219;1;land;false;desert;4
4322;178;209;1;land;false;desert;4
4323;250;192;1;land;false;desert;4
4324;227;184;1;land;false;desert;4
4325;245;148;1;land;false;desert;4
4326;241;169;1;land;false;desert;4
4327;217;192;1;land;false;desert;4
4328;236;166;1;land;false;desert;4
4329;249;169;1;land;false;desert;4
4330;184;206;1;land;false;desert;4
4331;214;149;1;land;false;desert;4
4332;188;141;1;land;false;desert;4
4333;195;161;1;land;false;desert;4
4334;243;177;1;land;false;desert;4
4335;212;182;1;land;false;desert;4
4336;194;149;1;land;false;desert;4
4337;216;199;1;land;false;desert;4
4338;208;185;1;land;false;desert;4
4339;183;159;1;land;false;desert;4
4340;234;167;1;land;false;desert;4
4341;205;195;1;land;false;desert;4
4342;196;190;1;land;false;desert;4
4343;180;187;1;land;false;desert;4
4344;181;188;1;land;false;desert;4
4345;213;171;1;land;false;plains;4
4346;223;149;1;land;false;desert;4
4347;207;215;1;land;false;desert;4
4348;225;209;1;land;false;desert;4
4349;219;188;1;land;false;desert;4
4350;244;208;1;land;false;desert;4
4351;210;205;1;land;false;desert;4
4352;252;169;1;land;false;desert;4
4353;238;141;1;land;false;desert;4
4354;245;206;1;land;false;desert;4
4355;176;209;1;land;false;mountain;4
4356;233;207;1;land;false;desert;4
4357;201;161;1;land;false;desert;4
4358;237;192;1;land;false;desert;4
4359;186;203;1;land;false;desert;4
4360;181;195;1;land;false;desert;4
4361;227;147;1;land;false;desert;4
4362;203;218;1;land;false;desert;4
4363;198;215;1;land;false;desert;4
4364;214;169;1;land;false;desert;4
4365;198;148;1;land;false;desert;4
4366;191;206;1;land;false;desert;4
4367;241;194;1;land;false;desert;4
4368;247;179;1;land;false;desert;4
4369;247;150;1;land;false;desert;4
4370;246;160;1;land;false;desert;4
4371;249;183;1;land;false;desert;4
4372;212;179;1;land;false;desert;4
4373;241;190;1;land;false;desert;4
4374;198;216;1;land;false;desert;4
4375;253;186;1;land;false;desert;4
4376;206;153;1;land;false;desert;4
4377;189;202;1;land;false;mountain;4
4378;182;175;1;land;false;desert;4
4379;228;148;1;land;false;desert;4
4380;218;203;1;land;false;desert;4
4381;201;174;1;land;false;desert;4
4382;247;175;1;land;false;desert;4
4383;186;199;1;land;false;desert;4
4384;213;209;1;land;false;desert;4
4385;184;189;1;land;false;desert;4
4386;178;206;1;land;false;desert;4
4387;254;140;1;land;false;desert;4
4388;234;161;1;land;false;desert;4
4389;251;153;1;land;false;desert;4
4390;186;140;1;land;false;desert;4
4391;218;178;1;land;false;desert;4
4392;178;203;1;land;false;desert;4
4393;215;182;1;land;false;desert;4
4394;243;199;1;land;false;desert;4
4395;237;188;1;land;false;desert;4
4396;195;177;1;land;false;desert;4
4397;193;142;1;land;false;desert;4
4398;124;51;1;land;false;plains;4
4399;109;61;1;land;false;forest;4
4400;131;41;1;land;false;plains;4
4401;156;136;1;land;false;forest;4
4402;104;131;1;land;false;plains;4
4403;169;186;1;land;false;plains;4
4404;121;167;1;land;false;plains;4
4405;136;149;1;land;false;plains;4
4406;196;3;1;land;false;plains;4
4407;28;15;1;land;false;desert;4
4408;60;13;1;land;false;desert;4
4409;22;27;1;land;true;plains;4
4410;70;46;1;land;false;desert;4
4411;3;29;1;land;false;plains;4
4412;37;21;1;land;false;desert;4
4413;78;27;1;land;false;desert;4
4414;11;10;1;land;false;desert;4
4415;7;29;1;land;false;desert;4
4416;6;1;1;land;true;forest;4
4417;60;4;1;land;false;desert;4
4418;244;233;1;land;false;plains;4
4419;176;215;1;land;false;desert;4
4420;230;247;1;land;false;desert;4
4421;236;213;1;land;false;plains;4
4422;222;214;1;land;false;desert;4
4423;183;213;1;land;false;plains;4
4424;186;196;1;land;false;plains;4
4425;198;246;1;land;false;desert;4
4426;225;237;1;land;false;plains;4
4427;253;244;1;land;false;plains;4
4428;207;222;1;land;false;plains;4
4429;247;212;1;land;false;plains;4
4430;200;223;1;land;false;desert;4
4431;243;225;1;land;false;plains;4
4432;27;41;1;land;false;forest;4
4433;45;9;1;land;false;plains;4
4434;9;34;1;land;false;forest;4
4435;27;25;1;land;false;plains;4
4436;49;62;1;land;false;forest;4
4437;33;26;1;land;false;plains;4
4438;0;13;1;land;false;forest;4
4439;68;23;1;land;false;plains;4
4440;25;28;1;land;false;forest;4
4441;67;33;1;land;false;plains;4
4442;28;51;1;land;false;plains;4
4443;156;8;1;land;false;desert;4
4444;173;45;1;land;true;desert;4
4445;124;14;1;land;false;desert;4
4446;132;21;1;land;false;desert;4
4447;177;2;1;land;false;desert;4
4448;142;57;1;land;false;desert;4
4449;153;19;1;land;false;desert;4
4450;177;8;1;land;false;desert;4
4451;99;51;1;land;true;desert;4
4452;175;43;1;land;false;desert;4
4453;115;72;1;land;false;hills;4
4454;124;64;1;land;false;desert;4
4455;164;55;1;land;false;desert;4
4456;142;20;1;land;false;desert;4
4457;107;4;1;land;false;desert;4
4458;153;23;1;land;false;desert;4
4459;175;2;1;land;false;desert;4
4460;108;35;1;land;false;plains;4
4461;124;71;1;land;false;desert;4
4462;107;54;1;land;false;desert;4
4463;167;23;1;land;false;plains;4
4464;106;69;1;land;false;hills;4
4465;119;25;1;land;false;desert;4
4466;121;58;1;land;false;desert;4
4467;131;23;1;land;false;plains;4
4468;132;0;1;land;false;desert;4
4469;133;16;1;land;true;desert;4
4470;151;44;1;land;false;desert;4
4471;104;45;1;land;true;desert;4
4472;172;32;1;land;false;desert;4
4473;169;8;1;land;false;desert;4
4474;165;24;1;land;false;hills;4
4475;176;31;1;land;false;desert;4
4476;138;70;1;land;false;desert;4
4477;136;24;1;land;false;desert;4
4478;171;19;1;land;false;desert;4
4479;142;64;1;land;false;desert;4
4480;133;42;1;land;false;desert;4
4481;160;20;1;land;false;desert;4
4482;168;34;1;land;true;desert;4
4483;109;70;1;land;false;desert;4
4484;165;178;1;land;false;forest;4
4485;185;133;1;land;false;plains;4
4486;201;110;1;land;false;plains;4
4487;160;179;1;land;false;jungle;4
4488;66;141;1;land;false;plains;4
4489;79;132;1;land;false;plains;4
4490;17;155;1;land;false;plains;4
4491;37;150;1;land;false;plains;4
4492;89;208;1;land;false;plains;4
4493;119;241;1;land;false;hills;4
4494;94;239;1;land;false;plains;4
4495;119;239;1;land;false;desert;4
4496;139;235;1;land;false;plains;4
4497;87;199;1;land;false;plains;4
4498;99;250;1;land;false;desert;4
4499;142;234;1;land;false;plains;4
4500;149;245;1;land;false;plains;4
4501;128;197;1;land;false;plains;4
4502;157;203;1;land;false;plains;4
4503;155;216;1;land;false;plains;4
4504;114;245;1;land;false;desert;4
4505;155;234;1;land;false;plains;4
4506;108;242;1;land;false;plains;4
4507;119;228;1;land;false;desert;4
4508;118;245;1;land;false;plains;4
4509;127;230;1;land;false;plains;4
4510;143;209;1;land;false;plains;4
4511;143;197;1;land;false;desert;4
4512;104;221;1;land;false;plains;4
4513;94;254;1;land;false;plains;4
4514;130;253;1;land;false;plains;4
4515;227;125;1;land;false;plains;4
4516;195;138;1;land;false;forest;4
4517;194;98;1;land;false;plains;4
4518;221;121;1;land;false;plains;4
4519;193;160;1;land;false;plains;4
4520;237;88;1;land;false;plains;4
4521;198;111;1;land;false;plains;4
4522;215;231;1;land;true;plains;4
4523;242;245;1;land;false;plains;4
4524;230;236;1;land;false;plains;4
4525;229;202;1;land;false;plains;4
4526;251;239;1;land;false;plains;4
4527;235;241;1;land;false;plains;4
4528;214;222;1;land;true;plains;4
4529;193;231;1;land;false;hills;4
4530;204;239;1;land;false;plains;4
4531;203;233;1;land;false;hills;4
4532;209;248;1;land;false;plains;4
4533;216;226;1;land;false;plains;4
4534;55;56;1;land;false;hills;4
4535;68;61;1;land;false;hills;4
4536;65;60;1;land;false;forest;4
4537;53;92;1;land;false;forest;4
4538;73;67;1;land;false;forest;4
4539;75;135;1;land;false;forest;4
4540;130;66;1;land;false;plains;4
4541;174;104;1;land;false;plains;4
4542;146;81;1;land;false;plains;4
4543;49;103;1;land;false;hills;4
4544;50;65;1;land;false;jungle;4
4545;147;205;1;land;false;forest;4
4546;122;245;1;land;false;forest;4
4547;110;208;1;land;false;hills;4
4548;119;217;1;land;false;forest;4
4549;95;211;1;land;false;plains;4
4550;128;174;1;land;false;plains;4
4551;160;176;1;land;false;forest;4
4552;148;65;1;land;false;forest;4
4553;133;49;1;land;false;forest;4
4554;131;109;1;land;false;forest;4
4555;106;44;1;land;false;forest;4
4556;112;38;1;land;false;forest;4
4557;226;82;1;land;false;plains;4
4558;237;79;1;land;false;plains;4
4559;235;89;1;land;false;plains;4
4560;89;45;1;land;false;mountain;4
4561;99;33;1;land;false;plains;4
4562;74;28;1;land;false;hills;4
4563;64;5;1;land;false;hills;4
4564;40;16;1;land;false;plains;4
4565;43;68;1;land;false;plains;4
4566;95;79;1;land;false;plains;4
4567;34;71;1;land;false;hills;4
4568;35;4;1;land;false;hills;4
4569;68;75;1;land;false;plains;4
4570;64;78;1;land;false;hills;4
4571;56;38;1;land;false;mountain;4
4572;33;55;1;land;false;plains;4
4573;99;41;1;land;false;mountain;4
4574;68;62;1;land;false;plains;4
4575;48;10;1;land;false;plains;4
4576;59;51;1;land;false;plains;4
4577;79;39;1;land;false;hills;4
4578;54;36;1;land;false;plains;4
4579;79;14;1;land;false;hills;4
4580;89;64;1;land;false;plains;4
4581;26;43;1;land;false;hills;4
4582;80;21;1;land;false;plains;4
4583;67;69;1;land;false;hills;4
4584;89;36;1;land;false;hills;4
4585;88;81;1;land;false;plains;4
4586;28;4;1;land;false;hills;4
4587;28;69;1;land;false;plains;4
4588;86;76;1;land;false;plains;4
4589;96;72;1;land;false;hills;4
4590;77;15;1;land;false;plains;4
4591;89;81;1;land;false;plains;4
4592;97;52;1;land;false;plains;4
4593;53;52;1;land;false;plains;4
4594;70;62;1;land;false;plains;4
4595;86;26;1;land;false;plains;4
4596;65;40;1;land;false;hills;4
4597;89;6;1;land;false;hills;4
4598;37;28;1;land;false;mountain;4
4599;80;54;1;land;false;plains;4
4600;57;45;1;land;false;plains;4
4601;85;45;1;land;false;hills;4
4602;35;16;1;land;false;hills;4
4603;54;81;1;land;false;plains;4
4604;39;20;1;land;false;plains;4
4605;63;59;1;land;false;plains;4
4606;22;31;1;land;false;plains;4
4607;66;34;1;land;false;mountain;4
4608;91;55;1;land;false;plains;4
4609;97;37;1;land;false;hills;4
4610;58;37;1;land;false;plains;4
4611;82;75;1;land;false;hills;4
4612;31;28;1;land;false;plains;4
4613;101;59;1;land;false;plains;4
4614;57;10;1;land;false;plains;4
4615;60;52;1;land;false;hills;4
4616;38;45;1;land;false;hills;4
4617;36;10;1;land;false;hills;4
4618;43;3;1;land;false;hills;4
4619;76;18;1;land;false;hills;4
4620;33;56;1;land;false;plains;4
4621;36;38;1;land;false;hills;4
4622;95;53;1;land;false;mountain;4
4623;61;38;1;land;false;plains;4
4624;42;46;1;land;false;plains;4
4625;90;42;1;land;false;plains;4
4626;39;9;1;land;false;mountain;4
4627;100;67;1;land;false;plains;4
4628;82;48;1;land;false;plains;4
4629;33;44;1;land;false;hills;4
4630;101;27;1;land;false;plains;4
4631;90;36;1;land;false;plains;4
4632;43;52;1;land;false;hills;4
4633;85;67;1;land;false;plains;4
4634;62;46;1;land;false;plains;4
4635;95;44;1;land;false;plains;4
4636;56;21;1;land;false;plains;4
4637;67;65;1;land;false;hills;4
4638;100;15;1;land;false;plains;4
4639;66;10;1;land;false;hills;4
4640;57;39;1;land;false;plains;4
4641;51;36;1;land;false;plains;4
4642;94;5;1;land;false;mountain;4
4643;60;56;1;land;false;jungle;4
4644;116;1;1;land;false;plains;4
4645;100;6;1;land;false;plains;4
4646;122;44;1;land;false;plains;4
4647;46;46;1;land;false;hills;4
4648;61;27;1;land;false;jungle;4
4649;111;34;1;land;false;hills;4
4650;83;27;1;land;false;hills;4
4651;80;28;1;land;false;plains;4
4652;72;34;1;land;false;plains;4
4653;50;29;1;land;false;plains;4
4654;61;47;1;land;false;hills;4
4655;99;55;1;land;false;hills;4
4656;81;46;1;land;false;plains;4
4657;45;29;1;land;false;plains;4
4658;124;33;1;land;false;jungle;4
4659;74;6;1;land;false;plains;4
4660;95;8;1;land;false;plains;4
4661;101;13;1;land;false;plains;4
4662;84;10;1;land;false;hills;4
4663;98;17;1;land;false;plains;4
4664;121;22;1;land;false;plains;4
4665;120;47;1;land;false;jungle;4
4666;59;31;1;land;false;hills;4
4667;47;11;1;land;false;plains;4
4668;69;37;1;land;false;plains;4
4669;93;42;1;land;false;plains;4
4670;113;18;1;land;false;plains;4
4671;82;4;1;land;false;plains;4
4672;122;32;1;land;false;plains;4
4673;56;45;1;land;false;jungle;4
4674;79;29;1;land;false;plains;4
4675;60;28;1;land;false;hills;4
4676;64;44;1;land;false;plains;4
4677;124;37;1;land;false;plains;4
4678;104;55;1;land;false;plains;4
4679;63;33;1;land;false;jungle;4
4680;106;54;1;land;false;hills;4
4681;112;28;1;land;false;plains;4
4682;50;39;1;land;false;plains;4
4683;67;21;1;land;false;jungle;4
4684;72;22;1;land;false;hills;4
4685;110;7;1;land;false;jungle;4
4686;106;42;1;land;false;plains;4
4687;123;50;1;land;false;plains;4
4688;73;4;1;land;false;plains;4
4689;80;52;1;land;false;jungle;4
4690;103;29;1;land;false;plains;4
4691;56;32;1;land;false;plains;4
4692;68;0;1;land;false;jungle;4
4693;57;48;1;land;false;mountain;4
4694;78;16;1;land;false;hills;4
4695;52;19;1;land;false;forest;4
4696;73;0;1;land;false;plains;4
4697;118;45;1;land;false;plains;4
4698;106;43;1;land;false;plains;4
4699;53;44;1;land;false;forest;4
4700;59;57;1;land;false;plains;4
4701;115;53;1;land;false;plains;4
4702;184;233;1;land;false;plains;4
4703;150;204;1;land;false;plains;4
4704;216;96;1;land;false;plains;4
4705;249;140;1;land;true;plains;4
4706;229;112;1;land;false;plains;4
4707;233;155;1;land;true;plains;4
4708;221;124;1;land;false;plains;4
4709;208;166;1;land;false;plains;4
4710;246;124;1;land;true;plains;4
4711;247;91;1;land;true;plains;4
4712;229;143;1;land;false;plains;4
4713;211;140;1;land;false;plains;4
4714;36;203;1;land;false;plains;4
4715;31;236;1;land;false;plains;4
4716;28;176;1;land;false;plains;4
4717;93;171;1;land;false;desert;4
4718;89;209;1;land;false;desert;4
4719;154;189;1;land;false;desert;4
4720;142;218;1;land;false;desert;4
4721;105;210;1;land;false;desert;4
4722;125;211;1;land;false;desert;4
4723;99;172;1;land;false;desert;4
4724;154;169;1;land;false;plains;4
4725;117;210;1;land;false;desert;4
4726;117;215;1;land;false;desert;4
4727;108;165;1;land;false;desert;4
4728;105;225;1;land;false;desert;4
4729;157;201;1;land;false;desert;4
4730;162;194;1;land;false;desert;4
4731;101;167;1;land;false;desert;4
4732;148;188;1;land;false;desert;4
4733;120;232;1;land;false;plains;4
4734;139;173;1;land;false;desert;4
4735;132;178;1;land;false;desert;4
4736;93;172;1;land;false;desert;4
4737;145;163;1;land;false;desert;4
4738;107;187;1;land;false;plains;4
4739;140;172;1;land;false;desert;4
4740;142;213;1;land;false;desert;4
4741;111;217;1;land;false;desert;4
4742;107;205;1;land;false;desert;4
4743;102;184;1;land;false;desert;4
4744;132;220;1;land;false;desert;4
4745;154;232;1;land;false;plains;4
4746;148;204;1;land;false;desert;4
4747;113;204;1;land;false;desert;4
4748;109;222;1;land;false;desert;4
4749;154;188;1;land;false;desert;4
4750;142;195;1;land;false;desert;4
4751;159;213;1;land;false;desert;4
4752;102;238;1;land;false;plains;4
4753;90;232;1;land;false;desert;4
4754;121;181;1;land;false;plains;4
4755;97;171;1;land;false;desert;4
4756;161;198;1;land;false;desert;4
4757;162;190;1;land;false;desert;4
4758;101;219;1;land;false;desert;4
4759;150;215;1;land;false;desert;4
4760;151;161;1;land;false;desert;4
4761;90;238;1;land;false;desert;4
4762;129;195;1;land;false;desert;4
4763;102;161;1;land;false;desert;4
4764;145;238;1;land;false;desert;4
4765;133;173;1;land;false;plains;4
4766;123;173;1;land;false;desert;4
4767;142;193;1;land;false;desert;4
4768;109;174;1;land;false;desert;4
4769;143;189;1;land;false;desert;4
4770;125;188;1;land;false;plains;4
4771;95;169;1;land;false;plains;4
4772;116;214;1;land;false;desert;4
4773;126;161;1;land;false;desert;4
4774;107;181;1;land;false;plains;4
4775;157;60;1;land;false;plains;4
4776;214;88;1;land;false;plains;4
4777;148;54;1;land;false;plains;4
4778;235;245;1;land;false;forest;4
4779;203;232;1;land;false;plains;4
4780;212;253;1;land;false;plains;4
4781;251;240;1;land;false;plains;4
4782;234;143;1;land;false;forest;4
4783;221;103;1;land;false;forest;4
4784;194;61;1;land;false;plains;4
4785;195;77;1;land;false;plains;4
4786;156;101;1;land;false;plains;4
4787;147;85;1;land;false;forest;4
4788;146;87;1;land;false;forest;4
4789;183;76;1;land;false;forest;4
4790;128;74;1;land;false;forest;4
4791;62;69;1;land;false;forest;4
4792;60;21;1;land;false;forest;4
4793;66;29;1;land;false;forest;4
4794;109;15;1;land;false;forest;4
4795;120;41;1;land;false;jungle;4
4796;108;64;1;land;false;jungle;4
4797;71;17;1;land;false;forest;4
4798;166;66;1;land;false;plains;4
4799;228;29;1;land;false;plains;4
4800;172;92;1;land;false;plains;4
4801;227;14;1;land;false;plains;4
4802;192;57;1;land;false;plains;4
4803;105;182;1;land;false;plains;4
4804;115;158;1;land;false;forest;4
4805;118;177;1;land;false;forest;4
4806;94;140;1;land;false;plains;4
4807;108;158;1;land;false;forest;4
4808;78;205;1;land;false;forest;4
4809;80;173;1;land;false;forest;4
4810;95;152;1;land;false;hills;4
4811;109;194;1;land;false;forest;4
4812;127;56;1;land;false;forest;4
4813;144;0;1;land;false;forest;4
4814;148;4;1;land;false;plains;4
4815;215;164;1;land;false;plains;4
4816;204;168;1;land;false;hills;4
4817;249;158;1;land;false;plains;4
4818;199;161;1;land;false;plains;4
4819;233;125;1;land;false;plains;4
4820;17;119;1;land;false;plains;4
4821;33;151;1;land;false;plains;4
4822;82;101;1;land;false;plains;4
4823;186;136;1;land;false;plains;4
4824;141;98;1;land;false;forest;4
4825;135;107;1;land;false;forest;4
4826;115;94;1;land;false;forest;4
4827;72;201;1;land;false;plains;4
4828;21;234;1;land;false;plains;4
4829;75;216;1;land;false;plains;4
4830;40;220;1;land;true;plains;4
4831;55;198;1;land;false;plains;4
4832;65;253;1;land;false;forest;4
4833;60;232;1;land;true;forest;4
4834;57;194;1;land;true;forest;4
4835;79;219;1;land;false;forest;4
4836;83;224;1;land;true;plains;4
4837;32;246;1;land;true;plains;4
4838;65;207;1;land;false;jungle;4
4839;24;218;1;land;false;plains;4
4840;32;197;1;land;false;plains;4
4841;77;253;1;land;false;forest;4
4842;37;253;1;land;false;forest;4
4843;31;211;1;land;true;plains;4
4844;38;195;1;land;false;forest;4
4845;94;221;1;land;true;plains;4
4846;99;226;1;land;false;hills;4
4847;218;214;1;land;false;forest;4
4848;216;231;1;land;true;forest;4
4849;241;186;1;land;false;forest;4
4850;208;221;1;land;true;forest;4
4851;230;182;1;land;false;forest;4
4852;23;4;1;land;false;hills;4
4853;26;37;1;land;false;forest;4
4854;38;2;1;land;false;forest;4
4855;22;14;1;land;false;forest;4
4856;209;194;1;land;false;plains;4
4857;246;235;1;land;false;forest;4
4858;170;25;1;land;false;forest;4
4859;184;57;1;land;false;forest;4
4860;225;83;1;land;false;forest;4
4861;229;140;1;land;false;hills;4
4862;173;193;1;land;false;mountain;4
4863;224;143;1;land;false;hills;4
4864;173;156;1;land;false;mountain;4
4865;222;143;1;land;false;hills;4
4866;185;176;1;land;false;mountain;4
4867;250;185;1;land;false;forest;4
4868;85;98;1;land;false;plains;4
4869;47;61;1;land;false;plains;4
4870;28;84;1;land;false;desert;4
4871;24;48;1;land;false;desert;4
4872;49;45;1;land;false;desert;4
4873;69;72;1;land;false;desert;4
4874;27;24;1;land;false;desert;4
4875;23;95;1;land;false;plains;4
4876;67;31;1;land;false;plains;4
4877;43;82;1;land;false;desert;4
4878;22;75;1;land;false;plains;4
4879;31;29;1;land;false;plains;4
4880;47;33;1;land;false;desert;4
4881;54;32;1;land;false;desert;4
4882;24;49;1;land;false;desert;4
4883;80;96;1;land;false;plains;4
4884;60;89;1;land;false;plains;4
4885;53;55;1;land;false;desert;4
4886;66;57;1;land;false;plains;4
4887;75;75;1;land;false;plains;4
4888;73;73;1;land;false;desert;4
4889;160;159;1;land;false;forest;4
4890;175;183;1;land;false;desert;4
4891;142;127;1;land;false;plains;4
4892;150;178;1;land;false;plains;4
4893;118;121;1;land;false;forest;4
4894;140;118;1;land;false;desert;4
4895;195;125;1;land;false;hills;4
4896;14;195;1;land;false;plains;4
4897;0;193;1;land;false;plains;4
4898;1;145;1;land;false;plains;4
4899;85;0;1;land;false;plains;4
4900;96;19;1;land;false;forest;4
4901;26;8;1;land;false;forest;4
4902;55;129;1;land;false;plains;4
4903;84;90;1;land;false;desert;4
4904;95;92;1;land;false;plains;4
4905;88;88;1;land;false;desert;4
4906;86;135;1;land;false;desert;4
4907;92;114;1;land;false;desert;4
4908;55;162;1;land;false;desert;4
4909;38;162;1;land;false;desert;4
4910;203;246;1;land;false;plains;4
4911;229;237;1;land;false;plains;4
4912;205;242;1;land;false;plains;4
4913;242;212;1;land;false;hills;4
4914;243;226;1;land;false;plains;4
4915;204;240;1;land;false;plains;4
4916;250;221;1;land;false;hills;4
4917;221;204;1;land;false;hills;4
4918;228;250;1;land;false;hills;4
4919;230;221;1;land;false;hills;4
4920;249;249;1;land;false;mountain;4
4921;49;245;1;land;false;hills;4
4922;111;238;1;land;false;desert;4
4923;112;214;1;land;false;hills;4
4924;57;205;1;land;false;desert;4
4925;77;217;1;land;false;desert;4
4926;120;231;1;land;false;desert;4
4927;118;205;1;land;false;desert;4
4928;47;240;1;land;false;desert;4
4929;52;225;1;land;false;hills;4
4930;108;245;1;land;false;desert;4
4931;122;209;1;land;true;desert;4
4932;89;232;1;land;false;desert;4
4933;71;226;1;land;false;hills;4
4934;61;211;1;land;false;desert;4
4935;96;229;1;land;false;desert;4
4936;47;234;1;land;true;desert;4
4937;60;235;1;land;false;plains;4
4938;58;242;1;land;false;plains;4
4939;122;213;1;land;false;plains;4
4940;67;230;1;land;true;desert;4
4941;110;244;1;land;false;desert;4
4942;121;226;1;land;false;desert;4
4943;116;237;1;land;false;hills;4
4944;69;210;1;land;false;desert;4
4945;67;244;1;land;false;desert;4
4946;50;251;1;land;true;desert;4
4947;48;219;1;land;false;plains;4
4948;105;208;1;land;false;hills;4
4949;98;236;1;land;false;hills;4
4950;91;208;1;land;false;hills;4
4951;51;231;1;land;false;plains;4
4952;119;238;1;land;false;desert;4
4953;48;226;1;land;false;desert;4
4954;88;239;1;land;false;desert;4
4955;55;202;1;land;false;desert;4
4956;102;211;1;land;true;desert;4
4957;66;252;1;land;false;desert;4
4958;74;7;1;land;false;plains;4
4959;85;1;1;land;false;forest;4
4960;82;40;1;land;false;forest;4
4961;21;65;1;land;false;forest;4
4962;77;48;1;land;false;plains;4
4963;24;56;1;land;false;hills;4
4964;232;127;1;land;true;plains;4
4965;161;150;1;land;false;hills;4
4966;145;80;1;land;false;hills;4
4967;118;110;1;land;false;hills;4
4968;108;85;1;land;false;plains;4
4969;103;150;1;land;false;plains;4
4970;122;85;1;land;false;plains;4
4971;118;156;1;land;false;hills;4
4972;141;117;1;land;false;plains;4
4973;126;84;1;land;false;hills;4
4974;124;133;1;land;false;hills;4
4975;129;201;1;land;true;forest;4
4976;182;218;1;land;false;forest;4
4977;187;203;1;land;false;plains;4
4978;175;230;1;land;false;forest;4
4979;114;237;1;land;false;forest;4
4980;116;208;1;land;false;plains;4
4981;219;112;1;land;false;plains;4
4982;248;199;1;land;false;plains;4
4983;226;206;1;land;true;plains;4
4984;214;213;1;land;false;plains;4
4985;224;247;1;land;false;plains;4
4986;230;240;1;land;false;plains;4
4987;247;249;1;land;false;plains;4
4988;229;200;1;land;false;plains;4
4989;237;201;1;land;false;plains;4
4990;252;210;1;land;true;plains;4
4991;216;223;1;land;false;plains;4
4992;226;254;1;land;false;plains;4
4993;238;199;1;land;false;hills;4
4994;242;237;1;land;false;plains;4
4995;215;241;1;land;false;plains;4
4996;248;213;1;land;true;plains;4
4997;232;245;1;land;false;hills;4
4998;225;219;1;land;false;hills;4
4999;233;202;1;land;false;plains;4
5000;227;203;1;land;false;plains;4
5001;244;235;1;land;false;plains;4
5002;218;247;1;land;false;hills;4
5003;213;229;1;land;false;plains;4
5004;214;225;1;land;false;plains;4
5005;244;216;1;land;true;plains;4
5006;236;253;1;land;true;plains;4
5007;218;254;1;land;false;plains;4
5008;249;246;1;land;false;plains;4
5009;220;246;1;land;false;plains;4
5010;249;227;1;land;false;plains;4
5011;215;225;1;land;false;hills;4
5012;240;254;1;land;false;plains;4
5013;241;227;1;land;false;plains;4
5014;215;215;1;land;false;hills;4
5015;216;246;1;land;false;plains;4
5016;20;123;1;land;false;forest;4
5017;85;93;1;land;false;plains;4
5018;38;88;1;land;false;plains;4
5019;30;83;1;land;false;plains;4
5020;31;112;1;land;false;plains;4
5021;78;86;1;land;false;plains;4
5022;17;118;1;land;false;plains;4
5023;136;230;1;land;false;plains;4
5024;164;236;1;land;false;plains;4
5025;139;228;1;land;false;hills;4
5026;169;238;1;land;false;plains;4
5027;182;190;1;land;false;plains;4
5028;145;247;1;land;false;plains;4
5029;144;212;1;land;false;plains;4
5030;178;250;1;land;false;plains;4
5031;148;213;1;land;false;plains;4
5032;158;205;1;land;false;plains;4
5033;204;235;1;land;false;plains;4
5034;205;225;1;land;false;plains;4
5035;162;237;1;land;false;plains;4
5036;173;225;1;land;false;hills;4
5037;188;179;1;land;false;plains;4
5038;208;247;1;land;false;plains;4
5039;194;238;1;land;false;plains;4
5040;199;213;1;land;false;plains;4
5041;170;241;1;land;false;plains;4
5042;153;188;1;land;false;plains;4
5043;156;243;1;land;false;plains;4
5044;157;212;1;land;false;plains;4
5045;206;202;1;land;false;plains;4
5046;187;243;1;land;false;plains;4
5047;154;239;1;land;false;plains;4
5048;152;221;1;land;false;plains;4
5049;187;200;1;land;false;plains;4
5050;142;223;1;land;false;plains;4
5051;153;212;1;land;false;plains;4
5052;202;236;1;land;false;plains;4
5053;173;228;1;land;false;plains;4
5054;171;211;1;land;false;plains;4
5055;176;241;1;land;false;plains;4
5056;184;175;1;land;false;plains;4
5057;144;243;1;land;false;plains;4
5058;202;195;1;land;false;plains;4
5059;149;201;1;land;false;plains;4
5060;189;191;1;land;false;plains;4
5061;196;247;1;land;false;plains;4
5062;139;198;1;land;false;plains;4
5063;172;219;1;land;false;plains;4
5064;165;180;1;land;false;plains;4
5065;144;194;1;land;false;plains;4
5066;197;238;1;land;false;plains;4
5067;197;241;1;land;false;plains;4
5068;142;191;1;land;false;plains;4
5069;172;229;1;land;false;mountain;4
5070;163;214;1;land;false;plains;4
5071;141;172;1;land;false;plains;4
5072;195;195;1;land;false;plains;4
5073;192;171;1;land;false;plains;4
5074;178;185;1;land;false;plains;4
5075;197;200;1;land;false;mountain;4
5076;194;209;1;land;false;plains;4
5077;175;237;1;land;false;plains;4
5078;185;212;1;land;false;plains;4
5079;200;217;1;land;false;hills;4
5080;136;176;1;land;false;plains;4
5081;169;175;1;land;false;plains;4
5082;142;238;1;land;false;plains;4
5083;163;247;1;land;false;plains;4
5084;186;204;1;land;false;plains;4
5085;191;216;1;land;false;plains;4
5086;181;178;1;land;false;plains;4
5087;170;239;1;land;false;plains;4
5088;143;178;1;land;false;plains;4
5089;186;216;1;land;false;plains;4
5090;202;211;1;land;false;plains;4
5091;205;204;1;land;false;plains;4
5092;174;184;1;land;false;plains;4
5093;170;246;1;land;false;plains;4
5094;132;193;1;land;false;plains;4
5095;201;213;1;land;false;plains;4
5096;141;196;1;land;false;plains;4
5097;145;191;1;land;false;plains;4
5098;164;175;1;land;false;plains;4
5099;192;201;1;land;false;plains;4
5100;203;236;1;land;false;plains;4
5101;134;221;1;land;false;plains;4
5102;171;223;1;land;false;plains;4
5103;176;182;1;land;false;plains;4
5104;150;209;1;land;false;mountain;4
5105;163;219;1;land;false;plains;4
5106;199;181;1;land;false;plains;4
5107;207;240;1;land;false;plains;4
5108;160;178;1;land;false;plains;4
5109;202;175;1;land;false;plains;4
5110;131;181;1;land;false;plains;4
5111;205;199;1;land;false;plains;4
5112;87;219;1;land;false;plains;4
5113;109;204;1;land;false;plains;4
5114;60;202;1;land;false;plains;4
5115;116;182;1;land;false;plains;4
5116;116;234;1;land;false;plains;4
5117;100;220;1;land;false;plains;4
5118;78;177;1;land;false;plains;4
5119;183;175;1;land;false;forest;4
5120;167;161;1;land;true;forest;4
5121;149;132;1;land;false;forest;4
5122;190;163;1;land;false;forest;4
5123;160;191;1;land;true;forest;4
5124;218;185;1;land;false;forest;4
5125;154;141;1;land;false;forest;4
5126;209;127;1;land;false;forest;4
5127;137;166;1;land;false;desert;4
5128;73;173;1;land;false;desert;4
5129;96;156;1;land;false;desert;4
5130;98;94;1;land;false;desert;4
5131;86;150;1;land;false;desert;4
5132;97;124;1;land;false;desert;4
5133;104;146;1;land;false;desert;4
5134;104;156;1;land;true;desert;4
5135;92;154;1;land;false;desert;4
5136;89;173;1;land;false;desert;4
5137;123;157;1;land;true;desert;4
5138;102;133;1;land;false;desert;4
5139;79;163;1;land;false;mountain;4
5140;76;107;1;land;false;desert;4
5141;72;112;1;land;false;desert;4
5142;124;103;1;land;false;desert;4
5143;103;163;1;land;true;desert;4
5144;70;109;1;land;false;desert;4
5145;87;95;1;land;false;desert;4
5146;110;134;1;land;true;desert;4
5147;99;98;1;land;false;desert;4
5148;69;148;1;land;false;desert;4
5149;93;128;1;land;false;desert;4
5150;80;113;1;land;false;desert;4
5151;101;157;1;land;true;desert;4
5152;98;98;1;land;true;desert;4
5153;120;122;1;land;false;desert;4
5154;136;166;1;land;false;desert;4
5155;87;101;1;land;false;desert;4
5156;117;158;1;land;true;desert;4
5157;111;161;1;land;true;desert;4
5158;93;111;1;land;true;desert;4
5159;85;166;1;land;false;desert;4
5160;96;105;1;land;true;desert;4
5161;67;110;1;land;false;desert;4
5162;122;122;1;land;true;desert;4
5163;70;149;1;land;false;desert;4
5164;127;168;1;land;false;mountain;4
5165;138;144;1;land;false;desert;4
5166;124;112;1;land;false;desert;4
5167;95;101;1;land;false;hills;4
5168;139;102;1;land;false;desert;4
5169;101;114;1;land;false;desert;4
5170;93;143;1;land;false;desert;4
5171;115;141;1;land;true;desert;4
5172;95;146;1;land;false;desert;4
5173;124;169;1;land;true;desert;4
5174;137;140;1;land;true;desert;4
5175;86;121;1;land;false;desert;4
5176;140;153;1;land;true;desert;4
5177;119;99;1;land;false;desert;4
5178;72;127;1;land;false;desert;4
5179;65;148;1;land;true;desert;4
5180;144;111;1;land;false;desert;4
5181;83;125;1;land;true;desert;4
5182;134;131;1;land;false;desert;4
5183;129;96;1;land;true;desert;4
5184;104;97;1;land;false;desert;4
5185;195;28;1;land;false;forest;4
5186;218;28;1;land;false;forest;4
5187;225;34;1;land;false;forest;4
5188;208;56;1;land;false;forest;4
5189;146;235;1;land;false;plains;4
5190;191;99;1;land;false;forest;4
5191;159;82;1;land;true;forest;4
5192;168;32;1;land;false;forest;4
5193;151;97;1;land;true;forest;4
5194;137;88;1;land;false;forest;4
5195;185;98;1;land;true;forest;4
5196;185;58;1;land;true;forest;4
5197;76;59;1;land;false;jungle;4
5198;71;68;1;land;false;jungle;4
5199;72;36;1;land;false;jungle;4
5200;94;9;1;land;false;forest;4
5201;51;41;1;land;false;plains;4
5202;105;63;1;land;false;plains;4
5203;58;35;1;land;false;forest;4
5204;102;4;1;land;false;hills;4
5205;223;43;1;land;true;desert;4
5206;172;12;1;land;false;desert;4
5207;229;79;1;land;true;desert;4
5208;215;77;1;land;false;desert;4
5209;152;67;1;land;false;desert;4
5210;185;83;1;land;false;desert;4
5211;164;40;1;land;false;desert;4
5212;225;67;1;land;false;desert;4
5213;154;67;1;land;false;desert;4
5214;217;25;1;land;false;desert;4
5215;161;19;1;land;false;desert;4
5216;172;27;1;land;false;desert;4
5217;198;79;1;land;false;desert;4
5218;153;77;1;land;false;desert;4
5219;230;43;1;land;false;desert;4
5220;165;84;1;land;false;desert;4
5221;180;31;1;land;false;desert;4
5222;193;61;1;land;true;desert;4
5223;200;21;1;land;false;desert;4
5224;220;73;1;land;false;desert;4
5225;178;29;1;land;false;desert;4
5226;158;45;1;land;false;desert;4
5227;184;36;1;land;false;desert;4
5228;167;83;1;land;false;desert;4
5229;179;81;1;land;false;desert;4
5230;182;53;1;land;false;desert;4
5231;216;23;1;land;true;desert;4
5232;160;64;1;land;false;desert;4
5233;186;76;1;land;false;hills;4
5234;154;83;1;land;false;desert;4
5235;170;49;1;land;false;desert;4
5236;210;27;1;land;false;desert;4
5237;226;72;1;land;true;desert;4
5238;184;31;1;land;true;desert;4
5239;225;49;1;land;false;desert;4
5240;164;29;1;land;true;desert;4
5241;155;60;1;land;false;desert;4
5242;184;84;1;land;false;desert;4
5243;227;37;1;land;false;desert;4
5244;198;12;1;land;false;desert;4
5245;184;46;1;land;false;desert;4
5246;159;79;1;land;false;desert;4
5247;202;53;1;land;false;desert;4
5248;222;72;1;land;false;desert;4
5249;183;24;1;land;false;desert;4
5250;209;80;1;land;false;desert;4
5251;191;7;1;land;true;desert;4
5252;172;15;1;land;false;desert;4
5253;173;30;1;land;false;desert;4
5254;200;74;1;land;false;desert;4
5255;186;77;1;land;false;desert;4
5256;182;32;1;land;false;desert;4
5257;189;68;1;land;true;desert;4
5258;162;32;1;land;false;desert;4
5259;203;70;1;land;false;desert;4
5260;171;41;1;land;false;desert;4
5261;165;60;1;land;false;desert;4
5262;190;39;1;land;false;desert;4
5263;228;9;1;land;false;plains;4
5264;194;9;1;land;false;plains;4
5265;210;18;1;land;false;desert;4
5266;178;83;1;land;false;desert;4
5267;153;83;1;land;true;desert;4
5268;210;33;1;land;false;desert;4
5269;153;49;1;land;false;desert;4
5270;167;42;1;land;false;plains;4
5271;171;55;1;land;false;hills;4
5272;222;28;1;land;false;desert;4
5273;163;84;1;land;false;desert;4
5274;226;42;1;land;false;desert;4
5275;213;37;1;land;false;desert;4
5276;160;76;1;land;true;desert;4
5277;158;7;1;land;false;desert;4
5278;227;74;1;land;false;desert;4
5279;216;61;1;land;false;desert;4
5280;187;80;1;land;false;desert;4
5281;205;31;1;land;false;desert;4
5282;151;75;1;land;false;desert;4
5283;214;34;1;land;false;desert;4
5284;165;83;1;land;false;desert;4
5285;200;33;1;land;false;desert;4
5286;212;64;1;land;false;desert;4
5287;218;27;1;land;false;desert;4
5288;159;64;1;land;false;desert;4
5289;160;27;1;land;true;desert;4
5290;154;81;1;land;true;desert;4
5291;213;35;1;land;false;plains;4
5292;155;76;1;land;false;desert;4
5293;171;15;1;land;false;desert;4
5294;161;30;1;land;false;desert;4
5295;216;84;1;land;false;desert;4
5296;207;35;1;land;false;desert;4
5297;210;32;1;land;false;desert;4
5298;173;78;1;land;false;plains;4
5299;212;32;1;land;false;desert;4
5300;152;77;1;land;false;desert;4
5301;225;74;1;land;false;desert;4
5302;216;29;1;land;false;desert;4
5303;174;34;1;land;false;desert;4
5304;212;85;1;land;false;desert;4
5305;159;71;1;land;true;desert;4
5306;174;85;1;land;false;desert;4
5307;214;51;1;land;false;desert;4
5308;207;84;1;land;false;desert;4
5309;167;39;1;land;false;desert;4
5310;185;52;1;land;false;desert;4
5311;162;79;1;land;true;desert;4
5312;184;77;1;land;false;desert;4
5313;253;120;1;land;false;plains;4
5314;230;149;1;land;false;plains;4
5315;230;140;1;land;false;plains;4
5316;241;184;1;land;false;plains;4
5317;215;180;1;land;false;plains;4
5318;24;21;1;land;false;forest;4
5319;34;16;1;land;false;forest;4
5320;4;53;1;land;false;forest;4
5321;165;219;1;land;true;forest;4
5322;189;207;1;land;false;forest;4
5323;205;213;1;land;false;forest;4
5324;177;223;1;land;true;forest;4
5325;156;225;1;land;false;forest;4
5326;179;227;1;land;true;forest;4
5327;182;114;1;land;true;plains;4
5328;217;138;1;land;false;plains;4
5329;218;120;1;land;false;plains;4
5330;226;137;1;land;false;plains;4
5331;172;124;1;land;false;plains;4
5332;12;152;1;land;false;forest;4
5333;35;180;1;land;false;forest;4
5334;18;141;1;land;false;hills;4
5335;40;144;1;land;false;forest;4
5336;76;108;1;land;false;forest;4
5337;31;110;1;land;false;forest;4
5338;42;142;1;land;false;forest;4
5339;77;130;1;land;false;hills;4
5340;43;163;1;land;false;forest;4
5341;11;153;1;land;false;forest;4
5342;13;160;1;land;false;forest;4
5343;82;153;1;land;false;forest;4
5344;29;109;1;land;false;forest;4
5345;70;165;1;land;false;forest;4
5346;254;101;1;land;false;forest;4
5347;235;131;1;land;false;forest;4
5348;184;142;1;land;false;forest;4
5349;195;100;1;land;false;forest;4
5350;10;116;1;land;false;plains;4
5351;6;55;1;land;false;hills;4
5352;13;92;1;land;false;hills;4
5353;34;112;1;land;false;forest;4
5354;31;186;1;land;false;forest;4
5355;29;186;1;land;false;forest;4
5356;51;179;1;land;false;forest;4
5357;67;191;1;land;false;mountain;4
5358;13;182;1;land;false;mountain;4
5359;49;197;1;land;false;forest;4
5360;38;206;1;land;false;forest;4
5361;25;176;1;land;false;forest;4
5362;37;159;1;land;false;forest;4
5363;40;195;1;land;true;jungle;4
5364;10;183;1;land;false;forest;4
5365;32;238;1;land;false;mountain;4
5366;64;167;1;land;false;forest;4
5367;72;196;1;land;false;forest;4
5368;4;176;1;land;false;forest;4
5369;43;158;1;land;false;forest;4
5370;5;188;1;land;true;jungle;4
5371;26;182;1;land;false;forest;4
5372;41;234;1;land;false;mountain;4
5373;29;224;1;land;false;forest;4
5374;8;207;1;land;false;hills;4
5375;77;204;1;land;false;forest;4
5376;69;145;1;land;true;forest;4
5377;90;198;1;land;false;forest;4
5378;58;210;1;land;false;forest;4
5379;80;179;1;land;false;plains;4
5380;43;209;1;land;false;forest;4
5381;35;157;1;land;true;forest;4
5382;80;210;1;land;false;hills;4
5383;58;183;1;land;false;forest;4
5384;78;160;1;land;true;plains;4
5385;48;211;1;land;true;plains;4
5386;74;142;1;land;false;forest;4
5387;41;162;1;land;false;forest;4
5388;57;164;1;land;false;forest;4
5389;52;201;1;land;true;forest;4
5390;32;151;1;land;true;forest;4
5391;41;178;1;land;false;plains;4
5392;93;183;1;land;true;forest;4
5393;54;201;1;land;true;plains;4
5394;65;182;1;land;false;forest;4
5395;56;213;1;land;false;forest;4
5396;66;208;1;land;false;forest;4
5397;35;154;1;land;false;forest;4
5398;47;103;1;land;false;plains;4
5399;36;126;1;land;false;plains;4
5400;25;132;1;land;false;plains;4
5401;4;139;1;land;false;plains;4
5402;39;44;1;land;false;forest;4
5403;83;110;1;land;false;forest;4
5404;79;72;1;land;false;plains;4
5405;100;51;1;land;false;plains;4
5406;153;59;1;land;false;plains;4
5407;76;71;1;land;false;plains;4
5408;228;172;1;land;true;hills;4
5409;176;232;1;land;false;hills;4
5410;172;217;1;land;false;plains;4
5411;195;203;1;land;true;mountain;4
5412;217;202;1;land;false;plains;4
5413;215;226;1;land;false;plains;4
5414;201;219;1;land;false;hills;4
5415;229;207;1;land;false;plains;4
5416;192;186;1;land;false;hills;4
5417;219;168;1;land;false;hills;4
5418;192;178;1;land;true;hills;4
5419;225;230;1;land;false;plains;4
5420;242;229;1;land;false;plains;4
5421;168;170;1;land;false;hills;4
5422;207;232;1;land;false;plains;4
5423;204;206;1;land;false;plains;4
5424;205;206;1;land;true;forest;4
5425;243;157;1;land;false;plains;4
5426;200;175;1;land;false;hills;4
5427;177;175;1;land;true;hills;4
5428;189;183;1;land;false;jungle;4
5429;37;197;1;land;false;mountain;4
5430;33;177;1;land;false;hills;4
5431;33;195;1;land;false;hills;4
5432;48;143;1;land;false;plains;4
5433;10;153;1;land;false;plains;4
5434;57;176;1;land;false;mountain;4
5435;46;141;1;land;false;plains;4
5436;51;142;1;land;false;desert;4
5437;36;138;1;land;false;mountain;4
5438;43;189;1;land;false;hills;4
5439;43;178;1;land;false;plains;4
5440;34;132;1;land;false;hills;4
5441;14;162;1;land;false;plains;4
5442;20;180;1;land;false;hills;4
5443;35;195;1;land;false;mountain;4
5444;58;140;1;land;false;plains;4
5445;35;185;1;land;false;plains;4
5446;21;182;1;land;false;hills;4
5447;51;185;1;land;false;desert;4
5448;14;141;1;land;false;mountain;4
5449;23;142;1;land;false;desert;4
5450;12;136;1;land;false;hills;4
5451;45;134;1;land;false;hills;4
5452;26;152;1;land;false;hills;4
5453;1;137;1;land;false;desert;4
5454;47;177;1;land;false;plains;4
5455;2;196;1;land;false;hills;4
5456;15;26;1;land;true;plains;4
5457;56;5;1;land;false;plains;4
5458;56;59;1;land;true;plains;4
5459;26;22;1;land;true;plains;4
5460;91;23;1;land;true;plains;4
5461;200;241;1;land;false;plains;4
5462;191;229;1;land;false;plains;4
5463;155;243;1;land;false;plains;4
5464;156;253;1;land;false;forest;4
5465;129;104;1;land;true;forest;4
5466;165;145;1;land;true;forest;4
5467;69;87;1;land;false;plains;4
5468;69;114;1;land;false;hills;4
5469;65;121;1;land;false;plains;4
5470;102;125;1;land;false;plains;4
5471;48;106;1;land;false;hills;4
5472;79;149;1;land;false;hills;4
5473;85;90;1;land;false;hills;4
5474;64;140;1;land;false;hills;4
5475;219;225;1;land;false;hills;4
5476;208;244;1;land;false;mountain;4
5477;211;243;1;land;false;hills;4
5478;195;217;1;land;false;hills;4
5479;254;251;1;land;false;mountain;4
5480;224;251;1;land;false;hills;4
5481;207;227;1;land;false;hills;4
5482;194;218;1;land;false;mountain;4
5483;226;250;1;land;false;hills;4
5484;223;254;1;land;false;plains;4
5485;162;187;1;land;true;plains;4
5486;184;191;1;land;false;plains;4
5487;188;204;1;land;true;plains;4
5488;228;251;1;land;true;plains;4
5489;229;221;1;land;false;plains;4
5490;210;239;1;land;true;plains;4
5491;198;186;1;land;false;plains;4
5492;200;80;1;land;false;plains;4
5493;201;25;1;land;false;plains;4
5494;197;62;1;land;false;plains;4
5495;178;99;1;land;false;plains;4
5496;211;90;1;land;false;plains;4
5497;107;100;1;land;false;mountain;4
5498;148;135;1;land;false;hills;4
5499;150;143;1;land;false;hills;4
5500;114;125;1;land;false;mountain;4
5501;106;105;1;land;false;mountain;4
5502;199;219;1;land;false;plains;4
5503;214;232;1;land;false;plains;4
5504;224;218;1;land;false;plains;4
5505;241;202;1;land;false;plains;4
5506;191;96;1;land;false;plains;4
5507;213;75;1;land;false;forest;4
5508;245;51;1;land;false;plains;4
5509;196;102;1;land;false;forest;4
5510;253;81;1;land;false;plains;4
5511;251;99;1;land;false;plains;4
5512;188;103;1;land;false;plains;4
5513;204;65;1;land;false;forest;4
5514;148;177;1;land;false;plains;4
5515;176;187;1;land;false;plains;4
5516;115;181;1;land;false;plains;4
5517;183;232;1;land;false;plains;4
5518;132;223;1;land;false;plains;4
5519;162;221;1;land;false;plains;4
5520;16;37;1;land;false;plains;4
5521;53;36;1;land;false;plains;4
5522;64;35;1;land;false;plains;4
5523;19;16;1;land;false;plains;4
5524;254;117;1;land;false;forest;4
5525;218;172;1;land;false;forest;4
5526;247;107;1;land;false;forest;4
5527;253;130;1;land;true;forest;4
5528;248;36;1;land;false;plains;4
5529;245;16;1;land;false;plains;4
5530;181;74;1;land;false;plains;4
5531;190;79;1;land;false;plains;4
5532;123;210;1;land;false;desert;4
5533;130;194;1;land;false;plains;4
5534;179;234;1;land;false;plains;4
5535;168;223;1;land;true;plains;4
5536;169;227;1;land;false;plains;4
5537;124;228;1;land;false;plains;4
5538;114;189;1;land;false;plains;4
5539;102;215;1;land;true;plains;4
5540;130;213;1;land;true;plains;4
5541;128;216;1;land;true;plains;4
5542;136;234;1;land;false;plains;4
5543;167;249;1;land;false;plains;4
5544;117;251;1;land;false;plains;4
5545;112;254;1;land;true;plains;4
5546;130;210;1;land;true;plains;4
5547;112;211;1;land;false;desert;4
5548;62;22;1;land;false;forest;4
5549;77;35;1;land;false;plains;4
5550;46;32;1;land;false;forest;4
5551;54;5;1;land;false;forest;4
5552;78;67;1;land;false;forest;4
5553;139;119;1;land;false;hills;4
5554;113;128;1;land;false;plains;4
5555;50;97;1;land;false;plains;4
5556;9;70;1;land;false;plains;4
5557;106;45;1;land;true;plains;4
5558;87;57;1;land;true;plains;4
5559;117;60;1;land;false;plains;4
5560;82;58;1;land;false;plains;4
5561;102;19;1;land;false;plains;4
5562;105;73;1;land;true;plains;4
5563;74;74;1;land;true;plains;4
5564;80;13;1;land;false;plains;4
5565;122;6;1;land;false;plains;4
5566;152;13;1;land;false;plains;4
5567;93;37;1;land;false;plains;4
5568;142;53;1;land;false;plains;4
5569;89;16;1;land;false;plains;4
5570;121;36;1;land;true;plains;4
5571;98;25;1;land;false;mountain;4
5572;140;26;1;land;true;plains;4
5573;138;24;1;land;false;plains;4
5574;85;58;1;land;false;plains;4
5575;109;46;1;land;false;plains;4
5576;78;53;1;land;false;plains;4
5577;108;77;1;land;false;plains;4
5578;126;23;1;land;false;plains;4
5579;146;43;1;land;true;plains;4
5580;73;38;1;land;false;plains;4
5581;141;38;1;land;false;plains;4
5582;87;21;1;land;true;plains;4
5583;133;56;1;land;false;plains;4
5584;130;79;1;land;false;plains;4
5585;126;44;1;land;false;plains;4
5586;129;43;1;land;false;plains;4
5587;107;27;1;land;true;plains;4
5588;93;1;1;land;true;plains;4
5589;89;30;1;land;false;plains;4
5590;115;27;1;land;false;plains;4
5591;74;50;1;land;false;plains;4
5592;96;66;1;land;true;plains;4
5593;141;78;1;land;false;plains;4
5594;144;44;1;land;false;plains;4
5595;89;75;1;land;false;plains;4
5596;75;7;1;land;false;plains;4
5597;83;76;1;land;true;plains;4
5598;151;18;1;land;true;plains;4
5599;81;21;1;land;true;plains;4
5600;94;8;1;land;true;plains;4
5601;137;77;1;land;true;plains;4
5602;249;151;1;land;false;forest;4
5603;196;146;1;land;false;plains;4
5604;198;156;1;land;false;plains;4
5605;229;138;1;land;false;forest;4
5606;205;171;1;land;false;forest;4
5607;202;168;1;land;false;forest;4
5608;218;173;1;land;false;plains;4
5609;238;128;1;land;false;plains;4
5610;244;108;1;land;false;plains;4
5611;161;136;1;land;false;plains;4
5612;158;160;1;land;false;forest;4
5613;106;169;1;land;false;forest;4
5614;109;218;1;land;false;plains;4
5615;70;235;1;land;false;hills;4
5616;112;166;1;land;false;plains;4
5617;107;110;1;land;false;plains;4
5618;77;83;1;land;false;hills;4
5619;90;54;1;land;false;plains;4
5620;73;87;1;land;false;forest;4
5621;50;80;1;land;false;plains;4
5622;103;108;1;land;false;plains;4
5623;179;170;1;land;false;forest;4
5624;169;139;1;land;false;plains;4
5625;196;162;1;land;false;mountain;4
5626;176;163;1;land;false;forest;4
5627;90;82;1;land;false;plains;4
5628;44;132;1;land;false;forest;4
5629;69;102;1;land;false;forest;4
5630;82;119;1;land;false;forest;4
5631;132;238;1;land;false;plains;4
5632;192;204;1;land;false;plains;4
5633;31;215;1;land;false;plains;4
5634;5;150;1;land;false;plains;4
5635;200;191;1;land;true;forest;4
5636;253;189;1;land;false;plains;4
5637;224;134;1;land;false;plains;4
5638;241;182;1;land;false;plains;4
5639;245;173;1;land;false;plains;4
5640;232;138;1;land;false;plains;4
5641;234;176;1;land;false;plains;4
5642;164;93;1;land;false;plains;4
5643;198;88;1;land;false;plains;4
5644;176;158;1;land;false;forest;4
5645;152;139;1;land;false;forest;4
5646;213;118;1;land;false;forest;4
5647;213;133;1;land;false;plains;4
5648;244;88;1;land;false;plains;4
5649;242;98;1;land;false;plains;4
5650;100;160;1;land;false;forest;4
5651;141;30;1;land;true;desert;4
5652;140;11;1;land;false;desert;4
5653;78;18;1;land;false;desert;4
5654;116;58;1;land;true;desert;4
5655;79;59;1;land;true;desert;4
5656;113;2;1;land;false;desert;4
5657;98;49;1;land;true;desert;4
5658;123;48;1;land;false;desert;4
5659;135;19;1;land;false;desert;4
5660;112;20;1;land;false;desert;4
5661;120;16;1;land;false;desert;4
5662;75;49;1;land;false;desert;4
5663;137;20;1;land;false;desert;4
5664;98;22;1;land;false;desert;4
5665;104;50;1;land;false;hills;4
5666;115;0;1;land;false;desert;4
5667;84;75;1;land;true;desert;4
5668;101;50;1;land;true;desert;4
5669;67;2;1;land;false;desert;4
5670;96;73;1;land;false;hills;4
5671;132;15;1;land;false;desert;4
5672;141;24;1;land;false;desert;4
5673;83;57;1;land;true;desert;4
5674;124;25;1;land;false;desert;4
5675;86;51;1;land;false;desert;4
5676;85;37;1;land;false;desert;4
5677;102;52;1;land;false;desert;4
5678;142;39;1;land;false;desert;4
5679;110;21;1;land;false;desert;4
5680;98;74;1;land;false;mountain;4
5681;74;69;1;land;false;desert;4
5682;133;54;1;land;false;desert;4
5683;104;49;1;land;false;desert;4
5684;93;32;1;land;true;desert;4
5685;133;53;1;land;true;desert;4
5686;144;33;1;land;true;desert;4
5687;119;41;1;land;false;mountain;4
5688;125;3;1;land;true;desert;4
5689;77;27;1;land;false;hills;4
5690;129;40;1;land;false;desert;4
5691;117;38;1;land;false;desert;4
5692;71;30;1;land;true;desert;4
5693;117;4;1;land;true;desert;4
5694;139;34;1;land;false;desert;4
5695;140;69;1;land;true;desert;4
5696;86;8;1;land;false;desert;4
5697;101;31;1;land;false;desert;4
5698;70;40;1;land;false;desert;4
5699;121;4;1;land;false;desert;4
5700;90;73;1;land;false;desert;4
5701;139;10;1;land;false;mountain;4
5702;118;58;1;land;false;hills;4
5703;132;18;1;land;false;desert;4
5704;127;65;1;land;false;desert;4
5705;115;29;1;land;false;desert;4
5706;92;18;1;land;false;desert;4
5707;88;56;1;land;true;desert;4
5708;84;52;1;land;true;desert;4
5709;100;35;1;land;false;desert;4
5710;136;14;1;land;false;hills;4
5711;117;7;1;land;true;desert;4
5712;136;55;1;land;false;desert;4
5713;138;33;1;land;false;desert;4
5714;109;62;1;land;false;hills;4
5715;114;7;1;land;false;desert;4
5716;70;73;1;land;false;hills;4
5717;78;69;1;land;true;desert;4
5718;113;31;1;land;false;desert;4
5719;94;6;1;land;true;desert;4
5720;92;58;1;land;false;desert;4
5721;72;49;1;land;false;desert;4
5722;103;53;1;land;false;desert;4
5723;28;194;1;land;false;plains;4
5724;27;213;1;land;false;plains;4
5725;31;193;1;land;false;plains;4
5726;21;164;1;land;false;plains;4
5727;57;206;1;land;true;forest;4
5728;7;203;1;land;false;plains;4
5729;36;83;1;land;false;plains;4
5730;27;82;1;land;false;plains;4
5731;23;82;1;land;false;plains;4
5732;141;113;1;land;false;forest;4
5733;161;166;1;land;false;forest;4
5734;203;133;1;land;false;forest;4
5735;208;152;1;land;false;plains;4
5736;48;52;1;land;false;desert;4
5737;64;60;1;land;false;desert;4
5738;50;59;1;land;false;desert;4
5739;92;32;1;land;false;plains;4
5740;103;11;1;land;false;plains;4
5741;125;24;1;land;false;hills;4
5742;216;95;1;land;false;forest;4
5743;204;57;1;land;false;desert;4
5744;218;47;1;land;false;desert;4
5745;243;107;1;land;false;hills;4
5746;234;53;1;land;false;plains;4
5747;116;45;1;land;false;mountain;4
5748;149;8;1;land;false;mountain;4
5749;141;34;1;land;false;mountain;4
5750;112;17;1;land;false;hills;4
5751;9;224;1;land;false;mountain;4
5752;33;198;1;land;false;forest;4
5753;24;227;1;land;false;forest;4
5754;10;220;1;land;false;forest;4
5755;11;242;1;land;false;forest;4
5756;15;252;1;land;false;forest;4
5757;1;219;1;land;false;forest;4
5758;8;225;1;land;false;forest;4
5759;26;240;1;land;false;forest;4
5760;44;198;1;land;false;forest;4
5761;39;241;1;land;false;forest;4
5762;161;208;1;land;false;plains;4
5763;188;229;1;land;true;desert;4
5764;209;231;1;land;false;desert;4
5765;161;219;1;land;true;desert;4
5766;203;214;1;land;false;desert;4
5767;163;220;1;land;true;plains;4
5768;203;239;1;land;false;desert;4
5769;188;209;1;land;false;desert;4
5770;176;252;1;land;true;desert;4
5771;154;244;1;land;true;plains;4
5772;144;205;1;land;false;desert;4
5773;186;242;1;land;false;desert;4
5774;141;205;1;land;true;plains;4
5775;152;230;1;land;true;desert;4
5776;164;225;1;land;false;desert;4
5777;141;213;1;land;true;plains;4
5778;77;153;1;land;false;forest;4
5779;60;154;1;land;false;forest;4
5780;36;170;1;land;false;forest;4
5781;36;213;1;land;false;plains;4
5782;29;194;1;land;false;plains;4
5783;83;202;1;land;false;forest;4
5784;59;95;1;land;true;plains;4
5785;53;33;1;land;false;desert;4
5786;3;47;1;land;true;plains;4
5787;33;52;1;land;false;desert;4
5788;24;100;1;land;false;desert;4
5789;66;101;1;land;false;desert;4
5790;31;36;1;land;true;desert;4
5791;34;34;1;land;false;desert;4
5792;42;70;1;land;false;desert;4
5793;6;41;1;land;false;desert;4
5794;32;65;1;land;false;desert;4
5795;33;99;1;land;false;desert;4
5796;1;92;1;land;false;desert;4
5797;30;61;1;land;false;desert;4
5798;40;62;1;land;false;desert;4
5799;65;55;1;land;false;desert;4
5800;42;83;1;land;false;desert;4
5801;61;43;1;land;false;desert;4
5802;25;70;1;land;false;desert;4
5803;70;96;1;land;false;desert;4
5804;5;51;1;land;false;desert;4
5805;61;69;1;land;false;desert;4
5806;39;85;1;land;false;desert;4
5807;36;47;1;land;false;desert;4
5808;20;53;1;land;false;desert;4
5809;62;73;1;land;false;desert;4
5810;35;95;1;land;false;desert;4
5811;65;92;1;land;false;desert;4
5812;14;69;1;land;false;desert;4
5813;46;58;1;land;false;desert;4
5814;14;54;1;land;false;desert;4
5815;23;74;1;land;false;desert;4
5816;65;65;1;land;false;desert;4
5817;53;84;1;land;false;desert;4
5818;46;92;1;land;false;desert;4
5819;2;78;1;land;false;desert;4
5820;62;55;1;land;false;desert;4
5821;38;78;1;land;false;desert;4
5822;46;40;1;land;false;desert;4
5823;13;53;1;land;false;desert;4
5824;29;52;1;land;false;desert;4
5825;26;76;1;land;false;desert;4
5826;0;42;1;land;false;desert;4
5827;14;96;1;land;false;desert;4
5828;13;81;1;land;false;desert;4
5829;48;42;1;land;false;desert;4
5830;1;35;1;land;false;desert;4
5831;69;93;1;land;false;desert;4
5832;71;50;1;land;false;desert;4
5833;17;56;1;land;false;desert;4
5834;10;56;1;land;false;desert;4
5835;0;68;1;land;false;desert;4
5836;7;99;1;land;true;desert;4
5837;39;52;1;land;false;desert;4
5838;64;83;1;land;false;desert;4
5839;45;111;1;land;false;desert;4
5840;56;93;1;land;false;desert;4
5841;2;80;1;land;false;desert;4
5842;62;74;1;land;false;desert;4
5843;1;101;1;land;false;desert;4
5844;24;106;1;land;false;desert;4
5845;24;81;1;land;false;desert;4
5846;57;53;1;land;false;desert;4
5847;14;77;1;land;true;desert;4
5848;25;83;1;land;false;desert;4
5849;5;93;1;land;false;desert;4
5850;61;99;1;land;false;desert;4
5851;57;109;1;land;false;desert;4
5852;49;69;1;land;false;desert;4
5853;0;49;1;land;false;desert;4
5854;48;65;1;land;false;desert;4
5855;56;39;1;land;true;desert;4
5856;7;45;1;land;false;desert;4
5857;22;40;1;land;false;desert;4
5858;20;64;1;land;false;desert;4
5859;46;65;1;land;true;desert;4
5860;31;80;1;land;false;desert;4
5861;38;89;1;land;false;desert;4
5862;9;102;1;land;false;desert;4
5863;27;69;1;land;true;plains;4
5864;41;48;1;land;true;plains;4
5865;54;50;1;land;false;desert;4
5866;33;36;1;land;false;desert;4
5867;17;81;1;land;false;desert;4
5868;17;109;1;land;false;desert;4
5869;69;94;1;land;false;desert;4
5870;2;90;1;land;false;desert;4
5871;47;100;1;land;false;desert;4
5872;42;45;1;land;false;desert;4
5873;44;91;1;land;false;desert;4
5874;59;41;1;land;false;desert;4
5875;36;42;1;land;false;desert;4
5876;58;102;1;land;false;desert;4
5877;25;105;1;land;false;desert;4
5878;18;96;1;land;false;desert;4
5879;31;93;1;land;false;desert;4
5880;53;72;1;land;false;desert;4
5881;18;53;1;land;false;desert;4
5882;39;100;1;land;false;desert;4
5883;51;95;1;land;false;desert;4
5884;23;91;1;land;false;desert;4
5885;64;57;1;land;false;desert;4
5886;2;74;1;land;false;desert;4
5887;67;52;1;land;false;desert;4
5888;39;42;1;land;false;desert;4
5889;16;86;1;land;false;desert;4
5890;50;109;1;land;true;desert;4
5891;0;53;1;land;false;desert;4
5892;10;40;1;land;false;desert;4
5893;70;92;1;land;false;desert;4
5894;69;48;1;land;false;desert;4
5895;29;64;1;land;false;desert;4
5896;57;35;1;land;false;desert;4
5897;34;111;1;land;false;desert;4
5898;15;47;1;land;false;desert;4
5899;8;44;1;land;false;desert;4
5900;66;87;1;land;false;desert;4
5901;25;78;1;land;false;desert;4
5902;62;59;1;land;false;desert;4
5903;40;54;1;land;false;desert;4
5904;67;82;1;land;false;desert;4
5905;15;55;1;land;false;desert;4
5906;67;103;1;land;false;desert;4
5907;35;111;1;land;false;desert;4
5908;54;62;1;land;false;desert;4
5909;16;78;1;land;false;desert;4
5910;58;43;1;land;false;desert;4
5911;72;107;1;land;false;desert;4
5912;58;91;1;land;false;desert;4
5913;62;34;1;land;false;desert;4
5914;23;40;1;land;false;desert;4
5915;22;60;1;land;false;desert;4
5916;27;85;1;land;false;desert;4
5917;50;84;1;land;false;desert;4
5918;46;198;1;land;false;forest;4
5919;6;153;1;land;false;forest;4
5920;39;107;1;land;false;plains;4
5921;26;196;1;land;true;plains;4
5922;26;174;1;land;true;plains;4
5923;81;121;1;land;true;hills;4
5924;46;161;1;land;true;jungle;4
5925;54;171;1;land;true;forest;4
5926;6;166;1;land;false;forest;4
5927;28;195;1;land;true;jungle;4
5928;70;156;1;land;false;forest;4
5929;50;194;1;land;false;forest;4
5930;47;165;1;land;false;forest;4
5931;52;139;1;land;true;forest;4
5932;71;154;1;land;false;forest;4
5933;42;200;1;land;false;forest;4
5934;71;183;1;land;false;forest;4
5935;55;133;1;land;true;forest;4
5936;81;189;1;land;false;forest;4
5937;72;137;1;land;true;forest;4
5938;20;144;1;land;true;forest;4
5939;21;184;1;land;true;forest;4
5940;112;2;1;land;false;forest;4
5941;97;47;1;land;false;plains;4
5942;133;34;1;land;false;forest;4
5943;66;72;1;land;false;plains;4
5944;52;79;1;land;false;desert;4
5945;53;145;1;land;false;plains;4
5946;89;86;1;land;false;desert;4
5947;84;120;1;land;false;plains;4
5948;93;127;1;land;false;plains;4
5949;93;149;1;land;false;desert;4
5950;65;94;1;land;false;plains;4
5951;76;104;1;land;false;desert;4
5952;58;89;1;land;false;plains;4
5953;112;151;1;land;false;desert;4
5954;106;141;1;land;false;plains;4
5955;107;81;1;land;false;plains;4
5956;126;111;1;land;false;desert;4
5957;80;101;1;land;false;desert;4
5958;79;100;1;land;false;plains;4
5959;28;74;1;land;false;hills;4
5960;14;83;1;land;false;hills;4
5961;53;81;1;land;false;plains;4
5962;42;132;1;land;false;plains;4
5963;36;68;1;land;false;hills;4
5964;64;94;1;land;false;hills;4
5965;51;96;1;land;false;hills;4
5966;126;180;1;land;false;hills;4
5967;112;138;1;land;false;forest;4
5968;107;50;1;land;false;plains;4
5969;47;56;1;land;false;plains;4
5970;40;48;1;land;false;plains;4
5971;106;19;1;land;false;forest;4
5972;84;30;1;land;false;plains;4
5973;103;18;1;land;false;hills;4
5974;80;0;1;land;false;plains;4
5975;28;186;1;land;false;forest;4
5976;12;188;1;land;false;forest;4
5977;57;158;1;land;false;forest;4
5978;44;153;1;land;false;forest;4
5979;88;185;1;land;false;forest;4
5980;47;148;1;land;false;forest;4
5981;50;132;1;land;false;forest;4
5982;20;193;1;land;false;forest;4
5983;59;189;1;land;false;forest;4
5984;163;158;1;land;false;plains;4
5985;154;129;1;land;true;plains;4
5986;207;121;1;land;true;plains;4
5987;187;102;1;land;false;plains;4
5988;110;141;1;land;false;forest;4
5989;128;143;1;land;false;forest;4
5990;133;92;1;land;false;forest;4
5991;94;150;1;land;false;forest;4
5992;127;134;1;land;false;forest;4
5993;68;81;1;land;false;forest;4
5994;110;140;1;land;false;forest;4
5995;101;137;1;land;false;forest;4
5996;111;131;1;land;false;forest;4
5997;81;105;1;land;true;forest;4
5998;73;88;1;land;true;forest;4
5999;80;134;1;land;false;forest;4
6000;65;118;1;land;false;forest;4
6001;137;110;1;land;false;forest;4
6002;61;85;1;land;false;forest;4
6003;127;121;1;land;false;forest;4
6004;117;117;1;land;false;plains;4
6005;167;100;1;land;false;plains;4
6006;128;112;1;land;false;plains;4
6007;148;111;1;land;false;plains;4
6008;165;138;1;land;false;plains;4
6009;135;72;1;land;false;plains;4
6010;100;80;1;land;false;plains;4
6011;162;106;1;land;false;plains;4
6012;134;226;1;land;false;hills;4
6013;87;174;1;land;false;hills;4
6014;125;173;1;land;false;mountain;4
6015;119;190;1;land;false;hills;4
6016;142;181;1;land;false;mountain;4
6017;90;195;1;land;false;hills;4
6018;144;167;1;land;false;hills;4
6019;118;219;1;land;false;hills;4
6020;117;176;1;land;false;hills;4
6021;92;242;1;land;false;hills;4
6022;134;183;1;land;false;mountain;4
6023;75;222;1;land;false;hills;4
6024;139;167;1;land;false;hills;4
6025;25;242;1;land;false;plains;4
6026;14;243;1;land;false;plains;4
6027;19;207;1;land;true;plains;4
6028;50;221;1;land;false;plains;4
6029;27;223;1;land;true;plains;4
6030;62;229;1;land;false;plains;4
6031;22;238;1;land;true;plains;4
6032;24;235;1;land;false;plains;4
6033;218;75;1;land;false;hills;4
6034;201;46;1;land;false;plains;4
6035;221;32;1;land;false;plains;4
6036;186;60;1;land;false;desert;4
6037;205;88;1;land;false;hills;4
6038;252;87;1;land;false;plains;4
6039;189;67;1;land;false;desert;4
6040;213;18;1;land;false;plains;4
6041;174;65;1;land;false;hills;4
6042;119;70;1;land;false;plains;4
6043;132;45;1;land;false;plains;4
6044;158;64;1;land;false;plains;4
6045;101;80;1;land;false;plains;4
6046;98;34;1;land;false;hills;4
6047;99;64;1;land;false;hills;4
6048;155;15;1;land;false;forest;4
6049;108;57;1;land;false;plains;4
6050;108;14;1;land;false;plains;4
6051;231;191;1;land;true;forest;4
6052;214;159;1;land;true;plains;4
6053;231;172;1;land;true;plains;4
6054;215;143;1;land;false;desert;4
6055;232;128;1;land;false;desert;4
6056;217;178;1;land;false;plains;4
6057;236;133;1;land;true;desert;4
6058;240;171;1;land;false;desert;4
6059;249;141;1;land;false;desert;4
6060;218;160;1;land;false;plains;4
6061;225;154;1;land;true;plains;4
6062;228;51;1;land;false;plains;4
6063;199;231;1;land;false;hills;4
6064;236;211;1;land;false;forest;4
6065;211;133;1;land;false;plains;4
6066;212;126;1;land;false;plains;4
6067;228;166;1;land;false;plains;4
6068;241;107;1;land;false;plains;4
6069;208;101;1;land;false;plains;4
6070;213;100;1;land;true;plains;4
6071;223;156;1;land;false;plains;4
6072;229;154;1;land;false;plains;4
6073;233;173;1;land;false;plains;4
6074;228;131;1;land;false;plains;4
6075;236;154;1;land;false;plains;4
6076;229;101;1;land;false;plains;4
6077;218;109;1;land;false;plains;4
6078;236;148;1;land;false;plains;4
6079;204;136;1;land;false;plains;4
6080;208;137;1;land;true;plains;4
6081;236;164;1;land;false;plains;4
6082;208;109;1;land;true;plains;4
6083;204;148;1;land;false;plains;4
6084;217;128;1;land;false;plains;4
6085;248;154;1;land;true;plains;4
6086;218;128;1;land;true;plains;4
6087;213;165;1;land;true;plains;4
6088;207;152;1;land;false;plains;4
6089;238;109;1;land;true;plains;4
6090;252;138;1;land;true;plains;4
6091;211;155;1;land;false;plains;4
6092;204;100;1;land;false;plains;4
6093;212;143;1;land;true;plains;4
6094;227;179;1;land;true;plains;4
6095;231;101;1;land;false;plains;4
6096;254;162;1;land;false;plains;4
6097;254;168;1;land;false;plains;4
6098;210;116;1;land;false;plains;4
6099;237;158;1;land;false;plains;4
6100;209;178;1;land;false;plains;4
6101;233;147;1;land;false;plains;4
6102;216;160;1;land;true;plains;4
6103;217;116;1;land;true;plains;4
6104;248;168;1;land;true;plains;4
6105;230;117;1;land;false;plains;4
6106;222;104;1;land;false;plains;4
6107;204;104;1;land;false;plains;4
6108;231;107;1;land;false;plains;4
6109;244;170;1;land;false;plains;4
6110;246;164;1;land;false;plains;4
6111;239;141;1;land;false;plains;4
6112;245;136;1;land;true;plains;4
6113;254;139;1;land;true;plains;4
6114;253;164;1;land;false;plains;4
6115;207;179;1;land;false;plains;4
6116;239;113;1;land;false;plains;4
6117;7;65;1;land;false;forest;4
6118;46;124;1;land;false;forest;4
6119;53;66;1;land;false;forest;4
6120;45;79;1;land;false;forest;4
6121;36;237;1;land;false;plains;4
6122;40;245;1;land;false;plains;4
6123;12;236;1;land;false;plains;4
6124;23;243;1;land;false;plains;4
6125;31;223;1;land;false;plains;4
6126;20;204;1;land;false;plains;4
6127;44;197;1;land;false;plains;4
6128;37;246;1;land;false;plains;4
6129;18;218;1;land;false;plains;4
6130;173;134;1;land;true;forest;4
6131;204;150;1;land;false;mountain;4
6132;208;150;1;land;false;forest;4
6133;237;152;1;land;true;hills;4
6134;223;88;1;land;false;forest;4
6135;188;163;1;land;false;mountain;4
6136;240;154;1;land;true;forest;4
6137;177;189;1;land;false;plains;4
6138;141;245;1;land;true;plains;4
6139;208;219;1;land;true;plains;4
6140;213;187;1;land;true;plains;4
6141;158;251;1;land;true;plains;4
6142;143;221;1;land;false;plains;4
6143;43;56;1;land;false;forest;4
6144;33;71;1;land;false;hills;4
6145;200;238;1;land;false;desert;4
6146;249;206;1;land;false;desert;4
6147;249;209;1;land;false;desert;4
6148;189;239;1;land;false;desert;4
6149;250;222;1;land;false;desert;4
6150;212;235;1;land;false;desert;4
6151;241;219;1;land;true;desert;4
6152;218;217;1;land;false;desert;4
6153;238;230;1;land;false;desert;4
6154;234;251;1;land;false;desert;4
6155;233;232;1;land;false;desert;4
6156;234;239;1;land;false;desert;4
6157;244;240;1;land;false;desert;4
6158;227;246;1;land;false;desert;4
6159;226;208;1;land;false;desert;4
6160;202;215;1;land;false;desert;4
6161;204;217;1;land;false;desert;4
6162;222;235;1;land;false;desert;4
6163;210;241;1;land;false;desert;4
6164;214;215;1;land;false;desert;4
6165;190;213;1;land;false;desert;4
6166;197;232;1;land;false;desert;4
6167;199;248;1;land;false;desert;4
6168;207;209;1;land;true;desert;4
6169;254;225;1;land;false;desert;4
6170;196;236;1;land;false;desert;4
6171;219;245;1;land;false;desert;4
6172;224;245;1;land;false;desert;4
6173;224;250;1;land;false;desert;4
6174;197;252;1;land;false;desert;4
6175;222;236;1;land;false;desert;4
6176;200;224;1;land;false;desert;4
6177;189;212;1;land;false;desert;4
6178;196;218;1;land;false;desert;4
6179;220;213;1;land;false;desert;4
6180;194;214;1;land;false;desert;4
6181;252;209;1;land;false;desert;4
6182;251;217;1;land;false;desert;4
6183;253;224;1;land;true;desert;4
6184;229;218;1;land;true;desert;4
6185;227;239;1;land;true;desert;4
6186;204;247;1;land;false;desert;4
6187;243;204;1;land;false;desert;4
6188;222;230;1;land;false;desert;4
6189;236;202;1;land;false;desert;4
6190;227;235;1;land;true;desert;4
6191;208;206;1;land;false;desert;4
6192;208;217;1;land;false;desert;4
6193;200;208;1;land;true;desert;4
6194;190;236;1;land;false;desert;4
6195;195;226;1;land;true;desert;4
6196;210;220;1;land;false;desert;4
6197;249;229;1;land;false;desert;4
6198;204;210;1;land;false;desert;4
6199;251;215;1;land;true;desert;4
6200;198;206;1;land;false;desert;4
6201;232;218;1;land;false;desert;4
6202;235;211;1;land;false;desert;4
6203;203;228;1;land;false;desert;4
6204;214;205;1;land;false;desert;4
6205;242;216;1;land;false;desert;4
6206;227;208;1;land;false;desert;4
6207;206;206;1;land;true;desert;4
6208;199;220;1;land;false;desert;4
6209;230;248;1;land;false;desert;4
6210;224;243;1;land;false;desert;4
6211;247;226;1;land;true;desert;4
6212;236;239;1;land;false;desert;4
6213;202;247;1;land;false;desert;4
6214;213;253;1;land;false;desert;4
6215;226;203;1;land;false;desert;4
6216;194;254;1;land;false;desert;4
6217;212;223;1;land;false;desert;4
6218;244;205;1;land;false;desert;4
6219;194;205;1;land;false;desert;4
6220;234;240;1;land;false;desert;4
6221;249;244;1;land;false;desert;4
6222;247;207;1;land;false;desert;4
6223;189;241;1;land;false;desert;4
6224;245;249;1;land;true;desert;4
6225;229;250;1;land;true;desert;4
6226;192;246;1;land;false;desert;4
6227;247;213;1;land;false;desert;4
6228;250;234;1;land;true;desert;4
6229;235;216;1;land;false;desert;4
6230;196;238;1;land;false;desert;4
6231;196;243;1;land;false;desert;4
6232;233;210;1;land;false;desert;4
6233;238;222;1;land;false;desert;4
6234;237;243;1;land;true;desert;4
6235;209;221;1;land;false;desert;4
6236;211;226;1;land;false;desert;4
6237;215;239;1;land;false;desert;4
6238;229;245;1;land;false;desert;4
6239;249;251;1;land;false;desert;4
6240;243;214;1;land;false;desert;4
6241;191;253;1;land;false;desert;4
6242;246;201;1;land;false;desert;4
6243;249;220;1;land;false;desert;4
6244;247;231;1;land;true;desert;4
6245;193;214;1;land;false;desert;4
6246;254;254;1;land;false;desert;4
6247;232;241;1;land;false;desert;4
6248;215;214;1;land;false;desert;4
6249;189;251;1;land;false;desert;4
6250;203;251;1;land;false;desert;4
6251;252;234;1;land;false;desert;4
6252;79;172;1;land;false;forest;4
6253;115;201;1;land;false;forest;4
6254;215;4;1;land;false;plains;4
6255;148;19;1;land;false;plains;4
6256;163;51;1;land;false;plains;4
6257;89;37;1;land;false;plains;4
6258;70;135;1;land;false;plains;4
6259;83;158;1;land;false;plains;4
6260;69;107;1;land;false;forest;4
6261;89;148;1;land;false;plains;4
6262;99;164;1;land;false;plains;4
6263;86;165;1;land;false;plains;4
6264;56;112;1;land;false;plains;4
6265;114;98;1;land;false;plains;4
6266;142;100;1;land;false;plains;4
6267;87;81;1;land;false;forest;4
6268;146;111;1;land;false;plains;4
6269;92;97;1;land;false;forest;4
6270;132;123;1;land;false;forest;4
6271;121;152;1;land;false;plains;4
6272;84;91;1;land;false;plains;4
6273;53;114;1;land;false;plains;4
6274;54;126;1;land;false;plains;4
6275;71;79;1;land;false;plains;4
6276;40;79;1;land;false;plains;4
6277;60;102;1;land;false;plains;4
6278;17;85;1;land;false;plains;4
6279;55;145;1;land;false;plains;4
6280;34;124;1;land;false;plains;4
6281;20;152;1;land;false;plains;4
6282;52;120;1;land;false;plains;4
6283;55;135;1;land;false;plains;4
6284;108;167;1;land;true;forest;4
6285;87;217;1;land;true;forest;4
6286;77;197;1;land;true;forest;4
6287;208;43;1;land;false;hills;4
6288;202;41;1;land;false;forest;4
6289;233;46;1;land;false;plains;4
6290;210;72;1;land;false;plains;4
6291;238;27;1;land;false;plains;4
6292;179;39;1;land;false;plains;4
6293;196;42;1;land;false;forest;4
6294;208;245;1;land;true;forest;4
6295;228;233;1;land;true;forest;4
6296;241;235;1;land;true;forest;4
6297;214;230;1;land;true;forest;4
6298;163;215;1;land;true;plains;4
6299;148;220;1;land;false;plains;4
6300;173;243;1;land;false;plains;4
6301;137;251;1;land;false;plains;4
6302;171;220;1;land;false;plains;4
6303;129;224;1;land;false;plains;4
6304;130;241;1;land;true;plains;4
6305;166;247;1;land;true;plains;4
6306;167;202;1;land;false;plains;4
6307;174;214;1;land;false;plains;4
6308;164;205;1;land;true;plains;4
6309;124;197;1;land;false;plains;4
6310;133;244;1;land;true;plains;4
6311;153;202;1;land;false;plains;4
6312;137;232;1;land;false;plains;4
6313;176;244;1;land;false;plains;4
6314;128;207;1;land;true;plains;4
6315;171;228;1;land;false;plains;4
6316;161;234;1;land;false;plains;4
6317;163;238;1;land;true;plains;4
6318;125;235;1;land;false;plains;4
6319;132;208;1;land;false;plains;4
6320;174;202;1;land;false;plains;4
6321;158;206;1;land;false;plains;4
6322;129;228;1;land;true;plains;4
6323;114;238;1;land;false;plains;4
6324;139;205;1;land;false;plains;4
6325;109;200;1;land;false;plains;4
6326;176;249;1;land;false;plains;4
6327;164;198;1;land;false;plains;4
6328;153;237;1;land;true;plains;4
6329;166;245;1;land;true;plains;4
6330;174;226;1;land;false;plains;4
6331;176;214;1;land;false;plains;4
6332;170;236;1;land;false;plains;4
6333;114;225;1;land;false;plains;4
6334;144;227;1;land;false;plains;4
6335;119;253;1;land;false;plains;4
6336;109;246;1;land;false;plains;4
6337;136;221;1;land;false;plains;4
6338;159;218;1;land;false;plains;4
6339;150;234;1;land;false;plains;4
6340;125;207;1;land;true;plains;4
6341;153;253;1;land;false;plains;4
6342;121;243;1;land;true;plains;4
6343;148;239;1;land;false;plains;4
6344;201;142;1;land;false;plains;4
6345;74;184;1;land;false;plains;4
6346;91;254;1;land;false;forest;4
6347;106;224;1;land;false;plains;4
6348;126;235;1;land;false;plains;4
6349;96;84;1;land;false;forest;4
6350;134;60;1;land;false;plains;4
6351;86;118;1;land;true;jungle;4
6352;67;101;1;land;true;jungle;4
6353;134;51;1;land;false;forest;4
6354;136;72;1;land;false;forest;4
6355;108;59;1;land;false;jungle;4
6356;98;71;1;land;false;plains;4
6357;61;115;1;land;true;jungle;4
6358;133;50;1;land;true;forest;4
6359;130;70;1;land;true;jungle;4
6360;126;115;1;land;true;jungle;4
6361;58;96;1;land;true;jungle;4
6362;43;211;1;land;false;forest;4
6363;11;159;1;land;false;forest;4
6364;185;151;1;land;false;forest;4
6365;199;203;1;land;true;forest;4
6366;168;147;1;land;true;forest;4
6367;157;206;1;land;true;forest;4
6368;217;41;1;land;false;plains;4
6369;231;71;1;land;true;plains;4
6370;223;64;1;land;true;plains;4
6371;101;230;1;land;false;mountain;4
6372;114;207;1;land;false;plains;4
6373;116;231;1;land;false;hills;4
6374;58;17;1;land;false;plains;4
6375;101;46;1;land;false;plains;4
6376;102;8;1;land;false;plains;4
6377;123;2;1;land;false;plains;4
6378;122;4;1;land;false;plains;4
6379;73;2;1;land;false;plains;4
6380;95;27;1;land;false;plains;4
6381;0;66;1;land;false;plains;4
6382;19;78;1;land;false;plains;4
6383;146;189;1;land;false;plains;4
6384;169;172;1;land;false;plains;4
6385;151;155;1;land;false;forest;4
6386;117;139;1;land;false;plains;4
6387;55;141;1;land;false;forest;4
6388;1;98;1;land;false;plains;4
6389;189;138;1;land;false;plains;4
6390;190;152;1;land;false;plains;4
6391;194;114;1;land;false;plains;4
6392;171;169;1;land;false;plains;4
6393;212;240;1;land;false;plains;4
6394;205;247;1;land;false;forest;4
6395;153;210;1;land;false;plains;4
6396;155;224;1;land;false;plains;4
6397;83;71;1;land;false;forest;4
6398;39;72;1;land;false;forest;4
6399;43;73;1;land;false;forest;4
6400;50;105;1;land;false;forest;4
6401;17;54;1;land;false;plains;4
6402;28;22;1;land;false;plains;4
6403;36;55;1;land;false;plains;4
6404;3;37;1;land;false;plains;4
6405;25;11;1;land;false;plains;4
6406;20;25;1;land;false;plains;4
6407;51;178;1;land;false;plains;4
6408;10;157;1;land;false;plains;4
6409;14;176;1;land;false;plains;4
6410;56;173;1;land;false;plains;4
6411;0;177;1;land;false;plains;4
6412;43;202;1;land;false;plains;4
6413;3;180;1;land;false;plains;4
6414;17;149;1;land;false;plains;4
6415;239;84;1;land;false;hills;4
6416;156;177;1;land;false;hills;4
6417;106;241;1;land;false;forest;4
6418;4;239;1;land;false;plains;4
6419;33;172;1;land;false;plains;4
6420;30;166;1;land;false;plains;4
6421;12;172;1;land;false;plains;4
6422;55;160;1;land;false;plains;4
6423;51;195;1;land;false;plains;4
6424;43;185;1;land;false;plains;4
6425;38;210;1;land;false;plains;4
6426;30;178;1;land;false;plains;4
6427;20;173;1;land;false;plains;4
6428;62;196;1;land;false;plains;4
6429;51;220;1;land;false;plains;4
6430;68;233;1;land;false;plains;4
6431;32;168;1;land;false;plains;4
6432;60;222;1;land;false;plains;4
6433;2;221;1;land;false;plains;4
6434;32;162;1;land;false;plains;4
6435;69;239;1;land;false;plains;4
6436;23;214;1;land;false;plains;4
6437;23;171;1;land;false;plains;4
6438;76;217;1;land;false;plains;4
6439;45;163;1;land;false;plains;4
6440;59;178;1;land;false;plains;4
6441;23;162;1;land;false;plains;4
6442;61;198;1;land;false;plains;4
6443;69;171;1;land;false;plains;4
6444;33;182;1;land;false;plains;4
6445;2;228;1;land;false;plains;4
6446;53;219;1;land;false;plains;4
6447;25;210;1;land;false;plains;4
6448;75;187;1;land;false;plains;4
6449;52;233;1;land;false;plains;4
6450;58;231;1;land;false;plains;4
6451;37;204;1;land;false;plains;4
6452;4;198;1;land;false;plains;4
6453;10;224;1;land;false;plains;4
6454;37;183;1;land;false;plains;4
6455;36;236;1;land;false;plains;4
6456;5;193;1;land;false;plains;4
6457;48;173;1;land;false;plains;4
6458;56;199;1;land;false;plains;4
6459;61;206;1;land;false;plains;4
6460;9;195;1;land;false;plains;4
6461;53;183;1;land;false;plains;4
6462;52;202;1;land;false;plains;4
6463;44;189;1;land;false;plains;4
6464;41;205;1;land;false;plains;4
6465;25;215;1;land;false;plains;4
6466;56;171;1;land;false;plains;4
6467;78;203;1;land;false;plains;4
6468;68;204;1;land;false;plains;4
6469;21;196;1;land;false;plains;4
6470;25;162;1;land;false;plains;4
6471;13;185;1;land;false;plains;4
6472;71;177;1;land;false;plains;4
6473;38;69;1;land;false;plains;4
6474;233;61;1;land;false;plains;4
6475;243;46;1;land;false;hills;4
6476;251;66;1;land;false;plains;4
6477;219;74;1;land;false;plains;4
6478;232;33;1;land;false;hills;4
6479;212;48;1;land;false;hills;4
6480;254;70;1;land;false;hills;4
6481;214;85;1;land;false;plains;4
6482;253;83;1;land;true;plains;4
6483;214;22;1;land;false;plains;4
6484;251;55;1;land;false;plains;4
6485;237;15;1;land;false;plains;4
6486;227;59;1;land;true;plains;4
6487;216;79;1;land;false;plains;4
6488;227;67;1;land;false;plains;4
6489;228;44;1;land;true;plains;4
6490;222;71;1;land;false;plains;4
6491;208;15;1;land;true;plains;4
6492;226;25;1;land;false;plains;4
6493;240;14;1;land;true;plains;4
6494;250;61;1;land;true;plains;4
6495;242;53;1;land;false;hills;4
6496;244;66;1;land;false;plains;4
6497;244;63;1;land;false;plains;4
6498;237;66;1;land;false;plains;4
6499;226;45;1;land;false;plains;4
6500;245;24;1;land;false;plains;4
6501;236;61;1;land;false;plains;4
6502;221;38;1;land;false;plains;4
6503;240;22;1;land;false;forest;4
6504;228;42;1;land;false;forest;4
6505;170;39;1;land;false;forest;4
6506;235;71;1;land;false;forest;4
6507;148;63;1;land;true;forest;4
6508;43;171;1;land;false;plains;4
6509;33;127;1;land;false;plains;4
6510;20;162;1;land;false;forest;4
6511;14;180;1;land;false;forest;4
6512;49;131;1;land;false;plains;4
6513;16;142;1;land;false;plains;4
6514;31;140;1;land;false;plains;4
6515;1;202;1;land;false;forest;4
6516;186;177;1;land;false;plains;4
6517;170;195;1;land;false;plains;4
6518;195;231;1;land;false;plains;4
6519;173;232;1;land;false;forest;4
6520;186;239;1;land;false;plains;4
6521;211;240;1;land;false;plains;4
6522;187;216;1;land;false;plains;4
6523;191;241;1;land;false;forest;4
6524;238;237;1;land;false;forest;4
6525;165;231;1;land;false;mountain;4
6526;241;228;1;land;false;forest;4
6527;176;242;1;land;false;plains;4
6528;199;124;1;land;false;plains;4
6529;195;171;1;land;false;plains;4
6530;119;55;1;land;false;forest;4
6531;121;42;1;land;false;hills;4
6532;129;62;1;land;false;forest;4
6533;84;21;1;land;false;forest;4
6534;136;70;1;land;false;hills;4
6535;77;24;1;land;false;forest;4
6536;116;60;1;land;false;forest;4
6537;220;252;1;land;false;plains;4
6538;229;249;1;land;true;desert;4
6539;243;232;1;land;false;plains;4
6540;226;242;1;land;true;plains;4
6541;244;246;1;land;true;desert;4
6542;215;232;1;land;false;plains;4
6543;230;224;1;land;false;plains;4
6544;216;253;1;land;true;desert;4
6545;220;222;1;land;false;desert;4
6546;247;252;1;land;false;plains;4
6547;228;209;1;land;false;plains;4
6548;214;223;1;land;false;plains;4
6549;218;220;1;land;false;desert;4
6550;246;230;1;land;false;desert;4
6551;214;244;1;land;true;desert;4
6552;216;232;1;land;false;plains;4
6553;244;218;1;land;true;desert;4
6554;213;232;1;land;false;desert;4
6555;237;224;1;land;false;desert;4
6556;230;246;1;land;false;plains;4
6557;238;243;1;land;false;desert;4
6558;216;219;1;land;false;desert;4
6559;236;230;1;land;false;desert;4
6560;241;211;1;land;false;desert;4
6561;238;246;1;land;true;desert;4
6562;209;228;1;land;true;plains;4
6563;211;254;1;land;true;desert;4
6564;217;217;1;land;false;desert;4
6565;230;211;1;land;false;desert;4
6566;246;218;1;land;false;plains;4
6567;244;212;1;land;false;desert;4
6568;238;209;1;land;false;plains;4
6569;231;223;1;land;false;desert;4
6570;245;232;1;land;true;desert;4
6571;252;214;1;land;true;desert;4
6572;227;227;1;land;true;desert;4
6573;253;229;1;land;true;plains;4
6574;222;224;1;land;false;plains;4
6575;224;233;1;land;true;desert;4
6576;209;223;1;land;false;desert;4
6577;249;216;1;land;false;desert;4
6578;228;219;1;land;false;desert;4
6579;222;254;1;land;false;plains;4
6580;252;250;1;land;false;plains;4
6581;236;228;1;land;true;plains;4
6582;214;239;1;land;true;plains;4
6583;254;227;1;land;true;desert;4
6584;225;223;1;land;false;desert;4
6585;248;218;1;land;true;desert;4
6586;213;252;1;land;false;desert;4
6587;228;225;1;land;false;desert;4
6588;223;239;1;land;true;desert;4
6589;233;246;1;land;true;plains;4
6590;220;226;1;land;false;plains;4
6591;242;224;1;land;true;desert;4
6592;243;211;1;land;false;plains;4
6593;227;216;1;land;false;plains;4
6594;238;250;1;land;false;desert;4
6595;221;211;1;land;false;desert;4
6596;240;224;1;land;true;desert;4
6597;223;221;1;land;true;desert;4
6598;227;219;1;land;false;desert;4
6599;244;219;1;land;false;plains;4
6600;218;252;1;land;false;plains;4
6601;235;234;1;land;false;plains;4
6602;246;224;1;land;false;desert;4
6603;222;213;1;land;false;desert;4
6604;249;223;1;land;true;desert;4
6605;216;242;1;land;false;desert;4
6606;224;253;1;land;false;desert;4
6607;251;234;1;land;false;desert;4
6608;226;227;1;land;false;desert;4
6609;245;237;1;land;false;desert;4
6610;252;228;1;land;false;desert;4
6611;219;248;1;land;false;desert;4
6612;241;234;1;land;true;desert;4
6613;236;231;1;land;true;desert;4
6614;219;246;1;land;false;desert;4
6615;243;254;1;land;false;desert;4
6616;232;236;1;land;false;desert;4
6617;236;249;1;land;false;desert;4
6618;244;217;1;land;true;desert;4
6619;151;198;1;land;false;plains;4
6620;186;197;1;land;false;plains;4
6621;132;239;1;land;false;forest;4
6622;207;114;1;land;false;desert;4
6623;205;137;1;land;false;plains;4
6624;202;135;1;land;false;hills;4
6625;209;166;1;land;false;hills;4
6626;171;111;1;land;false;plains;4
6627;187;151;1;land;false;hills;4
6628;201;136;1;land;false;plains;4
6629;141;148;1;land;false;plains;4
6630;80;38;1;land;false;mountain;4
6631;39;30;1;land;false;plains;4
6632;43;40;1;land;false;plains;4
6633;92;36;1;land;false;forest;4
6634;102;35;1;land;false;plains;4
6635;32;53;1;land;false;plains;4
6636;42;34;1;land;false;forest;4
6637;27;7;1;land;false;forest;4
6638;208;148;1;land;false;forest;4
6639;233;121;1;land;false;plains;4
6640;201;97;1;land;false;plains;4
6641;231;155;1;land;false;forest;4
6642;213;136;1;land;false;plains;4
6643;210;128;1;land;false;forest;4
6644;230;132;1;land;false;forest;4
6645;243;134;1;land;false;forest;4
6646;104;190;1;land;false;forest;4
6647;86;202;1;land;false;forest;4
6648;100;240;1;land;false;jungle;4
6649;73;190;1;land;false;jungle;4
6650;148;253;1;land;false;jungle;4
6651;148;190;1;land;false;jungle;4
6652;117;213;1;land;false;jungle;4
6653;108;218;1;land;false;jungle;4
6654;112;235;1;land;false;hills;4
6655;144;199;1;land;false;jungle;4
6656;69;220;1;land;false;jungle;4
6657;103;241;1;land;false;forest;4
6658;137;247;1;land;false;jungle;4
6659;138;236;1;land;false;forest;4
6660;148;207;1;land;false;jungle;4
6661;107;211;1;land;false;jungle;4
6662;94;205;1;land;false;jungle;4
6663;100;254;1;land;false;hills;4
6664;82;218;1;land;false;jungle;4
6665;91;210;1;land;false;jungle;4
6666;104;201;1;land;false;forest;4
6667;99;224;1;land;false;hills;4
6668;91;245;1;land;false;jungle;4
6669;70;233;1;land;false;forest;4
6670;129;237;1;land;false;hills;4
6671;120;210;1;land;false;jungle;4
6672;93;209;1;land;false;jungle;4
6673;116;213;1;land;false;jungle;4
6674;87;221;1;land;false;jungle;4
6675;95;238;1;land;false;forest;4
6676;72;253;1;land;false;hills;4
6677;83;233;1;land;false;forest;4
6678;86;226;1;land;false;jungle;4
6679;98;208;1;land;false;jungle;4
6680;88;208;1;land;false;forest;4
6681;95;209;1;land;false;hills;4
6682;83;238;1;land;false;jungle;4
6683;138;219;1;land;false;forest;4
6684;122;193;1;land;false;jungle;4
6685;115;251;1;land;false;forest;4
6686;145;211;1;land;false;forest;4
6687;133;230;1;land;false;jungle;4
6688;142;211;1;land;false;forest;4
6689;101;198;1;land;false;jungle;4
6690;99;229;1;land;false;jungle;4
6691;142;247;1;land;false;jungle;4
6692;136;191;1;land;false;jungle;4
6693;128;232;1;land;false;jungle;4
6694;113;221;1;land;false;jungle;4
6695;96;240;1;land;false;jungle;4
6696;129;191;1;land;false;mountain;4
6697;125;250;1;land;false;hills;4
6698;93;254;1;land;false;forest;4
6699;130;237;1;land;false;jungle;4
6700;107;227;1;land;false;hills;4
6701;145;226;1;land;false;jungle;4
6702;73;211;1;land;false;forest;4
6703;102;240;1;land;false;hills;4
6704;107;224;1;land;false;jungle;4
6705;120;208;1;land;false;jungle;4
6706;133;226;1;land;false;forest;4
6707;108;197;1;land;false;jungle;4
6708;97;213;1;land;false;jungle;4
6709;128;209;1;land;false;jungle;4
6710;118;232;1;land;false;jungle;4
6711;101;197;1;land;false;forest;4
6712;109;187;1;land;false;jungle;4
6713;148;212;1;land;false;forest;4
6714;85;228;1;land;false;forest;4
6715;128;227;1;land;false;jungle;4
6716;64;114;1;land;false;plains;4
6717;79;104;1;land;false;plains;4
6718;8;76;1;land;false;forest;4
6719;15;79;1;land;true;plains;4
6720;31;79;1;land;false;plains;4
6721;44;50;1;land;false;plains;4
6722;29;53;1;land;false;plains;4
6723;23;63;1;land;true;plains;4
6724;40;50;1;land;false;plains;4
6725;17;92;1;land;true;plains;4
6726;32;47;1;land;true;plains;4
6727;41;76;1;land;false;plains;4
6728;23;80;1;land;false;plains;4
6729;8;169;1;land;false;plains;4
6730;8;174;1;land;true;plains;4
6731;71;171;1;land;false;plains;4
6732;48;191;1;land;false;plains;4
6733;70;179;1;land;false;plains;4
6734;67;166;1;land;false;plains;4
6735;28;137;1;land;false;plains;4
6736;56;189;1;land;true;plains;4
6737;81;41;1;land;false;plains;4
6738;43;75;1;land;false;hills;4
6739;149;238;1;land;false;plains;4
6740;145;179;1;land;false;hills;4
6741;113;212;1;land;false;plains;4
6742;166;184;1;land;false;plains;4
6743;116;212;1;land;false;plains;4
6744;97;223;1;land;false;hills;4
6745;166;234;1;land;false;plains;4
6746;189;169;1;land;false;forest;4
6747;142;220;1;land;false;forest;4
6748;42;9;1;land;false;hills;4
6749;52;2;1;land;false;plains;4
6750;23;51;1;land;false;plains;4
6751;76;64;1;land;false;plains;4
6752;76;39;1;land;false;hills;4
6753;36;12;1;land;false;plains;4
6754;132;58;1;land;false;plains;4
6755;6;186;1;land;false;plains;4
6756;34;166;1;land;false;plains;4
6757;6;198;1;land;false;forest;4
6758;44;162;1;land;false;plains;4
6759;28;127;1;land;false;plains;4
6760;17;254;1;land;false;plains;4
6761;7;211;1;land;false;forest;4
6762;136;93;1;land;false;plains;4
6763;147;149;1;land;false;plains;4
6764;158;108;1;land;false;plains;4
6765;49;233;1;land;false;hills;4
6766;78;239;1;land;false;jungle;4
6767;64;225;1;land;false;hills;4
6768;18;195;1;land;false;hills;4
6769;13;233;1;land;false;plains;4
6770;192;68;1;land;false;hills;4
6771;210;65;1;land;false;plains;4
6772;149;109;1;land;false;forest;4
6773;225;76;1;land;false;hills;4
6774;109;224;1;land;false;hills;4
6775;108;180;1;land;false;plains;4
6776;131;179;1;land;false;plains;4
6777;85;213;1;land;false;plains;4
6778;66;212;1;land;false;plains;4
6779;132;200;1;land;false;plains;4
6780;154;99;1;land;false;plains;4
6781;178;31;1;land;false;plains;4
6782;162;74;1;land;false;plains;4
6783;190;240;1;land;false;hills;4
6784;145;215;1;land;false;forest;4
6785;188;207;1;land;false;hills;4
6786;175;225;1;land;false;forest;4
6787;151;254;1;land;false;forest;4
6788;206;198;1;land;false;hills;4
6789;133;245;1;land;false;plains;4
6790;140;240;1;land;false;hills;4
6791;81;44;1;land;false;plains;4
6792;109;35;1;land;false;mountain;4
6793;106;17;1;land;false;mountain;4
6794;90;32;1;land;false;mountain;4
6795;122;9;1;land;false;plains;4
6796;49;16;1;land;false;mountain;4
6797;76;24;1;land;false;hills;4
6798;112;50;1;land;false;plains;4
6799;55;32;1;land;false;plains;4
6800;103;28;1;land;false;hills;4
6801;54;51;1;land;false;hills;4
6802;59;35;1;land;false;mountain;4
6803;52;32;1;land;false;hills;4
6804;83;31;1;land;false;hills;4
6805;66;56;1;land;false;plains;4
6806;74;21;1;land;false;plains;4
6807;77;37;1;land;false;mountain;4
6808;57;50;1;land;false;hills;4
6809;49;30;1;land;false;plains;4
6810;66;11;1;land;false;hills;4
6811;118;22;1;land;false;hills;4
6812;65;46;1;land;false;hills;4
6813;116;14;1;land;false;hills;4
6814;60;34;1;land;false;hills;4
6815;117;14;1;land;false;plains;4
6816;71;35;1;land;false;plains;4
6817;44;16;1;land;false;mountain;4
6818;118;35;1;land;false;mountain;4
6819;105;40;1;land;false;hills;4
6820;105;57;1;land;false;plains;4
6821;58;40;1;land;false;plains;4
6822;60;36;1;land;false;hills;4
6823;69;17;1;land;false;hills;4
6824;67;1;1;land;false;plains;4
6825;77;53;1;land;false;hills;4
6826;107;29;1;land;false;mountain;4
6827;72;41;1;land;false;hills;4
6828;117;54;1;land;false;hills;4
6829;81;3;1;land;false;hills;4
6830;64;51;1;land;false;mountain;4
6831;89;44;1;land;false;plains;4
6832;111;3;1;land;false;mountain;4
6833;78;55;1;land;false;plains;4
6834;64;21;1;land;false;plains;4
6835;82;20;1;land;false;hills;4
6836;104;38;1;land;false;plains;4
6837;88;42;1;land;false;plains;4
6838;88;2;1;land;false;hills;4
6839;77;54;1;land;false;mountain;4
6840;95;32;1;land;false;hills;4
6841;99;7;1;land;false;hills;4
6842;63;24;1;land;false;hills;4
6843;85;14;1;land;false;plains;4
6844;67;32;1;land;false;plains;4
6845;55;52;1;land;false;plains;4
6846;122;34;1;land;false;mountain;4
6847;107;46;1;land;false;hills;4
6848;60;0;1;land;false;hills;4
6849;143;98;1;land;false;plains;4
6850;143;88;1;land;false;plains;4
6851;153;57;1;land;true;plains;4
6852;131;95;1;land;false;plains;4
6853;155;108;1;land;false;plains;4
6854;116;100;1;land;false;plains;4
6855;154;92;1;land;false;plains;4
6856;146;82;1;land;false;plains;4
6857;112;125;1;land;false;plains;4
6858;106;60;1;land;false;plains;4
6859;87;97;1;land;true;plains;4
6860;146;125;1;land;false;plains;4
6861;86;104;1;land;false;plains;4
6862;141;74;1;land;false;plains;4
6863;100;79;1;land;false;plains;4
6864;109;124;1;land;false;plains;4
6865;130;116;1;land;false;plains;4
6866;103;77;1;land;false;plains;4
6867;88;125;1;land;false;plains;4
6868;102;62;1;land;false;plains;4
6869;106;96;1;land;false;plains;4
6870;102;89;1;land;false;plains;4
6871;93;77;1;land;false;plains;4
6872;160;75;1;land;false;plains;4
6873;125;117;1;land;true;plains;4
6874;110;115;1;land;false;plains;4
6875;99;53;1;land;false;plains;4
6876;86;81;1;land;false;plains;4
6877;93;102;1;land;false;plains;4
6878;104;123;1;land;false;plains;4
6879;145;93;1;land;false;plains;4
6880;115;80;1;land;false;plains;4
6881;92;115;1;land;false;plains;4
6882;84;106;1;land;false;plains;4
6883;104;72;1;land;true;plains;4
6884;112;52;1;land;false;plains;4
6885;94;106;1;land;false;plains;4
6886;108;72;1;land;true;plains;4
6887;103;93;1;land;false;plains;4
6888;142;107;1;land;true;plains;4
6889;100;71;1;land;false;plains;4
6890;151;55;1;land;false;plains;4
6891;85;116;1;land;false;plains;4
6892;89;90;1;land;false;plains;4
6893;149;98;1;land;false;plains;4
6894;117;123;1;land;false;plains;4
6895;112;100;1;land;true;plains;4
6896;133;55;1;land;true;plains;4
6897;114;71;1;land;false;plains;4
6898;147;108;1;land;true;plains;4
6899;152;113;1;land;false;plains;4
6900;119;127;1;land;false;plains;4
6901;138;96;1;land;false;plains;4
6902;161;100;1;land;false;plains;4
6903;110;99;1;land;false;plains;4
6904;88;115;1;land;false;plains;4
6905;111;67;1;land;false;plains;4
6906;104;61;1;land;false;plains;4
6907;84;121;1;land;false;plains;4
6908;127;69;1;land;false;plains;4
6909;138;88;1;land;false;plains;4
6910;140;95;1;land;false;plains;4
6911;132;115;1;land;false;plains;4
6912;107;73;1;land;false;plains;4
6913;156;102;1;land;true;plains;4
6914;146;63;1;land;false;plains;4
6915;129;75;1;land;false;plains;4
6916;97;105;1;land;false;plains;4
6917;110;106;1;land;false;plains;4
6918;138;90;1;land;false;plains;4
6919;159;117;1;land;false;plains;4
6920;158;113;1;land;false;plains;4
6921;88;72;1;land;true;plains;4
6922;102;113;1;land;false;plains;4
6923;91;61;1;land;false;plains;4
6924;120;101;1;land;false;plains;4
6925;147;88;1;land;false;plains;4
6926;130;95;1;land;false;plains;4
6927;140;78;1;land;true;plains;4
6928;129;70;1;land;false;plains;4
6929;141;97;1;land;true;plains;4
6930;85;110;1;land;true;plains;4
6931;88;117;1;land;false;plains;4
6932;144;116;1;land;false;plains;4
6933;93;59;1;land;false;plains;4
6934;99;126;1;land;false;plains;4
6935;91;102;1;land;false;plains;4
6936;141;87;1;land;false;plains;4
6937;118;93;1;land;false;plains;4
6938;142;98;1;land;false;plains;4
6939;93;87;1;land;false;plains;4
6940;146;74;1;land;true;plains;4
6941;146;90;1;land;false;plains;4
6942;140;120;1;land;false;plains;4
6943;97;119;1;land;false;plains;4
6944;93;123;1;land;false;plains;4
6945;115;61;1;land;false;plains;4
6946;112;77;1;land;false;plains;4
6947;110;57;1;land;false;plains;4
6948;108;81;1;land;false;plains;4
6949;121;120;1;land;false;plains;4
6950;160;92;1;land;false;plains;4
6951;139;49;1;land;false;plains;4
6952;159;116;1;land;true;plains;4
6953;139;121;1;land;false;plains;4
6954;118;115;1;land;true;plains;4
6955;99;123;1;land;false;plains;4
6956;90;70;1;land;false;plains;4
6957;110;74;1;land;false;plains;4
6958;85;72;1;land;false;plains;4
6959;90;67;1;land;true;plains;4
6960;152;124;1;land;false;plains;4
6961;148;90;1;land;true;plains;4
6962;106;81;1;land;true;plains;4
6963;83;117;1;land;false;plains;4
6964;124;57;1;land;false;plains;4
6965;112;96;1;land;false;plains;4
6966;133;91;1;land;false;plains;4
6967;161;96;1;land;false;plains;4
6968;123;100;1;land;false;plains;4
6969;149;86;1;land;false;plains;4
6970;84;96;1;land;false;plains;4
6971;122;55;1;land;false;plains;4
6972;89;72;1;land;false;plains;4
6973;147;86;1;land;false;plains;4
6974;128;97;1;land;false;plains;4
6975;126;93;1;land;false;plains;4
6976;83;56;1;land;false;plains;4
6977;140;76;1;land;false;plains;4
6978;83;63;1;land;false;plains;4
6979;137;99;1;land;false;plains;4
6980;85;109;1;land;false;plains;4
6981;102;109;1;land;false;plains;4
6982;102;116;1;land;false;plains;4
6983;159;121;1;land;false;plains;4
6984;136;120;1;land;true;plains;4
6985;96;57;1;land;false;plains;4
6986;146;100;1;land;false;plains;4
6987;88;113;1;land;false;plains;4
6988;36;73;1;land;false;forest;4
6989;9;80;1;land;false;forest;4
6990;48;66;1;land;false;forest;4
6991;32;43;1;land;false;forest;4
6992;220;39;1;land;false;forest;4
6993;231;49;1;land;false;forest;4
6994;244;56;1;land;false;forest;4
6995;128;176;1;land;false;forest;4
6996;185;185;1;land;false;hills;4
6997;170;179;1;land;false;hills;4
6998;237;169;1;land;false;desert;4
6999;190;144;1;land;true;desert;4
7000;226;139;1;land;false;plains;4
7001;203;130;1;land;true;desert;4
7002;213;132;1;land;true;desert;4
7003;235;105;1;land;true;desert;4
7004;206;125;1;land;false;desert;4
7005;220;140;1;land;false;desert;4
7006;200;163;1;land;true;desert;4
7007;214;129;1;land;true;desert;4
7008;247;121;1;land;true;plains;4
7009;194;162;1;land;true;desert;4
7010;251;164;1;land;true;plains;4
7011;239;123;1;land;false;forest;4
7012;232;176;1;land;true;desert;4
7013;146;18;1;land;false;desert;4
7014;108;7;1;land;false;desert;4
7015;152;38;1;land;false;desert;4
7016;143;14;1;land;false;desert;4
7017;97;39;1;land;false;desert;4
7018;134;38;1;land;false;desert;4
7019;119;33;1;land;false;desert;4
7020;154;4;1;land;false;desert;4
7021;88;20;1;land;false;desert;4
7022;123;24;1;land;false;desert;4
7023;114;25;1;land;false;desert;4
7024;88;24;1;land;false;desert;4
7025;101;16;1;land;false;desert;4
7026;118;7;1;land;false;desert;4
7027;117;27;1;land;false;desert;4
7028;81;14;1;land;false;desert;4
7029;112;23;1;land;true;desert;4
7030;155;20;1;land;false;desert;4
7031;98;8;1;land;false;desert;4
7032;101;24;1;land;false;desert;4
7033;139;31;1;land;true;desert;4
7034;104;30;1;land;false;desert;4
7035;123;19;1;land;false;desert;4
7036;97;14;1;land;false;desert;4
7037;85;5;1;land;false;desert;4
7038;129;6;1;land;false;desert;4
7039;93;41;1;land;false;desert;4
7040;103;36;1;land;false;desert;4
7041;87;7;1;land;false;desert;4
7042;125;19;1;land;false;desert;4
7043;102;18;1;land;false;desert;4
7044;89;22;1;land;false;desert;4
7045;159;9;1;land;false;desert;4
7046;94;27;1;land;false;desert;4
7047;143;8;1;land;false;desert;4
7048;156;16;1;land;false;desert;4
7049;86;41;1;land;true;desert;4
7050;134;31;1;land;false;desert;4
7051;140;9;1;land;false;desert;4
7052;140;32;1;land;false;desert;4
7053;89;39;1;land;false;desert;4
7054;115;31;1;land;false;desert;4
7055;81;12;1;land;false;desert;4
7056;139;11;1;land;true;desert;4
7057;144;1;1;land;false;desert;4
7058;115;23;1;land;false;desert;4
7059;86;4;1;land;false;desert;4
7060;122;30;1;land;false;desert;4
7061;134;22;1;land;true;desert;4
7062;108;33;1;land;false;desert;4
7063;87;27;1;land;false;desert;4
7064;136;31;1;land;false;desert;4
7065;147;17;1;land;false;desert;4
7066;83;19;1;land;false;desert;4
7067;97;17;1;land;false;desert;4
7068;127;22;1;land;false;desert;4
7069;115;5;1;land;true;desert;4
7070;131;6;1;land;false;desert;4
7071;149;24;1;land;false;desert;4
7072;90;12;1;land;false;desert;4
7073;92;26;1;land;false;desert;4
7074;151;29;1;land;true;desert;4
7075;107;9;1;land;false;desert;4
7076;93;15;1;land;false;desert;4
7077;126;10;1;land;false;desert;4
7078;156;26;1;land;false;desert;4
7079;81;7;1;land;false;desert;4
7080;146;35;1;land;false;desert;4
7081;143;16;1;land;false;desert;4
7082;144;10;1;land;false;desert;4
7083;141;10;1;land;false;hills;4
7084;155;36;1;land;false;desert;4
7085;129;12;1;land;false;desert;4
7086;81;35;1;land;false;desert;4
7087;105;1;1;land;false;desert;4
7088;102;22;1;land;true;desert;4
7089;149;10;1;land;false;desert;4
7090;110;22;1;land;false;desert;4
7091;91;1;1;land;false;desert;4
7092;153;27;1;land;false;desert;4
7093;138;14;1;land;false;desert;4
7094;101;21;1;land;false;desert;4
7095;89;3;1;land;false;desert;4
7096;90;1;1;land;false;desert;4
7097;104;11;1;land;false;desert;4
7098;137;2;1;land;false;desert;4
7099;116;27;1;land;false;desert;4
7100;42;165;1;land;false;plains;4
7101;19;154;1;land;true;plains;4
7102;24;209;1;land;true;plains;4
7103;192;21;1;land;false;mountain;4
7104;194;84;1;land;false;plains;4
7105;228;83;1;land;false;hills;4
7106;179;49;1;land;false;plains;4
7107;206;44;1;land;false;hills;4
7108;228;25;1;land;false;hills;4
7109;213;44;1;land;false;plains;4
7110;171;47;1;land;false;plains;4
7111;215;46;1;land;false;hills;4
7112;212;68;1;land;false;plains;4
7113;207;40;1;land;false;hills;4
7114;198;19;1;land;false;mountain;4
7115;190;86;1;land;false;plains;4
7116;229;82;1;land;false;hills;4
7117;186;90;1;land;false;plains;4
7118;214;106;1;land;false;forest;4
7119;153;163;1;land;true;plains;4
7120;212;136;1;land;true;forest;4
7121;151;105;1;land;false;plains;4
7122;182;93;1;land;true;plains;4
7123;216;155;1;land;false;plains;4
7124;210;157;1;land;false;plains;4
7125;155;160;1;land;false;plains;4
7126;215;156;1;land;false;forest;4
7127;186;128;1;land;false;plains;4
7128;87;163;1;land;false;plains;4
7129;115;186;1;land;false;plains;4
7130;123;136;1;land;false;plains;4
7131;145;139;1;land;false;plains;4
7132;158;146;1;land;false;plains;4
7133;139;117;1;land;false;plains;4
7134;113;153;1;land;false;plains;4
7135;162;93;1;land;false;plains;4
7136;168;114;1;land;false;plains;4
7137;155;80;1;land;false;plains;4
7138;195;247;1;land;false;forest;4
7139;57;201;1;land;true;plains;4
7140;59;193;1;land;true;plains;4
7141;89;182;1;land;false;plains;4
7142;88;195;1;land;false;plains;4
7143;66;234;1;land;false;plains;4
7144;49;213;1;land;true;plains;4
7145;67;105;1;land;false;plains;4
7146;112;118;1;land;false;plains;4
7147;70;98;1;land;false;plains;4
7148;224;62;1;land;true;forest;4
7149;249;77;1;land;true;forest;4
7150;223;59;1;land;true;forest;4
7151;239;71;1;land;false;forest;4
7152;192;43;1;land;false;forest;4
7153;227;47;1;land;true;forest;4
7154;203;63;1;land;true;forest;4
7155;39;149;1;land;false;plains;4
7156;58;192;1;land;false;hills;4
7157;7;182;1;land;false;plains;4
7158;31;219;1;land;false;hills;4
7159;6;205;1;land;false;hills;4
7160;44;209;1;land;false;plains;4
7161;60;174;1;land;false;plains;4
7162;61;181;1;land;false;hills;4
7163;56;197;1;land;false;hills;4
7164;0;217;1;land;false;plains;4
7165;8;168;1;land;false;hills;4
7166;162;164;1;land;false;hills;4
7167;170;149;1;land;false;plains;4
7168;232;6;1;land;true;forest;4
7169;193;74;1;land;false;forest;4
7170;248;45;1;land;true;forest;4
7171;191;67;1;land;false;forest;4
7172;198;66;1;land;true;forest;4
7173;250;31;1;land;false;forest;4
7174;228;65;1;land;true;forest;4
7175;210;48;1;land;true;forest;4
7176;236;64;1;land;false;forest;4
7177;244;14;1;land;false;forest;4
7178;222;18;1;land;false;forest;4
7179;143;163;1;land;false;plains;4
7180;111;154;1;land;false;plains;4
7181;131;111;1;land;false;plains;4
7182;130;151;1;land;false;plains;4
7183;172;31;1;land;false;plains;4
7184;122;43;1;land;false;forest;4
7185;135;92;1;land;false;plains;4
7186;143;192;1;land;false;mountain;4
7187;159;235;1;land;false;plains;4
7188;177;241;1;land;false;hills;4
7189;153;231;1;land;false;mountain;4
7190;201;240;1;land;false;mountain;4
7191;160;181;1;land;false;hills;4
7192;189;180;1;land;false;hills;4
7193;191;215;1;land;false;mountain;4
7194;158;212;1;land;false;hills;4
7195;195;235;1;land;false;plains;4
7196;168;218;1;land;false;hills;4
7197;127;152;1;land;true;forest;4
7198;17;157;1;land;false;plains;4
7199;16;187;1;land;true;plains;4
7200;34;138;1;land;true;plains;4
7201;25;142;1;land;false;plains;4
7202;39;137;1;land;false;plains;4
7203;22;190;1;land;false;plains;4
7204;17;142;1;land;false;hills;4
7205;8;187;1;land;false;plains;4
7206;24;181;1;land;false;plains;4
7207;16;177;1;land;false;plains;4
7208;39;158;1;land;false;plains;4
7209;17;193;1;land;true;plains;4
7210;6;167;1;land;false;plains;4
7211;12;125;1;land;false;plains;4
7212;5;173;1;land;false;plains;4
7213;0;187;1;land;true;plains;4
7214;8;144;1;land;false;plains;4
7215;22;167;1;land;false;plains;4
7216;12;189;1;land;false;plains;4
7217;33;125;1;land;false;plains;4
7218;27;191;1;land;false;plains;4
7219;3;162;1;land;false;plains;4
7220;1;114;1;land;true;plains;4
7221;22;146;1;land;true;hills;4
7222;39;168;1;land;false;plains;4
7223;14;163;1;land;false;plains;4
7224;11;171;1;land;false;plains;4
7225;24;178;1;land;false;plains;4
7226;9;175;1;land;false;plains;4
7227;18;164;1;land;false;plains;4
7228;36;181;1;land;false;plains;4
7229;25;156;1;land;false;plains;4
7230;8;175;1;land;true;plains;4
7231;1;121;1;land;false;plains;4
7232;7;166;1;land;false;plains;4
7233;12;162;1;land;true;plains;4
7234;13;161;1;land;true;plains;4
7235;9;154;1;land;false;plains;4
7236;28;123;1;land;false;plains;4
7237;21;173;1;land;false;plains;4
7238;10;131;1;land;false;plains;4
7239;28;134;1;land;false;plains;4
7240;4;181;1;land;false;plains;4
7241;28;172;1;land;true;plains;4
7242;37;160;1;land;false;plains;4
7243;30;155;1;land;true;plains;4
7244;7;138;1;land;false;plains;4
7245;25;168;1;land;false;plains;4
7246;6;170;1;land;false;plains;4
7247;36;162;1;land;false;plains;4
7248;17;121;1;land;true;plains;4
7249;24;128;1;land;false;plains;4
7250;2;121;1;land;false;plains;4
7251;11;183;1;land;false;plains;4
7252;33;187;1;land;true;plains;4
7253;39;122;1;land;false;plains;4
7254;36;157;1;land;true;plains;4
7255;34;131;1;land;false;plains;4
7256;0;192;1;land;true;plains;4
7257;22;115;1;land;false;plains;4
7258;5;139;1;land;false;plains;4
7259;35;164;1;land;false;plains;4
7260;27;137;1;land;true;plains;4
7261;14;128;1;land;false;plains;4
7262;5;147;1;land;false;plains;4
7263;4;184;1;land;false;plains;4
7264;13;132;1;land;false;plains;4
7265;34;176;1;land;false;plains;4
7266;11;193;1;land;false;hills;4
7267;37;118;1;land;false;plains;4
7268;24;190;1;land;true;plains;4
7269;6;118;1;land;false;plains;4
7270;26;228;1;land;true;plains;4
7271;34;225;1;land;false;plains;4
7272;37;238;1;land;false;plains;4
7273;35;225;1;land;false;forest;4
7274;51;223;1;land;true;forest;4
7275;50;219;1;land;true;forest;4
7276;40;226;1;land;true;forest;4
7277;43;121;1;land;false;jungle;4
7278;26;157;1;land;true;jungle;4
7279;51;129;1;land;true;jungle;4
7280;78;139;1;land;false;jungle;4
7281;32;145;1;land;false;plains;4
7282;54;174;1;land;false;jungle;4
7283;48;172;1;land;false;jungle;4
7284;71;155;1;land;true;jungle;4
7285;15;152;1;land;true;jungle;4
7286;227;137;1;land;false;hills;4
7287;221;117;1;land;false;mountain;4
7288;201;154;1;land;false;hills;4
7289;186;228;1;land;false;forest;4
7290;234;214;1;land;false;plains;4
7291;247;194;1;land;false;plains;4
7292;223;167;1;land;true;forest;4
7293;212;156;1;land;true;forest;4
7294;232;152;1;land;false;forest;4
7295;215;151;1;land;true;forest;4
7296;157;194;1;land;false;plains;4
7297;214;185;1;land;false;plains;4
7298;84;246;1;land;false;hills;4
7299;88;241;1;land;false;forest;4
7300;117;224;1;land;false;hills;4
7301;239;68;1;land;false;forest;4
7302;214;110;1;land;false;forest;4
7303;238;92;1;land;false;forest;4
7304;227;116;1;land;false;plains;4
7305;218;130;1;land;false;forest;4
7306;57;216;1;land;false;hills;4
7307;37;222;1;land;false;hills;4
7308;16;207;1;land;false;hills;4
7309;31;220;1;land;false;hills;4
7310;5;205;1;land;false;hills;4
7311;12;231;1;land;false;hills;4
7312;190;169;1;land;false;plains;4
7313;139;172;1;land;false;plains;4
7314;56;206;1;land;false;desert;4
7315;75;254;1;land;false;desert;4
7316;50;208;1;land;false;desert;4
7317;98;230;1;land;false;hills;4
7318;67;246;1;land;false;desert;4
7319;89;238;1;land;false;desert;4
7320;55;214;1;land;false;plains;4
7321;99;251;1;land;false;desert;4
7322;99;220;1;land;false;plains;4
7323;64;208;1;land;false;desert;4
7324;35;245;1;land;false;hills;4
7325;102;221;1;land;false;hills;4
7326;31;240;1;land;false;desert;4
7327;32;252;1;land;false;desert;4
7328;67;204;1;land;false;desert;4
7329;130;219;1;land;false;plains;4
7330;94;167;1;land;false;forest;4
7331;113;214;1;land;false;plains;4
7332;124;158;1;land;false;plains;4
7333;134;154;1;land;false;forest;4
7334;84;205;1;land;false;plains;4
7335;98;178;1;land;false;plains;4
7336;133;214;1;land;false;plains;4
7337;175;165;1;land;false;forest;4
7338;174;164;1;land;false;forest;4
7339;201;45;1;land;false;plains;4
7340;247;12;1;land;false;plains;4
7341;213;36;1;land;false;plains;4
7342;235;52;1;land;false;plains;4
7343;249;31;1;land;false;plains;4
7344;198;68;1;land;false;plains;4
7345;220;32;1;land;false;plains;4
7346;252;65;1;land;false;plains;4
7347;246;18;1;land;true;plains;4
7348;254;36;1;land;false;plains;4
7349;208;22;1;land;false;plains;4
7350;201;50;1;land;false;plains;4
7351;216;15;1;land;false;plains;4
7352;221;18;1;land;false;plains;4
7353;244;65;1;land;false;plains;4
7354;252;96;1;land;false;mountain;4
7355;197;104;1;land;false;desert;4
7356;244;125;1;land;false;desert;4
7357;220;112;1;land;false;desert;4
7358;232;22;1;land;false;plains;4
7359;242;33;1;land;false;plains;4
7360;220;21;1;land;false;plains;4
7361;247;42;1;land;false;plains;4
7362;188;31;1;land;false;plains;4
7363;236;20;1;land;true;plains;4
7364;217;22;1;land;false;plains;4
7365;247;38;1;land;false;plains;4
7366;156;124;1;land;true;desert;4
7367;223;152;1;land;false;mountain;4
7368;214;150;1;land;false;desert;4
7369;164;121;1;land;false;desert;4
7370;214;183;1;land;false;desert;4
7371;158;152;1;land;false;desert;4
7372;170;122;1;land;false;desert;4
7373;220;146;1;land;false;hills;4
7374;212;140;1;land;false;desert;4
7375;173;150;1;land;false;desert;4
7376;219;175;1;land;false;desert;4
7377;205;139;1;land;false;desert;4
7378;216;195;1;land;false;desert;4
7379;213;162;1;land;false;desert;4
7380;199;187;1;land;false;desert;4
7381;207;168;1;land;false;desert;4
7382;212;129;1;land;false;desert;4
7383;228;122;1;land;false;desert;4
7384;215;131;1;land;false;desert;4
7385;203;144;1;land;false;desert;4
7386;214;186;1;land;false;desert;4
7387;212;160;1;land;false;desert;4
7388;165;129;1;land;false;desert;4
7389;177;161;1;land;false;desert;4
7390;204;187;1;land;false;desert;4
7391;186;137;1;land;false;desert;4
7392;175;181;1;land;false;desert;4
7393;198;172;1;land;false;desert;4
7394;182;148;1;land;false;hills;4
7395;155;158;1;land;false;desert;4
7396;224;195;1;land;false;plains;4
7397;208;179;1;land;false;desert;4
7398;177;121;1;land;false;desert;4
7399;211;159;1;land;false;desert;4
7400;194;178;1;land;false;desert;4
7401;183;188;1;land;false;desert;4
7402;195;135;1;land;false;desert;4
7403;187;184;1;land;true;desert;4
7404;181;193;1;land;false;desert;4
7405;184;136;1;land;false;desert;4
7406;154;194;1;land;false;desert;4
7407;227;178;1;land;true;desert;4
7408;210;190;1;land;false;desert;4
7409;193;167;1;land;false;desert;4
7410;198;147;1;land;false;desert;4
7411;231;174;1;land;false;desert;4
7412;191;174;1;land;true;desert;4
7413;228;190;1;land;false;desert;4
7414;160;147;1;land;false;desert;4
7415;229;131;1;land;false;desert;4
7416;174;171;1;land;false;desert;4
7417;184;139;1;land;false;hills;4
7418;165;140;1;land;false;desert;4
7419;191;121;1;land;false;desert;4
7420;182;138;1;land;true;desert;4
7421;172;174;1;land;false;desert;4
7422;217;180;1;land;false;plains;4
7423;227;195;1;land;false;desert;4
7424;228;136;1;land;false;desert;4
7425;233;134;1;land;false;desert;4
7426;222;133;1;land;false;desert;4
7427;211;195;1;land;false;desert;4
7428;216;145;1;land;false;desert;4
7429;224;130;1;land;false;desert;4
7430;196;189;1;land;false;desert;4
7431;175;170;1;land;false;desert;4
7432;155;128;1;land;false;desert;4
7433;162;191;1;land;false;desert;4
7434;186;189;1;land;false;desert;4
7435;156;178;1;land;false;desert;4
7436;197;160;1;land;false;desert;4
7437;157;181;1;land;false;desert;4
7438;182;130;1;land;false;desert;4
7439;219;150;1;land;false;plains;4
7440;195;168;1;land;false;desert;4
7441;230;169;1;land;false;desert;4
7442;178;196;1;land;false;desert;4
7443;226;163;1;land;false;desert;4
7444;225;189;1;land;false;desert;4
7445;211;198;1;land;false;desert;4
7446;155;144;1;land;false;desert;4
7447;158;148;1;land;false;desert;4
7448;168;167;1;land;false;desert;4
7449;176;171;1;land;false;desert;4
7450;198;131;1;land;false;desert;4
7451;164;156;1;land;false;desert;4
7452;177;125;1;land;false;hills;4
7453;210;150;1;land;false;desert;4
7454;179;178;1;land;false;desert;4
7455;172;200;1;land;true;desert;4
7456;205;131;1;land;false;desert;4
7457;187;183;1;land;false;desert;4
7458;195;150;1;land;false;desert;4
7459;206;195;1;land;true;desert;4
7460;170;144;1;land;false;desert;4
7461;186;144;1;land;false;plains;4
7462;154;138;1;land;false;desert;4
7463;198;194;1;land;true;desert;4
7464;168;131;1;land;false;desert;4
7465;230;175;1;land;true;desert;4
7466;202;186;1;land;false;desert;4
7467;190;167;1;land;false;desert;4
7468;233;138;1;land;false;desert;4
7469;170;193;1;land;false;desert;4
7470;191;183;1;land;false;desert;4
7471;170;158;1;land;false;desert;4
7472;203;185;1;land;false;desert;4
7473;164;147;1;land;false;desert;4
7474;200;189;1;land;false;mountain;4
7475;200;200;1;land;false;desert;4
7476;188;173;1;land;false;mountain;4
7477;201;159;1;land;false;desert;4
7478;168;165;1;land;false;desert;4
7479;216;149;1;land;false;desert;4
7480;177;142;1;land;false;desert;4
7481;213;166;1;land;false;desert;4
7482;231;163;1;land;false;desert;4
7483;173;161;1;land;true;desert;4
7484;181;137;1;land;false;desert;4
7485;185;125;1;land;false;desert;4
7486;170;160;1;land;false;desert;4
7487;169;170;1;land;false;desert;4
7488;162;195;1;land;false;desert;4
7489;158;177;1;land;false;desert;4
7490;163;185;1;land;false;plains;4
7491;209;177;1;land;false;desert;4
7492;191;120;1;land;false;desert;4
7493;183;124;1;land;false;desert;4
7494;159;167;1;land;false;desert;4
7495;219;159;1;land;false;plains;4
7496;171;186;1;land;false;desert;4
7497;223;122;1;land;false;desert;4
7498;171;164;1;land;false;desert;4
7499;187;152;1;land;false;desert;4
7500;155;181;1;land;false;desert;4
7501;158;175;1;land;true;desert;4
7502;191;124;1;land;false;desert;4
7503;209;179;1;land;false;desert;4
7504;155;142;1;land;false;mountain;4
7505;199;189;1;land;false;desert;4
7506;164;142;1;land;false;plains;4
7507;224;186;1;land;false;desert;4
7508;200;140;1;land;true;desert;4
7509;201;170;1;land;false;desert;4
7510;182;137;1;land;false;desert;4
7511;174;128;1;land;false;desert;4
7512;156;158;1;land;false;desert;4
7513;216;130;1;land;false;desert;4
7514;167;190;1;land;false;desert;4
7515;222;157;1;land;false;desert;4
7516;192;172;1;land;false;desert;4
7517;157;135;1;land;false;desert;4
7518;216;136;1;land;false;plains;4
7519;177;140;1;land;false;desert;4
7520;184;123;1;land;false;plains;4
7521;173;183;1;land;false;hills;4
7522;231;195;1;land;false;hills;4
7523;214;184;1;land;false;desert;4
7524;195;131;1;land;true;plains;4
7525;195;178;1;land;false;desert;4
7526;204;159;1;land;false;desert;4
7527;160;195;1;land;false;desert;4
7528;173;180;1;land;false;hills;4
7529;158;127;1;land;false;desert;4
7530;164;185;1;land;false;desert;4
7531;225;198;1;land;false;desert;4
7532;175;122;1;land;false;hills;4
7533;190;159;1;land;false;desert;4
7534;166;130;1;land;false;desert;4
7535;156;125;1;land;false;desert;4
7536;189;149;1;land;false;desert;4
7537;181;148;1;land;false;desert;4
7538;214;128;1;land;false;desert;4
7539;201;157;1;land;false;desert;4
7540;172;191;1;land;false;desert;4
7541;202;142;1;land;false;desert;4
7542;196;169;1;land;false;desert;4
7543;174;127;1;land;false;desert;4
7544;166;147;1;land;false;desert;4
7545;173;138;1;land;false;desert;4
7546;222;140;1;land;false;desert;4
7547;221;168;1;land;false;desert;4
7548;194;120;1;land;false;desert;4
7549;191;165;1;land;false;mountain;4
7550;176;191;1;land;false;desert;4
7551;204;138;1;land;false;desert;4
7552;208;182;1;land;false;desert;4
7553;178;147;1;land;false;desert;4
7554;158;171;1;land;false;plains;4
7555;200;139;1;land;false;desert;4
7556;165;174;1;land;false;desert;4
7557;219;199;1;land;false;desert;4
7558;196;175;1;land;false;desert;4
7559;199;192;1;land;false;desert;4
7560;227;176;1;land;false;plains;4
7561;161;173;1;land;false;mountain;4
7562;177;164;1;land;false;desert;4
7563;162;124;1;land;false;desert;4
7564;183;139;1;land;false;desert;4
7565;204;165;1;land;false;desert;4
7566;224;127;1;land;false;desert;4
7567;161;163;1;land;false;desert;4
7568;213;190;1;land;false;desert;4
7569;190;188;1;land;false;desert;4
7570;191;189;1;land;false;desert;4
7571;226;199;1;land;false;desert;4
7572;179;156;1;land;false;hills;4
7573;194;132;1;land;false;mountain;4
7574;156;196;1;land;false;desert;4
7575;199;126;1;land;false;desert;4
7576;202;165;1;land;false;desert;4
7577;198;133;1;land;false;desert;4
7578;192;136;1;land;false;desert;4
7579;231;144;1;land;false;hills;4
7580;228;195;1;land;false;mountain;4
7581;206;188;1;land;true;plains;4
7582;192;128;1;land;true;plains;4
7583;198;169;1;land;false;desert;4
7584;161;149;1;land;false;desert;4
7585;212;164;1;land;false;desert;4
7586;154;180;1;land;false;desert;4
7587;214;192;1;land;false;desert;4
7588;215;177;1;land;false;desert;4
7589;174;194;1;land;false;desert;4
7590;172;138;1;land;false;desert;4
7591;213;155;1;land;false;desert;4
7592;189;179;1;land;false;desert;4
7593;157;189;1;land;false;desert;4
7594;215;133;1;land;true;desert;4
7595;200;179;1;land;false;desert;4
7596;162;160;1;land;false;desert;4
7597;225;172;1;land;false;desert;4
7598;186;190;1;land;false;hills;4
7599;164;167;1;land;false;desert;4
7600;174;174;1;land;false;desert;4
7601;178;162;1;land;false;desert;4
7602;196;142;1;land;false;desert;4
7603;177;194;1;land;false;desert;4
7604;206;168;1;land;false;desert;4
7605;170;143;1;land;false;desert;4
7606;221;162;1;land;false;desert;4
7607;167;133;1;land;false;plains;4
7608;163;146;1;land;false;hills;4
7609;224;162;1;land;false;desert;4
7610;188;134;1;land;false;desert;4
7611;189;198;1;land;true;desert;4
7612;202;145;1;land;false;desert;4
7613;205;163;1;land;false;desert;4
7614;162;168;1;land;false;desert;4
7615;183;167;1;land;false;desert;4
7616;182;165;1;land;false;desert;4
7617;212;138;1;land;false;desert;4
7618;193;150;1;land;false;desert;4
7619;185;141;1;land;false;desert;4
7620;163;124;1;land;false;desert;4
7621;228;144;1;land;false;desert;4
7622;215;186;1;land;false;desert;4
7623;186;183;1;land;false;desert;4
7624;163;197;1;land;false;plains;4
7625;228;151;1;land;true;desert;4
7626;226;174;1;land;false;desert;4
7627;168;139;1;land;false;desert;4
7628;193;176;1;land;true;desert;4
7629;194;155;1;land;false;desert;4
7630;217;143;1;land;true;desert;4
7631;222;192;1;land;true;desert;4
7632;164;130;1;land;false;desert;4
7633;189;189;1;land;false;desert;4
7634;174;156;1;land;false;desert;4
7635;198;122;1;land;false;desert;4
7636;192;198;1;land;false;desert;4
7637;168;163;1;land;false;desert;4
7638;154;132;1;land;false;desert;4
7639;176;167;1;land;false;desert;4
7640;224;149;1;land;false;mountain;4
7641;186;132;1;land;false;desert;4
7642;207;198;1;land;false;desert;4
7643;183;132;1;land;false;desert;4
7644;205;136;1;land;false;desert;4
7645;204;192;1;land;false;desert;4
7646;169;124;1;land;false;desert;4
7647;180;129;1;land;false;desert;4
7648;192;156;1;land;false;desert;4
7649;178;142;1;land;false;desert;4
7650;212;133;1;land;false;desert;4
7651;226;129;1;land;false;desert;4
7652;227;131;1;land;false;desert;4
7653;155;138;1;land;false;desert;4
7654;210;197;1;land;false;desert;4
7655;233;141;1;land;false;desert;4
7656;169;160;1;land;false;desert;4
7657;175;194;1;land;false;desert;4
7658;162;139;1;land;false;desert;4
7659;207;167;1;land;false;plains;4
7660;159;171;1;land;false;desert;4
7661;187;157;1;land;false;desert;4
7662;219;187;1;land;false;desert;4
7663;180;199;1;land;false;desert;4
7664;155;146;1;land;false;plains;4
7665;175;156;1;land;false;desert;4
7666;163;178;1;land;false;desert;4
7667;177;165;1;land;false;desert;4
7668;158;154;1;land;false;desert;4
7669;164;166;1;land;false;hills;4
7670;55;179;1;land;true;plains;3
7671;57;170;1;land;false;mountain;3
7672;79;154;1;land;false;plains;3
7673;79;137;1;land;false;plains;3
7674;51;136;1;land;false;plains;3
7675;95;104;1;land;false;plains;3
7676;54;101;1;land;false;plains;3
7677;86;172;1;land;false;hills;3
7678;21;123;1;land;false;plains;3
7679;53;136;1;land;false;plains;3
7680;37;152;1;land;false;plains;3
7681;81;137;1;land;false;plains;3
7682;89;171;1;land;false;plains;3
7683;67;143;1;land;false;plains;3
7684;19;174;1;land;false;plains;3
7685;78;175;1;land;false;plains;3
7686;69;164;1;land;false;hills;3
7687;43;140;1;land;false;plains;3
7688;55;102;1;land;false;plains;3
7689;85;103;1;land;true;plains;3
7690;77;107;1;land;false;mountain;3
7691;33;145;1;land;false;plains;3
7692;34;152;1;land;false;plains;3
7693;73;166;1;land;true;plains;3
7694;20;101;1;land;false;plains;3
7695;81;163;1;land;false;plains;3
7696;83;140;1;land;false;plains;3
7697;24;102;1;land;true;plains;3
7698;94;160;1;land;true;plains;3
7699;91;129;1;land;false;hills;3
7700;93;138;1;land;false;plains;3
7701;68;128;1;land;false;plains;3
7702;79;126;1;land;false;plains;3
7703;32;122;1;land;false;plains;3
7704;48;102;1;land;false;plains;3
7705;89;114;1;land;false;hills;3
7706;75;125;1;land;true;plains;3
7707;95;171;1;land;false;plains;3
7708;68;164;1;land;false;plains;3
7709;22;114;1;land;false;plains;3
7710;93;121;1;land;false;plains;3
7711;58;124;1;land;false;plains;3
7712;17;141;1;land;false;hills;3
7713;77;158;1;land;false;plains;3
7714;83;147;1;land;false;plains;3
7715;55;143;1;land;false;plains;3
7716;21;102;1;land;false;plains;3
7717;60;166;1;land;false;plains;3
7718;78;150;1;land;false;hills;3
7719;83;111;1;land;false;plains;3
7720;54;145;1;land;false;plains;3
7721;76;157;1;land;true;plains;3
7722;64;173;1;land;false;plains;3
7723;39;109;1;land;false;plains;3
7724;197;51;1;land;false;plains;3
7725;209;20;1;land;false;plains;3
7726;199;43;1;land;false;plains;3
7727;179;47;1;land;false;plains;3
7728;177;17;1;land;false;plains;3
7729;193;12;1;land;false;plains;3
7730;166;52;1;land;false;plains;3
7731;26;109;1;land;false;plains;3
7732;31;137;1;land;false;plains;3
7733;53;146;1;land;true;plains;3
7734;11;107;1;land;false;plains;3
7735;84;125;1;land;false;plains;3
7736;79;99;1;land;false;plains;3
7737;60;97;1;land;false;plains;3
7738;24;119;1;land;false;plains;3
7739;6;157;1;land;true;plains;3
7740;13;174;1;land;false;plains;3
7741;50;157;1;land;false;plains;3
7742;84;108;1;land;false;plains;3
7743;41;122;1;land;false;plains;3
7744;40;166;1;land;false;plains;3
7745;70;134;1;land;false;plains;3
7746;20;168;1;land;false;plains;3
7747;11;170;1;land;false;plains;3
7748;19;112;1;land;false;plains;3
7749;10;96;1;land;false;plains;3
7750;77;140;1;land;false;plains;3
7751;43;116;1;land;false;plains;3
7752;57;160;1;land;false;plains;3
7753;10;124;1;land;false;plains;3
7754;18;103;1;land;false;plains;3
7755;23;159;1;land;false;plains;3
7756;47;124;1;land;false;plains;3
7757;20;118;1;land;false;plains;3
7758;13;171;1;land;false;plains;3
7759;66;140;1;land;false;plains;3
7760;138;189;1;land;true;plains;3
7761;182;150;1;land;false;plains;3
7762;146;164;1;land;true;plains;3
7763;187;172;1;land;false;plains;3
7764;170;154;1;land;false;plains;3
7765;83;163;1;land;false;hills;3
7766;76;170;1;land;false;plains;3
7767;129;129;1;land;false;plains;3
7768;99;159;1;land;false;plains;3
7769;95;128;1;land;false;hills;3
7770;82;113;1;land;false;plains;3
7771;232;149;1;land;false;forest;3
7772;236;131;1;land;false;hills;3
7773;237;114;1;land;false;hills;3
7774;223;87;1;land;false;plains;3
7775;144;99;1;land;false;desert;3
7776;149;90;1;land;false;plains;3
7777;156;70;1;land;false;desert;3
7778;137;54;1;land;false;plains;3
7779;171;57;1;land;false;desert;3
7780;159;67;1;land;false;desert;3
7781;114;70;1;land;false;hills;3
7782;115;45;1;land;false;desert;3
7783;151;104;1;land;false;mountain;3
7784;147;50;1;land;false;plains;3
7785;117;110;1;land;false;hills;3
7786;156;59;1;land;false;desert;3
7787;167;85;1;land;false;desert;3
7788;43;203;1;land;false;plains;3
7789;12;249;1;land;true;plains;3
7790;62;245;1;land;true;plains;3
7791;36;222;1;land;false;plains;3
7792;1;179;1;land;false;plains;3
7793;206;175;1;land;false;plains;3
7794;202;152;1;land;false;plains;3
7795;228;223;1;land;false;plains;3
7796;39;11;1;land;false;plains;3
7797;23;29;1;land;false;plains;3
7798;19;57;1;land;false;plains;3
7799;7;47;1;land;false;forest;3
7800;26;63;1;land;false;plains;3
7801;29;54;1;land;false;forest;3
7802;189;9;1;land;false;desert;3
7803;167;30;1;land;false;jungle;3
7804;167;13;1;land;false;plains;3
7805;201;49;1;land;false;plains;3
7806;209;35;1;land;false;plains;3
7807;168;2;1;land;false;plains;3
7808;204;49;1;land;false;plains;3
7809;171;25;1;land;false;desert;3
7810;171;39;1;land;false;plains;3
7811;149;20;1;land;false;jungle;3
7812;185;43;1;land;false;plains;3
7813;196;40;1;land;false;plains;3
7814;43;123;1;land;true;plains;3
7815;9;93;1;land;false;plains;3
7816;56;115;1;land;false;plains;3
7817;43;127;1;land;false;plains;3
7818;58;108;1;land;false;plains;3
7819;37;165;1;land;false;plains;3
7820;11;97;1;land;false;plains;3
7821;186;42;1;land;false;desert;3
7822;245;49;1;land;false;desert;3
7823;228;61;1;land;false;desert;3
7824;197;27;1;land;false;desert;3
7825;199;31;1;land;false;hills;3
7826;220;56;1;land;false;desert;3
7827;226;26;1;land;false;desert;3
7828;227;9;1;land;false;plains;3
7829;219;13;1;land;false;desert;3
7830;213;1;1;land;false;plains;3
7831;183;7;1;land;false;desert;3
7832;249;3;1;land;false;desert;3
7833;197;13;1;land;false;plains;3
7834;241;10;1;land;false;desert;3
7835;223;60;1;land;false;desert;3
7836;202;43;1;land;false;desert;3
7837;199;37;1;land;false;plains;3
7838;57;77;1;land;false;hills;3
7839;133;87;1;land;false;desert;3
7840;104;60;1;land;false;desert;3
7841;70;42;1;land;false;desert;3
7842;63;32;1;land;false;desert;3
7843;127;42;1;land;false;hills;3
7844;128;38;1;land;false;desert;3
7845;109;42;1;land;false;desert;3
7846;133;39;1;land;false;desert;3
7847;106;65;1;land;false;desert;3
7848;83;87;1;land;false;desert;3
7849;119;103;1;land;false;desert;3
7850;112;80;1;land;false;desert;3
7851;82;36;1;land;false;desert;3
7852;80;35;1;land;false;desert;3
7853;93;55;1;land;false;desert;3
7854;97;70;1;land;false;hills;3
7855;91;27;1;land;false;plains;3
7856;113;45;1;land;false;desert;3
7857;134;81;1;land;false;desert;3
7858;125;181;1;land;false;plains;3
7859;155;194;1;land;false;plains;3
7860;134;208;1;land;false;plains;3
7861;133;165;1;land;false;plains;3
7862;123;213;1;land;false;plains;3
7863;183;161;1;land;false;plains;3
7864;152;190;1;land;false;plains;3
7865;149;190;1;land;false;plains;3
7866;171;185;1;land;false;plains;3
7867;174;199;1;land;false;plains;3
7868;195;152;1;land;false;desert;3
7869;140;165;1;land;false;plains;3
7870;162;161;1;land;false;plains;3
7871;197;179;1;land;false;desert;3
7872;133;156;1;land;false;plains;3
7873;183;169;1;land;false;plains;3
7874;168;171;1;land;false;plains;3
7875;155;188;1;land;false;plains;3
7876;165;189;1;land;false;plains;3
7877;141;135;1;land;false;desert;3
7878;144;211;1;land;false;plains;3
7879;151;182;1;land;false;plains;3
7880;182;134;1;land;false;plains;3
7881;178;152;1;land;false;desert;3
7882;152;162;1;land;false;plains;3
7883;172;188;1;land;false;plains;3
7884;194;142;1;land;false;plains;3
7885;189;142;1;land;false;plains;3
7886;62;118;1;land;false;plains;3
7887;74;120;1;land;true;desert;3
7888;115;179;1;land;false;hills;3
7889;73;185;1;land;false;desert;3
7890;62;182;1;land;true;desert;3
7891;90;180;1;land;false;plains;3
7892;69;169;1;land;false;desert;3
7893;78;131;1;land;false;plains;3
7894;68;140;1;land;false;plains;3
7895;44;109;1;land;false;plains;3
7896;65;164;1;land;true;desert;3
7897;59;119;1;land;true;desert;3
7898;111;169;1;land;false;plains;3
7899;52;184;1;land;false;desert;3
7900;81;152;1;land;false;desert;3
7901;100;174;1;land;true;desert;3
7902;91;143;1;land;false;plains;3
7903;42;157;1;land;false;plains;3
7904;212;7;1;land;false;plains;3
7905;221;51;1;land;false;plains;3
7906;157;21;1;land;false;plains;3
7907;195;11;1;land;false;plains;3
7908;207;36;1;land;false;plains;3
7909;193;24;1;land;true;forest;3
7910;238;62;1;land;true;forest;3
7911;240;18;1;land;false;forest;3
7912;223;7;1;land;true;forest;3
7913;212;40;1;land;true;forest;3
7914;41;118;1;land;false;plains;3
7915;11;126;1;land;false;plains;3
7916;25;91;1;land;false;forest;3
7917;16;162;1;land;false;forest;3
7918;32;147;1;land;false;forest;3
7919;30;122;1;land;false;forest;3
7920;34;127;1;land;false;plains;3
7921;66;96;1;land;false;forest;3
7922;66;162;1;land;false;plains;3
7923;31;95;1;land;false;forest;3
7924;35;151;1;land;false;plains;3
7925;61;132;1;land;false;plains;3
7926;10;137;1;land;false;forest;3
7927;53;122;1;land;false;forest;3
7928;63;146;1;land;false;plains;3
7929;14;133;1;land;false;forest;3
7930;28;107;1;land;false;plains;3
7931;108;225;1;land;false;hills;3
7932;172;231;1;land;false;plains;3
7933;111;237;1;land;false;plains;3
7934;173;242;1;land;false;plains;3
7935;95;220;1;land;false;plains;3
7936;123;226;1;land;false;plains;3
7937;131;230;1;land;false;hills;3
7938;162;247;1;land;false;plains;3
7939;98;235;1;land;false;plains;3
7940;105;228;1;land;false;plains;3
7941;103;228;1;land;false;plains;3
7942;150;237;1;land;false;plains;3
7943;170;231;1;land;false;plains;3
7944;177;31;1;land;false;forest;3
7945;202;20;1;land;false;desert;3
7946;144;29;1;land;false;plains;3
7947;181;8;1;land;false;plains;3
7948;201;34;1;land;false;plains;3
7949;189;25;1;land;false;jungle;3
7950;178;23;1;land;true;desert;3
7951;143;9;1;land;false;plains;3
7952;165;20;1;land;true;forest;3
7953;144;3;1;land;true;plains;3
7954;197;19;1;land;false;forest;3
7955;180;36;1;land;false;plains;3
7956;190;40;1;land;true;desert;3
7957;181;43;1;land;false;desert;3
7958;173;17;1;land;true;plains;3
7959;154;11;1;land;false;forest;3
7960;207;12;1;land;false;plains;3
7961;207;4;1;land;false;plains;3
7962;206;32;1;land;false;desert;3
7963;211;33;1;land;true;forest;3
7964;203;39;1;land;false;plains;3
7965;202;8;1;land;false;plains;3
7966;203;11;1;land;false;plains;3
7967;161;14;1;land;false;plains;3
7968;174;1;1;land;false;forest;3
7969;201;19;1;land;true;plains;3
7970;174;44;1;land;false;forest;3
7971;137;1;1;land;false;desert;3
7972;164;39;1;land;true;plains;3
7973;138;4;1;land;true;desert;3
7974;137;34;1;land;true;hills;3
7975;183;33;1;land;false;plains;3
7976;175;11;1;land;false;desert;3
7977;164;0;1;land;true;plains;3
7978;164;16;1;land;false;forest;3
7979;187;33;1;land;false;desert;3
7980;143;40;1;land;true;plains;3
7981;208;24;1;land;false;plains;3
7982;186;94;1;land;false;plains;3
7983;180;112;1;land;false;plains;3
7984;187;82;1;land;false;plains;3
7985;156;119;1;land;false;plains;3
7986;199;101;1;land;false;plains;3
7987;3;208;1;land;false;mountain;3
7988;33;180;1;land;false;plains;3
7989;37;232;1;land;false;hills;3
7990;48;236;1;land;false;plains;3
7991;40;231;1;land;false;plains;3
7992;19;177;1;land;false;hills;3
7993;9;192;1;land;false;hills;3
7994;48;188;1;land;false;mountain;3
7995;33;201;1;land;false;plains;3
7996;7;190;1;land;false;hills;3
7997;31;192;1;land;false;plains;3
7998;0;204;1;land;false;plains;3
7999;28;181;1;land;false;plains;3
8000;27;243;1;land;false;plains;3
8001;18;198;1;land;false;mountain;3
8002;35;219;1;land;false;mountain;3
8003;28;202;1;land;false;plains;3
8004;3;184;1;land;false;plains;3
8005;50;203;1;land;false;plains;3
8006;38;225;1;land;false;mountain;3
8007;13;195;1;land;false;plains;3
8008;22;196;1;land;false;plains;3
8009;2;188;1;land;false;plains;3
8010;8;199;1;land;false;plains;3
8011;35;247;1;land;false;plains;3
8012;18;209;1;land;false;hills;3
8013;2;184;1;land;false;plains;3
8014;22;201;1;land;false;plains;3
8015;15;212;1;land;false;mountain;3
8016;0;198;1;land;false;mountain;3
8017;50;215;1;land;false;plains;3
8018;27;235;1;land;false;plains;3
8019;40;179;1;land;false;plains;3
8020;1;185;1;land;false;plains;3
8021;30;40;1;land;false;plains;3
8022;1;20;1;land;true;desert;3
8023;40;15;1;land;false;mountain;3
8024;37;49;1;land;false;desert;3
8025;33;29;1;land;false;plains;3
8026;75;51;1;land;true;desert;3
8027;74;8;1;land;false;desert;3
8028;7;10;1;land;false;desert;3
8029;36;77;1;land;false;desert;3
8030;52;49;1;land;false;desert;3
8031;21;44;1;land;false;desert;3
8032;71;57;1;land;false;desert;3
8033;29;37;1;land;false;desert;3
8034;69;51;1;land;true;desert;3
8035;7;41;1;land;false;desert;3
8036;68;32;1;land;false;desert;3
8037;3;22;1;land;false;plains;3
8038;72;53;1;land;true;plains;3
8039;46;45;1;land;false;plains;3
8040;22;32;1;land;true;desert;3
8041;28;52;1;land;false;desert;3
8042;46;69;1;land;false;hills;3
8043;32;37;1;land;true;desert;3
8044;21;23;1;land;false;plains;3
8045;18;9;1;land;true;plains;3
8046;19;20;1;land;false;forest;3
8047;50;10;1;land;false;desert;3
8048;69;69;1;land;false;mountain;3
8049;1;51;1;land;true;plains;3
8050;33;82;1;land;false;desert;3
8051;47;37;1;land;true;desert;3
8052;31;11;1;land;false;desert;3
8053;68;6;1;land;false;desert;3
8054;50;6;1;land;true;plains;3
8055;49;25;1;land;true;desert;3
8056;7;22;1;land;false;plains;3
8057;31;66;1;land;true;plains;3
8058;76;58;1;land;false;desert;3
8059;19;64;1;land;false;hills;3
8060;28;14;1;land;true;plains;3
8061;33;75;1;land;false;mountain;3
8062;47;14;1;land;false;desert;3
8063;19;67;1;land;true;desert;3
8064;22;70;1;land;true;desert;3
8065;44;40;1;land;false;desert;3
8066;51;81;1;land;false;desert;3
8067;203;193;1;land;false;plains;3
8068;202;157;1;land;false;plains;3
8069;177;216;1;land;false;plains;3
8070;148;214;1;land;false;plains;3
8071;150;191;1;land;false;plains;3
8072;211;171;1;land;false;plains;3
8073;194;148;1;land;false;plains;3
8074;177;218;1;land;false;plains;3
8075;148;162;1;land;false;plains;3
8076;126;239;1;land;false;plains;3
8077;103;231;1;land;false;plains;3
8078;78;225;1;land;false;plains;3
8079;93;248;1;land;false;plains;3
8080;101;217;1;land;false;hills;3
8081;90;207;1;land;false;plains;3
8082;61;243;1;land;false;plains;3
8083;132;247;1;land;false;plains;3
8084;71;208;1;land;false;plains;3
8085;71;250;1;land;false;plains;3
8086;120;223;1;land;false;plains;3
8087;121;212;1;land;false;plains;3
8088;96;231;1;land;false;hills;3
8089;112;228;1;land;false;plains;3
8090;85;253;1;land;false;hills;3
8091;84;217;1;land;false;plains;3
8092;121;221;1;land;false;plains;3
8093;66;226;1;land;false;hills;3
8094;115;197;1;land;false;plains;3
8095;78;245;1;land;false;plains;3
8096;66;216;1;land;false;plains;3
8097;121;249;1;land;false;plains;3
8098;124;254;1;land;false;plains;3
8099;76;222;1;land;false;plains;3
8100;124;206;1;land;false;plains;3
8101;135;207;1;land;false;plains;3
8102;73;201;1;land;false;hills;3
8103;125;249;1;land;false;plains;3
8104;170;251;1;land;false;plains;3
8105;135;223;1;land;false;plains;3
8106;101;231;1;land;false;plains;3
8107;156;226;1;land;false;plains;3
8108;178;249;1;land;false;plains;3
8109;104;247;1;land;false;plains;3
8110;159;226;1;land;false;plains;3
8111;173;254;1;land;false;plains;3
8112;102;101;1;land;false;forest;3
8113;85;65;1;land;false;hills;3
8114;85;66;1;land;false;hills;3
8115;112;84;1;land;false;hills;3
8116;63;61;1;land;false;hills;3
8117;86;88;1;land;false;hills;3
8118;111;27;1;land;false;hills;3
8119;73;57;1;land;false;hills;3
8120;81;61;1;land;false;plains;3
8121;92;88;1;land;false;hills;3
8122;68;49;1;land;false;hills;3
8123;44;75;1;land;false;hills;3
8124;115;81;1;land;false;hills;3
8125;96;99;1;land;false;hills;3
8126;137;184;1;land;false;plains;3
8127;163;175;1;land;false;plains;3
8128;135;172;1;land;false;plains;3
8129;176;134;1;land;false;plains;3
8130;165;196;1;land;false;plains;3
8131;133;155;1;land;false;plains;3
8132;121;186;1;land;false;plains;3
8133;8;61;1;land;false;plains;3
8134;27;14;1;land;false;plains;3
8135;38;67;1;land;false;plains;3
8136;235;30;1;land;false;plains;3
8137;201;43;1;land;false;plains;3
8138;245;30;1;land;false;plains;3
8139;238;12;1;land;false;desert;3
8140;221;41;1;land;false;plains;3
8141;190;0;1;land;false;plains;3
8142;203;12;1;land;false;plains;3
8143;223;54;1;land;false;desert;3
8144;205;51;1;land;false;plains;3
8145;82;173;1;land;false;plains;3
8146;115;153;1;land;false;plains;3
8147;74;163;1;land;false;plains;3
8148;53;120;1;land;false;plains;3
8149;79;182;1;land;false;plains;3
8150;68;107;1;land;false;plains;3
8151;44;173;1;land;false;plains;3
8152;79;171;1;land;false;plains;3
8153;109;143;1;land;false;plains;3
8154;118;124;1;land;false;plains;3
8155;104;113;1;land;false;plains;3
8156;75;120;1;land;false;plains;3
8157;77;165;1;land;false;plains;3
8158;74;114;1;land;false;plains;3
8159;94;122;1;land;false;plains;3
8160;102;167;1;land;false;plains;3
8161;98;122;1;land;false;plains;3
8162;178;234;1;land;false;plains;3
8163;115;219;1;land;false;plains;3
8164;119;237;1;land;false;plains;3
8165;109;231;1;land;false;plains;3
8166;179;55;1;land;false;plains;3
8167;204;62;1;land;false;plains;3
8168;198;95;1;land;false;plains;3
8169;136;105;1;land;false;plains;3
8170;137;68;1;land;false;plains;3
8171;183;95;1;land;false;plains;3
8172;206;88;1;land;false;plains;3
8173;206;112;1;land;false;plains;3
8174;140;117;1;land;false;plains;3
8175;142;123;1;land;false;plains;3
8176;190;99;1;land;false;forest;3
8177;196;124;1;land;false;forest;3
8178;201;121;1;land;false;plains;3
8179;150;89;1;land;false;plains;3
8180;209;60;1;land;false;plains;3
8181;148;116;1;land;false;plains;3
8182;209;105;1;land;false;forest;3
8183;134;63;1;land;false;plains;3
8184;156;47;1;land;false;plains;3
8185;196;99;1;land;false;forest;3
8186;193;103;1;land;false;plains;3
8187;209;55;1;land;false;plains;3
8188;64;64;1;land;false;mountain;3
8189;82;31;1;land;false;desert;3
8190;62;39;1;land;false;desert;3
8191;91;68;1;land;false;hills;3
8192;51;67;1;land;false;desert;3
8193;90;97;1;land;false;hills;3
8194;107;88;1;land;false;hills;3
8195;87;58;1;land;false;hills;3
8196;71;20;1;land;false;hills;3
8197;56;94;1;land;false;mountain;3
8198;109;78;1;land;false;mountain;3
8199;70;90;1;land;false;mountain;3
8200;90;26;1;land;false;mountain;3
8201;89;87;1;land;false;desert;3
8202;124;40;1;land;false;desert;3
8203;123;73;1;land;false;hills;3
8204;58;71;1;land;false;hills;3
8205;68;57;1;land;false;hills;3
8206;30;194;1;land;true;plains;3
8207;2;225;1;land;false;plains;3
8208;18;235;1;land;false;plains;3
8209;10;240;1;land;true;plains;3
8210;39;240;1;land;false;plains;3
8211;47;221;1;land;false;plains;3
8212;2;194;1;land;false;plains;3
8213;36;230;1;land;false;forest;3
8214;26;189;1;land;true;plains;3
8215;23;210;1;land;false;plains;3
8216;8;114;1;land;false;desert;3
8217;28;147;1;land;false;hills;3
8218;37;158;1;land;false;plains;3
8219;78;113;1;land;false;hills;3
8220;75;145;1;land;false;desert;3
8221;29;147;1;land;false;desert;3
8222;39;96;1;land;false;plains;3
8223;51;94;1;land;false;hills;3
8224;79;97;1;land;false;hills;3
8225;80;153;1;land;false;mountain;3
8226;24;96;1;land;false;desert;3
8227;14;121;1;land;false;mountain;3
8228;8;156;1;land;false;hills;3
8229;33;169;1;land;false;plains;3
8230;24;131;1;land;false;desert;3
8231;71;147;1;land;false;mountain;3
8232;20;150;1;land;false;desert;3
8233;81;97;1;land;false;hills;3
8234;135;199;1;land;false;plains;3
8235;75;220;1;land;false;forest;3
8236;129;208;1;land;false;plains;3
8237;129;231;1;land;false;plains;3
8238;140;235;1;land;false;plains;3
8239;117;203;1;land;false;plains;3
8240;149;218;1;land;false;plains;3
8241;118;230;1;land;false;plains;3
8242;84;252;1;land;false;plains;3
8243;97;204;1;land;false;forest;3
8244;141;67;1;land;false;plains;3
8245;106;38;1;land;false;mountain;3
8246;134;99;1;land;false;hills;3
8247;137;109;1;land;false;hills;3
8248;140;115;1;land;false;hills;3
8249;174;56;1;land;false;hills;3
8250;154;63;1;land;false;plains;3
8251;145;81;1;land;false;mountain;3
8252;144;88;1;land;false;mountain;3
8253;141;54;1;land;false;mountain;3
8254;168;87;1;land;false;mountain;3
8255;145;109;1;land;false;mountain;3
8256;162;53;1;land;false;mountain;3
8257;106;72;1;land;false;plains;3
8258;128;101;1;land;false;plains;3
8259;108;54;1;land;false;plains;3
8260;104;74;1;land;false;plains;3
8261;162;76;1;land;false;plains;3
8262;87;90;1;land;false;plains;3
8263;87;33;1;land;false;plains;3
8264;152;34;1;land;false;plains;3
8265;138;37;1;land;false;plains;3
8266;155;88;1;land;false;plains;3
8267;8;12;1;land;false;plains;3
8268;36;59;1;land;false;desert;3
8269;12;41;1;land;false;plains;3
8270;1;14;1;land;false;desert;3
8271;19;10;1;land;false;desert;3
8272;36;51;1;land;false;plains;3
8273;10;55;1;land;false;desert;3
8274;33;59;1;land;false;desert;3
8275;28;11;1;land;false;desert;3
8276;20;63;1;land;false;desert;3
8277;9;4;1;land;false;plains;3
8278;6;31;1;land;false;desert;3
8279;2;40;1;land;false;plains;3
8280;24;60;1;land;false;plains;3
8281;8;40;1;land;false;desert;3
8282;23;28;1;land;false;plains;3
8283;29;6;1;land;false;desert;3
8284;39;64;1;land;false;plains;3
8285;35;14;1;land;false;desert;3
8286;22;56;1;land;false;plains;3
8287;25;55;1;land;false;desert;3
8288;21;40;1;land;false;desert;3
8289;23;19;1;land;false;desert;3
8290;6;22;1;land;false;desert;3
8291;14;38;1;land;false;desert;3
8292;30;38;1;land;false;plains;3
8293;7;63;1;land;false;desert;3
8294;9;39;1;land;false;desert;3
8295;40;1;1;land;false;desert;3
8296;21;31;1;land;false;desert;3
8297;7;66;1;land;false;desert;3
8298;7;26;1;land;false;desert;3
8299;37;6;1;land;false;desert;3
8300;48;105;1;land;false;hills;3
8301;38;131;1;land;false;desert;3
8302;38;137;1;land;false;plains;3
8303;15;150;1;land;false;desert;3
8304;66;136;1;land;false;desert;3
8305;39;128;1;land;false;hills;3
8306;66;91;1;land;false;desert;3
8307;64;150;1;land;false;plains;3
8308;15;151;1;land;false;desert;3
8309;14;127;1;land;false;desert;3
8310;38;157;1;land;false;desert;3
8311;52;113;1;land;false;desert;3
8312;47;120;1;land;false;desert;3
8313;12;155;1;land;false;desert;3
8314;35;132;1;land;false;desert;3
8315;223;36;1;land;false;plains;3
8316;236;25;1;land;false;plains;3
8317;232;54;1;land;false;plains;3
8318;224;43;1;land;false;plains;3
8319;244;54;1;land;false;plains;3
8320;249;37;1;land;false;plains;3
8321;145;250;1;land;false;desert;3
8322;137;204;1;land;false;jungle;3
8323;141;235;1;land;false;plains;3
8324;124;211;1;land;false;forest;3
8325;122;203;1;land;false;plains;3
8326;122;228;1;land;false;forest;3
8327;141;241;1;land;false;plains;3
8328;154;221;1;land;false;forest;3
8329;171;208;1;land;false;jungle;3
8330;131;253;1;land;false;desert;3
8331;171;229;1;land;false;desert;3
8332;118;236;1;land;false;plains;3
8333;165;227;1;land;false;forest;3
8334;164;247;1;land;false;desert;3
8335;118;227;1;land;false;plains;3
8336;141;229;1;land;false;jungle;3
8337;151;245;1;land;false;plains;3
8338;225;145;1;land;true;plains;3
8339;207;134;1;land;false;plains;3
8340;234;134;1;land;true;plains;3
8341;230;146;1;land;false;plains;3
8342;233;73;1;land;false;plains;3
8343;208;123;1;land;true;plains;3
8344;245;131;1;land;false;plains;3
8345;223;136;1;land;false;plains;3
8346;203;71;1;land;true;plains;3
8347;234;81;1;land;false;plains;3
8348;54;79;1;land;false;plains;3
8349;70;83;1;land;false;plains;3
8350;12;50;1;land;false;plains;3
8351;66;43;1;land;false;plains;3
8352;70;59;1;land;false;plains;3
8353;52;71;1;land;false;plains;3
8354;83;14;1;land;false;plains;3
8355;35;178;1;land;false;plains;3
8356;50;110;1;land;false;plains;3
8357;75;175;1;land;false;plains;3
8358;225;146;1;land;false;plains;3
8359;250;139;1;land;false;plains;3
8360;28;248;1;land;false;plains;3
8361;43;208;1;land;false;plains;3
8362;40;212;1;land;false;plains;3
8363;30;203;1;land;false;plains;3
8364;20;244;1;land;false;plains;3
8365;61;197;1;land;false;plains;3
8366;50;249;1;land;false;plains;3
8367;52;239;1;land;false;forest;3
8368;50;207;1;land;false;forest;3
8369;114;197;1;land;false;forest;3
8370;63;215;1;land;false;plains;3
8371;49;232;1;land;false;forest;3
8372;54;191;1;land;false;forest;3
8373;152;61;1;land;false;plains;3
8374;177;74;1;land;false;plains;3
8375;12;193;1;land;false;plains;3
8376;23;200;1;land;false;plains;3
8377;6;184;1;land;false;plains;3
8378;34;169;1;land;false;plains;3
8379;41;237;1;land;false;plains;3
8380;18;202;1;land;false;hills;3
8381;6;195;1;land;false;plains;3
8382;32;180;1;land;false;hills;3
8383;5;223;1;land;false;plains;3
8384;10;215;1;land;false;plains;3
8385;6;221;1;land;false;plains;3
8386;47;183;1;land;false;plains;3
8387;45;237;1;land;false;plains;3
8388;28;221;1;land;false;plains;3
8389;6;168;1;land;false;plains;3
8390;8;219;1;land;false;plains;3
8391;5;191;1;land;false;plains;3
8392;12;192;1;land;false;plains;3
8393;3;201;1;land;false;plains;3
8394;15;211;1;land;false;plains;3
8395;51;172;1;land;false;plains;3
8396;6;202;1;land;false;plains;3
8397;41;187;1;land;false;plains;3
8398;42;205;1;land;false;plains;3
8399;9;164;1;land;false;plains;3
8400;51;232;1;land;false;plains;3
8401;21;183;1;land;false;plains;3
8402;28;238;1;land;false;plains;3
8403;7;225;1;land;false;plains;3
8404;48;209;1;land;false;plains;3
8405;17;188;1;land;false;plains;3
8406;25;195;1;land;false;plains;3
8407;163;116;1;land;false;plains;3
8408;181;42;1;land;false;plains;3
8409;149;66;1;land;false;plains;3
8410;132;70;1;land;true;plains;3
8411;161;86;1;land;true;plains;3
8412;177;73;1;land;true;plains;3
8413;196;84;1;land;false;plains;3
8414;136;119;1;land;false;plains;3
8415;123;121;1;land;false;plains;3
8416;165;55;1;land;false;plains;3
8417;251;205;1;land;false;plains;3
8418;242;187;1;land;false;plains;3
8419;239;200;1;land;false;plains;3
8420;244;203;1;land;false;plains;3
8421;172;75;1;land;false;plains;3
8422;112;47;1;land;false;plains;3
8423;147;49;1;land;false;plains;3
8424;125;78;1;land;false;plains;3
8425;166;100;1;land;false;plains;3
8426;166;67;1;land;false;forest;3
8427;141;44;1;land;false;plains;3
8428;146;58;1;land;false;plains;3
8429;111;40;1;land;false;plains;3
8430;130;88;1;land;false;plains;3
8431;105;109;1;land;false;plains;3
8432;161;108;1;land;false;plains;3
8433;115;91;1;land;false;plains;3
8434;125;38;1;land;false;plains;3
8435;142;80;1;land;false;forest;3
8436;152;45;1;land;false;plains;3
8437;149;107;1;land;false;plains;3
8438;120;92;1;land;false;plains;3
8439;151;79;1;land;false;plains;3
8440;68;201;1;land;false;forest;3
8441;28;192;1;land;false;forest;3
8442;30;201;1;land;false;plains;3
8443;3;171;1;land;false;plains;3
8444;46;172;1;land;false;jungle;3
8445;68;239;1;land;true;forest;3
8446;21;217;1;land;false;jungle;3
8447;38;182;1;land;false;plains;3
8448;85;46;1;land;false;plains;3
8449;25;49;1;land;false;plains;3
8450;50;50;1;land;false;plains;3
8451;64;49;1;land;false;plains;3
8452;81;68;1;land;false;plains;3
8453;200;136;1;land;false;plains;3
8454;199;139;1;land;false;plains;3
8455;172;181;1;land;false;plains;3
8456;171;188;1;land;false;plains;3
8457;167;186;1;land;false;plains;3
8458;137;194;1;land;false;plains;3
8459;180;201;1;land;false;plains;3
8460;153;144;1;land;false;plains;3
8461;207;185;1;land;false;plains;3
8462;191;134;1;land;false;plains;3
8463;98;48;1;land;false;mountain;3
8464;95;43;1;land;false;desert;3
8465;82;71;1;land;false;mountain;3
8466;89;92;1;land;false;hills;3
8467;69;76;1;land;false;mountain;3
8468;68;37;1;land;false;mountain;3
8469;113;85;1;land;false;desert;3
8470;75;25;1;land;false;hills;3
8471;111;84;1;land;false;desert;3
8472;86;79;1;land;false;desert;3
8473;140;35;1;land;false;mountain;3
8474;139;83;1;land;false;mountain;3
8475;105;32;1;land;false;desert;3
8476;211;189;1;land;true;plains;3
8477;237;195;1;land;false;plains;3
8478;236;207;1;land;false;plains;3
8479;181;145;1;land;true;plains;3
8480;228;159;1;land;false;plains;3
8481;247;191;1;land;false;plains;3
8482;126;219;1;land;false;hills;3
8483;126;223;1;land;false;hills;3
8484;149;249;1;land;false;mountain;3
8485;198;239;1;land;false;forest;3
8486;121;91;1;land;false;plains;3
8487;155;103;1;land;false;plains;3
8488;160;113;1;land;false;hills;3
8489;125;85;1;land;false;plains;3
8490;161;94;1;land;false;plains;3
8491;183;43;1;land;false;plains;3
8492;182;68;1;land;false;plains;3
8493;167;40;1;land;false;plains;3
8494;173;101;1;land;false;plains;3
8495;123;94;1;land;false;hills;3
8496;106;158;1;land;false;plains;3
8497;160;166;1;land;false;plains;3
8498;154;187;1;land;false;plains;3
8499;99;173;1;land;false;plains;3
8500;134;132;1;land;false;plains;3
8501;220;59;1;land;false;plains;3
8502;221;46;1;land;false;desert;3
8503;209;23;1;land;false;plains;3
8504;242;14;1;land;false;desert;3
8505;228;54;1;land;false;desert;3
8506;224;54;1;land;false;desert;3
8507;225;28;1;land;false;plains;3
8508;221;52;1;land;false;plains;3
8509;253;3;1;land;false;desert;3
8510;214;24;1;land;false;desert;3
8511;235;14;1;land;false;plains;3
8512;243;0;1;land;false;plains;3
8513;234;23;1;land;false;plains;3
8514;238;52;1;land;false;desert;3
8515;244;3;1;land;false;plains;3
8516;218;11;1;land;false;plains;3
8517;233;36;1;land;false;plains;3
8518;203;2;1;land;false;plains;3
8519;241;51;1;land;false;plains;3
8520;223;19;1;land;false;desert;3
8521;225;54;1;land;false;plains;3
8522;217;44;1;land;false;desert;3
8523;72;64;1;land;false;plains;3
8524;67;14;1;land;false;plains;3
8525;52;6;1;land;false;plains;3
8526;3;73;1;land;false;plains;3
8527;39;5;1;land;false;plains;3
8528;67;8;1;land;false;plains;3
8529;16;28;1;land;false;desert;3
8530;13;31;1;land;false;plains;3
8531;58;66;1;land;false;plains;3
8532;78;135;1;land;false;mountain;3
8533;48;136;1;land;false;hills;3
8534;54;162;1;land;false;mountain;3
8535;59;180;1;land;false;hills;3
8536;103;213;1;land;false;jungle;3
8537;96;235;1;land;true;jungle;3
8538;42;208;1;land;false;jungle;3
8539;57;231;1;land;false;jungle;3
8540;69;249;1;land;false;jungle;3
8541;87;254;1;land;false;jungle;3
8542;62;232;1;land;false;jungle;3
8543;80;213;1;land;false;forest;3
8544;41;216;1;land;true;forest;3
8545;77;242;1;land;false;jungle;3
8546;68;209;1;land;false;jungle;3
8547;54;233;1;land;false;jungle;3
8548;97;249;1;land;true;forest;3
8549;42;225;1;land;true;forest;3
8550;95;230;1;land;true;jungle;3
8551;91;209;1;land;true;forest;3
8552;101;210;1;land;false;forest;3
8553;98;216;1;land;true;jungle;3
8554;233;132;1;land;false;plains;3
8555;208;120;1;land;false;plains;3
8556;236;125;1;land;false;plains;3
8557;252;144;1;land;false;plains;3
8558;250;84;1;land;false;plains;3
8559;229;75;1;land;false;plains;3
8560;231;99;1;land;false;plains;3
8561;212;98;1;land;false;plains;3
8562;173;165;1;land;false;plains;3
8563;144;192;1;land;false;forest;3
8564;149;215;1;land;false;plains;3
8565;178;212;1;land;false;forest;3
8566;202;187;1;land;false;forest;3
8567;199;173;1;land;false;forest;3
8568;123;196;1;land;false;forest;3
8569;63;203;1;land;false;forest;3
8570;90;173;1;land;false;jungle;3
8571;53;150;1;land;false;forest;3
8572;102;162;1;land;false;forest;3
8573;78;138;1;land;false;jungle;3
8574;96;171;1;land;false;forest;3
8575;76;132;1;land;false;jungle;3
8576;107;141;1;land;false;forest;3
8577;160;24;1;land;false;plains;3
8578;100;48;1;land;false;plains;3
8579;135;52;1;land;false;plains;3
8580;97;64;1;land;false;plains;3
8581;95;81;1;land;false;plains;3
8582;91;54;1;land;false;plains;3
8583;147;102;1;land;false;plains;3
8584;99;56;1;land;false;plains;3
8585;143;85;1;land;false;plains;3
8586;160;52;1;land;false;plains;3
8587;147;98;1;land;false;plains;3
8588;102;61;1;land;false;plains;3
8589;117;91;1;land;false;plains;3
8590;68;7;1;land;true;plains;3
8591;58;25;1;land;false;plains;3
8592;32;18;1;land;false;plains;3
8593;77;80;1;land;true;plains;3
8594;38;52;1;land;false;plains;3
8595;86;49;1;land;true;plains;3
8596;222;4;1;land;false;plains;3
8597;185;23;1;land;false;desert;3
8598;173;9;1;land;false;plains;3
8599;198;39;1;land;false;desert;3
8600;202;16;1;land;false;desert;3
8601;223;41;1;land;false;desert;3
8602;191;14;1;land;false;plains;3
8603;170;8;1;land;false;plains;3
8604;237;25;1;land;false;desert;3
8605;192;32;1;land;false;desert;3
8606;206;27;1;land;false;desert;3
8607;165;22;1;land;false;desert;3
8608;201;4;1;land;false;plains;3
8609;198;25;1;land;false;plains;3
8610;196;6;1;land;false;plains;3
8611;233;29;1;land;false;desert;3
8612;237;29;1;land;false;desert;3
8613;221;9;1;land;false;plains;3
8614;176;30;1;land;false;plains;3
8615;167;38;1;land;false;desert;3
8616;163;0;1;land;false;desert;3
8617;183;12;1;land;false;plains;3
8618;199;17;1;land;false;desert;3
8619;210;1;1;land;false;desert;3
8620;173;2;1;land;false;plains;3
8621;223;40;1;land;false;plains;3
8622;219;17;1;land;false;desert;3
8623;188;43;1;land;false;plains;3
8624;239;27;1;land;false;plains;3
8625;184;1;1;land;false;desert;3
8626;222;36;1;land;false;desert;3
8627;165;30;1;land;false;desert;3
8628;165;11;1;land;false;desert;3
8629;162;18;1;land;false;plains;3
8630;194;17;1;land;false;plains;3
8631;166;6;1;land;false;plains;3
8632;170;31;1;land;false;plains;3
8633;206;26;1;land;false;desert;3
8634;238;3;1;land;false;plains;3
8635;199;10;1;land;false;desert;3
8636;178;2;1;land;false;plains;3
8637;232;26;1;land;false;plains;3
8638;192;3;1;land;false;plains;3
8639;245;121;1;land;false;plains;3
8640;250;132;1;land;false;plains;3
8641;213;150;1;land;true;plains;3
8642;220;97;1;land;false;plains;3
8643;201;149;1;land;true;plains;3
8644;205;135;1;land;true;plains;3
8645;177;97;1;land;false;plains;3
8646;173;90;1;land;true;plains;3
8647;216;152;1;land;false;plains;3
8648;225;115;1;land;false;forest;3
8649;239;172;1;land;false;plains;3
8650;250;102;1;land;false;plains;3
8651;246;106;1;land;false;plains;3
8652;215;121;1;land;false;plains;3
8653;226;161;1;land;false;plains;3
8654;230;153;1;land;false;plains;3
8655;243;144;1;land;false;plains;3
8656;225;165;1;land;false;plains;3
8657;213;153;1;land;true;forest;3
8658;240;96;1;land;false;plains;3
8659;233;151;1;land;false;plains;3
8660;231;139;1;land;false;forest;3
8661;243;128;1;land;false;forest;3
8662;223;111;1;land;false;plains;3
8663;250;137;1;land;false;plains;3
8664;229;166;1;land;false;plains;3
8665;217;142;1;land;false;plains;3
8666;137;131;1;land;true;plains;3
8667;173;73;1;land;true;plains;3
8668;202;86;1;land;true;plains;3
8669;158;103;1;land;true;plains;3
8670;188;101;1;land;false;plains;3
8671;244;34;1;land;false;plains;3
8672;235;46;1;land;false;desert;3
8673;231;27;1;land;false;plains;3
8674;246;10;1;land;false;plains;3
8675;209;51;1;land;false;desert;3
8676;248;67;1;land;false;plains;3
8677;228;38;1;land;false;mountain;3
8678;239;59;1;land;false;desert;3
8679;226;53;1;land;false;desert;3
8680;211;77;1;land;false;desert;3
8681;221;80;1;land;false;mountain;3
8682;208;73;1;land;false;mountain;3
8683;245;59;1;land;false;desert;3
8684;241;38;1;land;false;mountain;3
8685;236;67;1;land;false;desert;3
8686;239;37;1;land;false;desert;3
8687;201;26;1;land;false;desert;3
8688;235;55;1;land;false;plains;3
8689;206;69;1;land;false;desert;3
8690;213;81;1;land;false;desert;3
8691;231;7;1;land;false;plains;3
8692;254;37;1;land;false;desert;3
8693;225;44;1;land;false;desert;3
8694;219;50;1;land;false;mountain;3
8695;215;13;1;land;false;hills;3
8696;197;68;1;land;false;mountain;3
8697;200;47;1;land;false;mountain;3
8698;199;51;1;land;false;hills;3
8699;210;26;1;land;false;mountain;3
8700;248;68;1;land;false;desert;3
8701;212;14;1;land;false;hills;3
8702;239;19;1;land;false;desert;3
8703;230;79;1;land;false;plains;3
8704;210;42;1;land;false;hills;3
8705;201;62;1;land;false;mountain;3
8706;234;68;1;land;false;desert;3
8707;212;43;1;land;false;desert;3
8708;250;54;1;land;false;desert;3
8709;206;46;1;land;false;desert;3
8710;232;68;1;land;false;desert;3
8711;223;32;1;land;false;plains;3
8712;225;64;1;land;false;plains;3
8713;211;36;1;land;false;desert;3
8714;228;19;1;land;false;hills;3
8715;208;8;1;land;false;mountain;3
8716;246;57;1;land;false;plains;3
8717;201;10;1;land;false;hills;3
8718;254;59;1;land;false;mountain;3
8719;245;39;1;land;false;mountain;3
8720;225;52;1;land;false;mountain;3
8721;226;22;1;land;false;desert;3
8722;212;15;1;land;false;desert;3
8723;240;76;1;land;false;desert;3
8724;212;59;1;land;false;desert;3
8725;247;15;1;land;false;plains;3
8726;204;63;1;land;false;mountain;3
8727;240;38;1;land;false;plains;3
8728;213;71;1;land;false;mountain;3
8729;211;35;1;land;false;mountain;3
8730;197;26;1;land;false;mountain;3
8731;198;40;1;land;false;desert;3
8732;202;44;1;land;false;mountain;3
8733;252;55;1;land;false;mountain;3
8734;210;12;1;land;false;mountain;3
8735;195;61;1;land;false;desert;3
8736;246;26;1;land;false;plains;3
8737;200;56;1;land;false;desert;3
8738;245;42;1;land;false;hills;3
8739;236;65;1;land;false;desert;3
8740;219;5;1;land;false;mountain;3
8741;237;9;1;land;false;desert;3
8742;215;78;1;land;false;desert;3
8743;217;2;1;land;false;desert;3
8744;215;19;1;land;false;mountain;3
8745;212;38;1;land;false;mountain;3
8746;229;73;1;land;false;desert;3
8747;220;58;1;land;false;desert;3
8748;220;54;1;land;false;mountain;3
8749;218;57;1;land;false;plains;3
8750;223;23;1;land;false;mountain;3
8751;236;73;1;land;false;desert;3
8752;195;69;1;land;false;mountain;3
8753;211;15;1;land;false;desert;3
8754;241;61;1;land;false;desert;3
8755;212;75;1;land;false;plains;3
8756;200;10;1;land;false;mountain;3
8757;213;16;1;land;false;plains;3
8758;229;43;1;land;false;desert;3
8759;130;39;1;land;false;plains;3
8760;142;18;1;land;false;plains;3
8761;78;24;1;land;false;plains;3
8762;102;17;1;land;false;plains;3
8763;102;34;1;land;false;plains;3
8764;144;26;1;land;false;plains;3
8765;138;30;1;land;false;plains;3
8766;145;29;1;land;false;plains;3
8767;122;22;1;land;false;plains;3
8768;107;38;1;land;false;plains;3
8769;129;9;1;land;false;plains;3
8770;126;0;1;land;false;plains;3
8771;92;17;1;land;false;plains;3
8772;80;15;1;land;false;plains;3
8773;129;2;1;land;false;plains;3
8774;71;29;1;land;false;plains;3
8775;148;17;1;land;false;plains;3
8776;120;8;1;land;false;plains;3
8777;150;18;1;land;false;plains;3
8778;128;33;1;land;false;desert;3
8779;96;9;1;land;false;plains;3
8780;75;13;1;land;false;plains;3
8781;83;38;1;land;false;plains;3
8782;119;38;1;land;false;plains;3
8783;125;6;1;land;false;mountain;3
8784;134;25;1;land;false;plains;3
8785;141;7;1;land;false;plains;3
8786;107;5;1;land;false;desert;3
8787;128;17;1;land;false;desert;3
8788;72;38;1;land;false;desert;3
8789;123;30;1;land;false;desert;3
8790;74;42;1;land;false;plains;3
8791;106;10;1;land;false;plains;3
8792;99;8;1;land;false;desert;3
8793;75;11;1;land;false;desert;3
8794;128;25;1;land;false;plains;3
8795;90;34;1;land;false;desert;3
8796;78;31;1;land;false;plains;3
8797;136;9;1;land;false;plains;3
8798;148;35;1;land;false;plains;3
8799;74;31;1;land;false;plains;3
8800;96;21;1;land;false;plains;3
8801;111;16;1;land;false;plains;3
8802;142;17;1;land;false;plains;3
8803;111;24;1;land;false;desert;3
8804;120;36;1;land;false;desert;3
8805;143;24;1;land;false;plains;3
8806;102;28;1;land;false;plains;3
8807;98;16;1;land;false;plains;3
8808;104;10;1;land;false;plains;3
8809;128;0;1;land;false;plains;3
8810;100;26;1;land;false;plains;3
8811;75;10;1;land;false;plains;3
8812;108;24;1;land;false;desert;3
8813;108;15;1;land;false;plains;3
8814;145;40;1;land;false;plains;3
8815;74;33;1;land;false;desert;3
8816;82;29;1;land;false;plains;3
8817;115;11;1;land;false;hills;3
8818;144;5;1;land;false;plains;3
8819;78;25;1;land;false;desert;3
8820;151;34;1;land;false;desert;3
8821;71;40;1;land;false;plains;3
8822;141;36;1;land;false;plains;3
8823;123;4;1;land;false;plains;3
8824;112;19;1;land;false;plains;3
8825;145;28;1;land;false;plains;3
8826;123;134;1;land;false;desert;3
8827;104;128;1;land;false;desert;3
8828;140;132;1;land;false;plains;3
8829;121;133;1;land;false;desert;3
8830;155;174;1;land;false;desert;3
8831;141;142;1;land;false;plains;3
8832;102;164;1;land;false;desert;3
8833;131;178;1;land;false;desert;3
8834;156;155;1;land;false;plains;3
8835;163;121;1;land;false;plains;3
8836;145;149;1;land;false;plains;3
8837;153;115;1;land;false;desert;3
8838;139;142;1;land;false;plains;3
8839;144;168;1;land;false;plains;3
8840;155;157;1;land;false;plains;3
8841;144;126;1;land;false;desert;3
8842;108;155;1;land;false;plains;3
8843;144;180;1;land;false;plains;3
8844;158;118;1;land;false;plains;3
8845;134;125;1;land;false;plains;3
8846;153;168;1;land;false;plains;3
8847;135;125;1;land;false;desert;3
8848;171;182;1;land;false;plains;3
8849;112;145;1;land;false;desert;3
8850;165;136;1;land;false;plains;3
8851;106;167;1;land;false;desert;3
8852;140;187;1;land;false;desert;3
8853;125;133;1;land;false;plains;3
8854;167;119;1;land;false;plains;3
8855;153;164;1;land;false;desert;3
8856;154;164;1;land;false;desert;3
8857;125;186;1;land;false;plains;3
8858;107;186;1;land;false;plains;3
8859;148;125;1;land;false;desert;3
8860;132;154;1;land;false;desert;3
8861;127;142;1;land;false;desert;3
8862;160;162;1;land;false;desert;3
8863;154;174;1;land;false;desert;3
8864;3;149;1;land;false;plains;3
8865;14;134;1;land;false;plains;3
8866;50;81;1;land;false;plains;3
8867;34;125;1;land;false;plains;3
8868;1;122;1;land;false;plains;3
8869;49;112;1;land;false;plains;3
8870;23;116;1;land;false;plains;3
8871;55;108;1;land;false;plains;3
8872;61;109;1;land;true;plains;3
8873;97;95;1;land;false;hills;3
8874;72;95;1;land;false;plains;3
8875;74;166;1;land;false;mountain;3
8876;67;120;1;land;false;mountain;3
8877;42;95;1;land;true;plains;3
8878;41;105;1;land;false;plains;3
8879;75;150;1;land;false;hills;3
8880;82;123;1;land;false;plains;3
8881;52;157;1;land;false;plains;3
8882;36;161;1;land;false;plains;3
8883;81;95;1;land;false;plains;3
8884;18;110;1;land;false;plains;3
8885;51;104;1;land;false;hills;3
8886;41;124;1;land;false;hills;3
8887;31;107;1;land;false;hills;3
8888;42;128;1;land;false;mountain;3
8889;88;124;1;land;false;plains;3
8890;95;122;1;land;true;plains;3
8891;33;124;1;land;false;mountain;3
8892;20;132;1;land;false;hills;3
8893;72;87;1;land;true;plains;3
8894;61;156;1;land;true;plains;3
8895;19;119;1;land;false;mountain;3
8896;67;136;1;land;false;mountain;3
8897;85;145;1;land;false;plains;3
8898;88;142;1;land;false;plains;3
8899;26;90;1;land;true;plains;3
8900;84;166;1;land;true;plains;3
8901;75;154;1;land;false;hills;3
8902;93;103;1;land;false;plains;3
8903;47;131;1;land;false;hills;3
8904;29;92;1;land;false;hills;3
8905;51;118;1;land;false;hills;3
8906;95;150;1;land;true;plains;3
8907;40;118;1;land;false;plains;3
8908;82;108;1;land;false;plains;3
8909;72;122;1;land;false;plains;3
8910;37;128;1;land;false;hills;3
8911;97;162;1;land;true;plains;3
8912;38;136;1;land;false;mountain;3
8913;51;155;1;land;false;plains;3
8914;66;138;1;land;false;mountain;3
8915;38;144;1;land;false;hills;3
8916;49;129;1;land;false;plains;3
8917;43;132;1;land;false;plains;3
8918;27;167;1;land;false;plains;3
8919;33;162;1;land;false;mountain;3
8920;83;108;1;land;false;hills;3
8921;30;101;1;land;false;plains;3
8922;94;161;1;land;false;hills;3
8923;36;91;1;land;false;plains;3
8924;28;142;1;land;false;plains;3
8925;65;108;1;land;true;plains;3
8926;94;138;1;land;false;plains;3
8927;18;136;1;land;false;plains;3
8928;33;129;1;land;false;mountain;3
8929;27;154;1;land;false;plains;3
8930;29;141;1;land;true;plains;3
8931;35;120;1;land;false;plains;3
8932;49;115;1;land;false;hills;3
8933;91;113;1;land;false;mountain;3
8934;29;154;1;land;false;hills;3
8935;56;142;1;land;true;plains;3
8936;75;155;1;land;false;plains;3
8937;53;139;1;land;false;hills;3
8938;63;137;1;land;false;plains;3
8939;44;144;1;land;false;mountain;3
8940;72;117;1;land;false;hills;3
8941;37;98;1;land;false;mountain;3
8942;218;199;1;land;false;desert;3
8943;243;209;1;land;false;mountain;3
8944;225;243;1;land;false;hills;3
8945;210;252;1;land;false;desert;3
8946;238;219;1;land;false;hills;3
8947;216;193;1;land;false;desert;3
8948;229;251;1;land;false;mountain;3
8949;231;241;1;land;false;hills;3
8950;239;225;1;land;false;hills;3
8951;218;183;1;land;false;plains;3
8952;234;174;1;land;false;plains;3
8953;211;234;1;land;false;hills;3
8954;241;248;1;land;false;hills;3
8955;247;220;1;land;false;hills;3
8956;206;199;1;land;false;hills;3
8957;206;214;1;land;false;hills;3
8958;232;202;1;land;false;hills;3
8959;209;207;1;land;false;desert;3
8960;249;241;1;land;false;desert;3
8961;220;241;1;land;false;hills;3
8962;245;241;1;land;false;hills;3
8963;249;225;1;land;false;hills;3
8964;230;176;1;land;false;hills;3
8965;232;210;1;land;false;desert;3
8966;238;244;1;land;false;hills;3
8967;237;198;1;land;false;hills;3
8968;241;231;1;land;false;plains;3
8969;235;173;1;land;false;plains;3
8970;201;200;1;land;false;plains;3
8971;208;175;1;land;false;plains;3
8972;180;71;1;land;false;plains;3
8973;169;60;1;land;false;plains;3
8974;164;94;1;land;false;plains;3
8975;157;79;1;land;false;plains;3
8976;145;52;1;land;false;plains;3
8977;148;58;1;land;false;plains;3
8978;168;46;1;land;false;forest;3
8979;114;52;1;land;false;forest;3
8980;58;77;1;land;false;forest;3
8981;133;28;1;land;false;forest;3
8982;119;43;1;land;false;forest;3
8983;98;79;1;land;false;forest;3
8984;92;91;1;land;false;forest;3
8985;94;73;1;land;false;forest;3
8986;202;34;1;land;false;plains;3
8987;211;39;1;land;false;plains;3
8988;204;185;1;land;true;plains;3
8989;219;198;1;land;true;plains;3
8990;101;30;1;land;false;plains;3
8991;148;47;1;land;false;plains;3
8992;117;40;1;land;false;plains;3
8993;105;11;1;land;false;plains;3
8994;190;55;1;land;false;plains;3
8995;189;47;1;land;false;desert;3
8996;161;48;1;land;false;plains;3
8997;152;37;1;land;false;plains;3
8998;175;0;1;land;false;plains;3
8999;220;61;1;land;false;plains;3
9000;198;56;1;land;false;desert;3
9001;54;244;1;land;true;plains;3
9002;95;253;1;land;true;forest;3
9003;104;20;1;land;false;plains;3
9004;126;25;1;land;false;desert;3
9005;118;38;1;land;false;plains;3
9006;112;0;1;land;false;desert;3
9007;130;13;1;land;false;desert;3
9008;103;40;1;land;false;desert;3
9009;114;4;1;land;false;plains;3
9010;89;0;1;land;false;desert;3
9011;153;3;1;land;false;plains;3
9012;91;10;1;land;false;plains;3
9013;96;28;1;land;false;plains;3
9014;94;33;1;land;false;desert;3
9015;157;13;1;land;false;desert;3
9016;145;17;1;land;false;plains;3
9017;143;80;1;land;false;desert;3
9018;178;104;1;land;false;plains;3
9019;132;55;1;land;false;plains;3
9020;195;41;1;land;false;plains;3
9021;137;107;1;land;false;plains;3
9022;190;57;1;land;false;plains;3
9023;152;106;1;land;false;plains;3
9024;133;77;1;land;false;plains;3
9025;204;77;1;land;false;plains;3
9026;137;86;1;land;false;desert;3
9027;185;53;1;land;false;plains;3
9028;188;78;1;land;false;plains;3
9029;61;77;1;land;true;forest;3
9030;78;33;1;land;false;plains;3
9031;71;73;1;land;false;forest;3
9032;112;22;1;land;false;plains;3
9033;51;23;1;land;false;plains;3
9034;118;56;1;land;false;forest;3
9035;141;28;1;land;true;forest;3
9036;156;96;1;land;false;forest;3
9037;99;43;1;land;false;forest;3
9038;120;28;1;land;true;forest;3
9039;106;58;1;land;false;forest;3
9040;139;66;1;land;true;forest;3
9041;92;94;1;land;false;forest;3
9042;111;53;1;land;false;forest;3
9043;42;243;1;land;false;plains;3
9044;71;240;1;land;false;desert;3
9045;67;232;1;land;false;plains;3
9046;58;186;1;land;false;desert;3
9047;73;187;1;land;false;desert;3
9048;100;235;1;land;false;plains;3
9049;69;215;1;land;false;desert;3
9050;47;196;1;land;false;desert;3
9051;33;224;1;land;true;plains;3
9052;61;205;1;land;false;mountain;3
9053;103;251;1;land;false;plains;3
9054;96;217;1;land;true;desert;3
9055;54;179;1;land;false;desert;3
9056;43;205;1;land;false;plains;3
9057;42;223;1;land;false;desert;3
9058;31;199;1;land;false;desert;3
9059;95;252;1;land;false;desert;3
9060;54;208;1;land;false;plains;3
9061;28;231;1;land;false;desert;3
9062;65;246;1;land;false;plains;3
9063;89;179;1;land;false;desert;3
9064;100;249;1;land;false;plains;3
9065;71;209;1;land;false;plains;3
9066;87;190;1;land;false;desert;3
9067;61;200;1;land;true;desert;3
9068;60;238;1;land;false;plains;3
9069;104;212;1;land;false;desert;3
9070;88;225;1;land;false;hills;3
9071;92;229;1;land;false;desert;3
9072;28;241;1;land;false;plains;3
9073;71;186;1;land;false;desert;3
9074;29;223;1;land;false;plains;3
9075;81;223;1;land;false;desert;3
9076;94;252;1;land;false;plains;3
9077;53;201;1;land;true;desert;3
9078;40;237;1;land;false;desert;3
9079;59;243;1;land;false;desert;3
9080;38;231;1;land;false;desert;3
9081;52;199;1;land;false;desert;3
9082;33;243;1;land;false;desert;3
9083;98;252;1;land;false;desert;3
9084;65;210;1;land;false;desert;3
9085;49;202;1;land;true;plains;3
9086;64;201;1;land;false;hills;3
9087;41;235;1;land;false;desert;3
9088;95;187;1;land;false;plains;3
9089;26;218;1;land;true;desert;3
9090;92;204;1;land;false;desert;3
9091;68;234;1;land;false;plains;3
9092;76;191;1;land;false;desert;3
9093;62;185;1;land;false;desert;3
9094;83;240;1;land;false;plains;3
9095;34;174;1;land;false;desert;3
9096;88;215;1;land;false;plains;3
9097;59;224;1;land;false;desert;3
9098;64;243;1;land;false;plains;3
9099;25;175;1;land;false;desert;3
9100;54;217;1;land;false;desert;3
9101;95;176;1;land;false;desert;3
9102;64;195;1;land;false;plains;3
9103;82;236;1;land;false;desert;3
9104;97;195;1;land;false;desert;3
9105;52;248;1;land;false;desert;3
9106;89;250;1;land;false;desert;3
9107;87;248;1;land;false;plains;3
9108;49;250;1;land;false;plains;3
9109;42;209;1;land;false;plains;3
9110;84;201;1;land;false;desert;3
9111;101;215;1;land;true;desert;3
9112;143;254;1;land;false;plains;3
9113;105;192;1;land;false;plains;3
9114;67;188;1;land;false;plains;3
9115;115;226;1;land;false;plains;3
9116;70;187;1;land;false;plains;3
9117;69;198;1;land;false;plains;3
9118;80;47;1;land;false;plains;3
9119;141;55;1;land;false;plains;3
9120;82;99;1;land;false;plains;3
9121;101;60;1;land;false;plains;3
9122;229;220;1;land;false;plains;3
9123;237;219;1;land;true;plains;3
9124;240;173;1;land;false;plains;3
9125;243;192;1;land;true;plains;3
9126;215;160;1;land;false;plains;3
9127;226;218;1;land;true;plains;3
9128;203;176;1;land;true;plains;3
9129;232;201;1;land;false;plains;3
9130;190;134;1;land;false;plains;3
9131;182;122;1;land;false;forest;3
9132;147;121;1;land;false;plains;3
9133;128;170;1;land;false;plains;3
9134;135;161;1;land;false;forest;3
9135;178;30;1;land;false;hills;3
9136;189;12;1;land;false;forest;3
9137;10;163;1;land;false;plains;3
9138;2;119;1;land;false;plains;3
9139;55;159;1;land;false;plains;3
9140;85;136;1;land;false;mountain;3
9141;65;169;1;land;false;plains;3
9142;45;180;1;land;false;plains;3
9143;100;156;1;land;false;plains;3
9144;39;172;1;land;false;plains;3
9145;108;126;1;land;false;hills;3
9146;82;181;1;land;false;plains;3
9147;74;193;1;land;false;plains;3
9148;218;250;1;land;false;plains;3
9149;212;242;1;land;false;forest;3
9150;220;236;1;land;false;plains;3
9151;181;227;1;land;false;plains;3
9152;230;231;1;land;false;plains;3
9153;176;235;1;land;false;forest;3
9154;186;229;1;land;false;plains;3
9155;209;230;1;land;false;plains;3
9156;87;118;1;land;true;plains;3
9157;149;80;1;land;false;plains;3
9158;161;121;1;land;false;plains;3
9159;184;198;1;land;true;plains;3
9160;128;200;1;land;false;plains;3
9161;161;206;1;land;false;plains;3
9162;141;202;1;land;true;plains;3
9163;146;91;1;land;false;plains;3
9164;204;111;1;land;false;jungle;3
9165;202;97;1;land;false;jungle;3
9166;139;112;1;land;false;plains;3
9167;137;96;1;land;false;jungle;3
9168;187;58;1;land;false;jungle;3
9169;159;100;1;land;false;hills;3
9170;141;108;1;land;false;forest;3
9171;205;93;1;land;false;plains;3
9172;144;136;1;land;false;forest;3
9173;173;74;1;land;false;forest;3
9174;171;94;1;land;false;plains;3
9175;132;120;1;land;false;forest;3
9176;137;105;1;land;false;hills;3
9177;150;116;1;land;false;plains;3
9178;143;106;1;land;false;forest;3
9179;190;71;1;land;false;plains;3
9180;144;129;1;land;false;plains;3
9181;165;92;1;land;false;hills;3
9182;194;131;1;land;false;plains;3
9183;182;95;1;land;false;plains;3
9184;37;214;1;land;false;desert;3
9185;76;229;1;land;false;plains;3
9186;110;173;1;land;false;desert;3
9187;78;240;1;land;false;plains;3
9188;92;202;1;land;false;plains;3
9189;74;187;1;land;false;plains;3
9190;94;247;1;land;false;plains;3
9191;89;246;1;land;false;plains;3
9192;70;245;1;land;false;desert;3
9193;66;200;1;land;false;plains;3
9194;45;195;1;land;false;plains;3
9195;99;243;1;land;false;plains;3
9196;105;190;1;land;false;desert;3
9197;78;193;1;land;false;plains;3
9198;44;171;1;land;false;plains;3
9199;56;178;1;land;false;desert;3
9200;92;187;1;land;false;plains;3
9201;61;193;1;land;false;plains;3
9202;94;232;1;land;false;desert;3
9203;73;218;1;land;false;desert;3
9204;79;244;1;land;false;plains;3
9205;48;243;1;land;false;plains;3
9206;60;228;1;land;false;desert;3
9207;59;202;1;land;false;plains;3
9208;106;199;1;land;false;plains;3
9209;76;181;1;land;false;plains;3
9210;92;172;1;land;false;plains;3
9211;51;202;1;land;false;plains;3
9212;73;186;1;land;false;plains;3
9213;45;225;1;land;false;plains;3
9214;53;202;1;land;false;plains;3
9215;33;231;1;land;false;plains;3
9216;49;183;1;land;false;plains;3
9217;102;227;1;land;false;desert;3
9218;83;248;1;land;false;desert;3
9219;68;173;1;land;false;desert;3
9220;84;193;1;land;false;plains;3
9221;38;187;1;land;false;plains;3
9222;92;211;1;land;false;plains;3
9223;66;240;1;land;false;desert;3
9224;144;231;1;land;false;desert;3
9225;84;211;1;land;false;mountain;3
9226;141;218;1;land;false;hills;3
9227;124;247;1;land;false;mountain;3
9228;123;227;1;land;false;desert;3
9229;121;254;1;land;false;hills;3
9230;74;242;1;land;false;mountain;3
9231;86;212;1;land;false;mountain;3
9232;127;219;1;land;false;hills;3
9233;111;222;1;land;false;hills;3
9234;110;223;1;land;false;mountain;3
9235;95;249;1;land;false;mountain;3
9236;96;228;1;land;false;mountain;3
9237;138;233;1;land;false;mountain;3
9238;137;246;1;land;false;mountain;3
9239;108;215;1;land;false;mountain;3
9240;128;228;1;land;false;plains;3
9241;70;214;1;land;false;plains;3
9242;138;230;1;land;false;hills;3
9243;141;225;1;land;false;hills;3
9244;135;240;1;land;false;mountain;3
9245;91;221;1;land;false;plains;3
9246;110;230;1;land;false;desert;3
9247;119;226;1;land;false;desert;3
9248;75;245;1;land;false;hills;3
9249;94;241;1;land;false;hills;3
9250;102;243;1;land;false;hills;3
9251;98;247;1;land;false;hills;3
9252;135;243;1;land;false;mountain;3
9253;74;227;1;land;false;desert;3
9254;172;117;1;land;false;plains;3
9255;153;142;1;land;false;plains;3
9256;156;173;1;land;false;plains;3
9257;98;163;1;land;false;plains;3
9258;125;149;1;land;false;plains;3
9259;129;166;1;land;false;plains;3
9260;121;142;1;land;false;plains;3
9261;139;133;1;land;false;plains;3
9262;162;136;1;land;false;plains;3
9263;53;243;1;land;false;plains;3
9264;27;208;1;land;false;plains;3
9265;143;38;1;land;true;plains;3
9266;96;27;1;land;false;plains;3
9267;126;11;1;land;false;plains;3
9268;107;61;1;land;false;plains;3
9269;102;51;1;land;false;plains;3
9270;136;90;1;land;false;plains;3
9271;86;45;1;land;false;plains;3
9272;126;29;1;land;false;plains;3
9273;72;33;1;land;false;plains;3
9274;76;82;1;land;false;plains;3
9275;136;23;1;land;false;plains;3
9276;88;37;1;land;false;plains;3
9277;125;41;1;land;false;plains;3
9278;66;89;1;land;false;plains;3
9279;76;17;1;land;false;plains;3
9280;78;81;1;land;true;plains;3
9281;97;75;1;land;false;plains;3
9282;82;83;1;land;false;plains;3
9283;111;88;1;land;false;plains;3
9284;106;84;1;land;false;plains;3
9285;159;56;1;land;false;plains;3
9286;166;72;1;land;false;plains;3
9287;166;68;1;land;false;plains;3
9288;181;83;1;land;false;plains;3
9289;179;61;1;land;false;plains;3
9290;112;146;1;land;true;plains;3
9291;126;206;1;land;false;plains;3
9292;120;206;1;land;false;plains;3
9293;114;186;1;land;false;plains;3
9294;177;181;1;land;true;plains;3
9295;137;182;1;land;true;plains;3
9296;126;190;1;land;false;plains;3
9297;141;138;1;land;false;plains;3
9298;176;170;1;land;false;plains;3
9299;174;211;1;land;false;plains;3
9300;208;92;1;land;false;desert;3
9301;208;79;1;land;false;desert;3
9302;188;77;1;land;false;desert;3
9303;178;93;1;land;false;desert;3
9304;150;36;1;land;false;desert;3
9305;162;72;1;land;false;desert;3
9306;176;99;1;land;false;desert;3
9307;207;68;1;land;false;desert;3
9308;211;46;1;land;false;desert;3
9309;205;102;1;land;false;desert;3
9310;185;70;1;land;false;desert;3
9311;167;87;1;land;false;desert;3
9312;156;66;1;land;false;desert;3
9313;164;34;1;land;false;desert;3
9314;205;33;1;land;false;desert;3
9315;195;72;1;land;false;desert;3
9316;203;94;1;land;false;desert;3
9317;182;35;1;land;false;desert;3
9318;191;111;1;land;false;desert;3
9319;146;78;1;land;false;desert;3
9320;186;72;1;land;false;desert;3
9321;209;47;1;land;false;desert;3
9322;158;53;1;land;false;desert;3
9323;210;95;1;land;false;desert;3
9324;153;84;1;land;false;hills;3
9325;142;76;1;land;false;desert;3
9326;168;97;1;land;false;desert;3
9327;197;110;1;land;false;desert;3
9328;147;56;1;land;false;desert;3
9329;208;100;1;land;false;desert;3
9330;185;60;1;land;false;desert;3
9331;209;97;1;land;false;desert;3
9332;151;39;1;land;false;desert;3
9333;161;58;1;land;false;desert;3
9334;134;96;1;land;false;desert;3
9335;210;63;1;land;false;desert;3
9336;210;92;1;land;false;desert;3
9337;208;34;1;land;false;desert;3
9338;167;111;1;land;false;desert;3
9339;149;102;1;land;false;desert;3
9340;183;92;1;land;false;desert;3
9341;139;68;1;land;false;desert;3
9342;210;79;1;land;false;desert;3
9343;162;63;1;land;false;desert;3
9344;174;89;1;land;false;desert;3
9345;178;78;1;land;false;desert;3
9346;191;33;1;land;false;desert;3
9347;185;41;1;land;false;desert;3
9348;157;91;1;land;false;desert;3
9349;140;111;1;land;false;desert;3
9350;194;80;1;land;false;desert;3
9351;155;75;1;land;false;desert;3
9352;167;77;1;land;false;desert;3
9353;147;112;1;land;false;desert;3
9354;164;69;1;land;false;desert;3
9355;211;61;1;land;false;desert;3
9356;152;32;1;land;false;desert;3
9357;170;111;1;land;false;desert;3
9358;157;49;1;land;false;desert;3
9359;201;35;1;land;false;desert;3
9360;137;70;1;land;false;desert;3
9361;206;53;1;land;false;desert;3
9362;186;91;1;land;false;desert;3
9363;158;87;1;land;false;desert;3
9364;188;69;1;land;false;desert;3
9365;141;75;1;land;false;desert;3
9366;207;111;1;land;false;desert;3
9367;194;104;1;land;false;desert;3
9368;140;62;1;land;false;desert;3
9369;149;65;1;land;false;desert;3
9370;199;62;1;land;false;desert;3
9371;184;62;1;land;false;desert;3
9372;144;64;1;land;false;desert;3
9373;211;101;1;land;false;desert;3
9374;188;110;1;land;false;desert;3
9375;174;37;1;land;false;desert;3
9376;171;60;1;land;false;desert;3
9377;205;39;1;land;false;desert;3
9378;139;56;1;land;false;desert;3
9379;173;37;1;land;false;desert;3
9380;181;110;1;land;false;desert;3
9381;188;66;1;land;false;desert;3
9382;160;95;1;land;false;desert;3
9383;200;77;1;land;false;desert;3
9384;155;110;1;land;false;desert;3
9385;202;89;1;land;false;desert;3
9386;140;101;1;land;false;desert;3
9387;169;54;1;land;false;desert;3
9388;164;108;1;land;false;desert;3
9389;165;82;1;land;false;hills;3
9390;164;87;1;land;false;desert;3
9391;141;93;1;land;false;hills;3
9392;162;108;1;land;false;desert;3
9393;168;88;1;land;false;plains;3
9394;203;105;1;land;false;desert;3
9395;164;99;1;land;false;desert;3
9396;207;72;1;land;false;desert;3
9397;180;70;1;land;false;desert;3
9398;207;93;1;land;false;desert;3
9399;150;54;1;land;false;desert;3
9400;161;87;1;land;false;desert;3
9401;164;92;1;land;false;desert;3
9402;206;50;1;land;false;desert;3
9403;145;36;1;land;false;desert;3
9404;153;40;1;land;false;desert;3
9405;168;68;1;land;false;desert;3
9406;135;57;1;land;false;desert;3
9407;156;79;1;land;false;desert;3
9408;140;74;1;land;false;desert;3
9409;190;34;1;land;false;desert;3
9410;196;103;1;land;false;desert;3
9411;162;44;1;land;false;desert;3
9412;143;54;1;land;false;desert;3
9413;199;88;1;land;false;desert;3
9414;186;43;1;land;false;desert;3
9415;146;54;1;land;false;desert;3
9416;135;62;1;land;false;desert;3
9417;192;51;1;land;false;desert;3
9418;149;69;1;land;false;desert;3
9419;203;54;1;land;false;desert;3
9420;136;75;1;land;false;desert;3
9421;212;95;1;land;false;desert;3
9422;134;73;1;land;false;desert;3
9423;164;37;1;land;false;desert;3
9424;155;62;1;land;false;desert;3
9425;184;39;1;land;false;desert;3
9426;140;72;1;land;false;desert;3
9427;180;67;1;land;false;desert;3
9428;145;110;1;land;false;hills;3
9429;175;103;1;land;false;desert;3
9430;177;66;1;land;false;desert;3
9431;181;90;1;land;false;desert;3
9432;188;50;1;land;false;desert;3
9433;163;81;1;land;false;desert;3
9434;203;86;1;land;false;desert;3
9435;207;57;1;land;false;desert;3
9436;205;44;1;land;false;desert;3
9437;170;73;1;land;false;desert;3
9438;204;50;1;land;false;desert;3
9439;191;91;1;land;false;desert;3
9440;142;65;1;land;false;desert;3
9441;159;72;1;land;false;desert;3
9442;195;92;1;land;false;desert;3
9443;167;79;1;land;false;desert;3
9444;195;44;1;land;false;desert;3
9445;152;50;1;land;false;desert;3
9446;194;74;1;land;false;desert;3
9447;175;82;1;land;false;desert;3
9448;139;64;1;land;false;desert;3
9449;149;59;1;land;false;desert;3
9450;187;60;1;land;false;desert;3
9451;211;76;1;land;false;desert;3
9452;148;89;1;land;false;plains;3
9453;193;70;1;land;false;desert;3
9454;182;86;1;land;false;desert;3
9455;182;107;1;land;false;desert;3
9456;184;73;1;land;false;desert;3
9457;159;99;1;land;false;desert;3
9458;166;69;1;land;false;desert;3
9459;160;35;1;land;false;desert;3
9460;211;69;1;land;false;desert;3
9461;157;61;1;land;false;desert;3
9462;148;103;1;land;false;desert;3
9463;148;96;1;land;false;desert;3
9464;189;108;1;land;false;desert;3
9465;197;36;1;land;false;desert;3
9466;160;90;1;land;false;desert;3
9467;189;102;1;land;false;desert;3
9468;188;95;1;land;false;desert;3
9469;151;87;1;land;false;desert;3
9470;141;61;1;land;false;desert;3
9471;147;89;1;land;false;desert;3
9472;202;101;1;land;false;desert;3
9473;204;66;1;land;false;desert;3
9474;177;42;1;land;false;desert;3
9475;192;89;1;land;false;desert;3
9476;194;51;1;land;false;desert;3
9477;193;68;1;land;false;desert;3
9478;178;73;1;land;false;desert;3
9479;146;77;1;land;false;hills;3
9480;160;94;1;land;false;desert;3
9481;198;106;1;land;false;desert;3
9482;165;81;1;land;false;desert;3
9483;152;105;1;land;false;desert;3
9484;143;34;1;land;false;desert;3
9485;41;136;1;land;true;plains;3
9486;60;177;1;land;true;forest;3
9487;73;142;1;land;true;forest;3
9488;106;162;1;land;false;plains;3
9489;141;139;1;land;false;forest;3
9490;119;193;1;land;false;forest;3
9491;103;159;1;land;false;forest;3
9492;197;150;1;land;false;hills;3
9493;242;130;1;land;false;plains;3
9494;231;128;1;land;false;plains;3
9495;242;125;1;land;false;plains;3
9496;221;84;1;land;false;plains;3
9497;238;157;1;land;false;plains;3
9498;241;96;1;land;false;plains;3
9499;198;145;1;land;false;plains;3
9500;203;100;1;land;false;hills;3
9501;250;127;1;land;false;plains;3
9502;203;134;1;land;false;plains;3
9503;199;107;1;land;false;plains;3
9504;175;137;1;land;false;plains;3
9505;162;147;1;land;false;plains;3
9506;161;162;1;land;false;plains;3
9507;169;29;1;land;false;mountain;3
9508;203;13;1;land;false;hills;3
9509;169;38;1;land;false;mountain;3
9510;182;25;1;land;false;plains;3
9511;145;13;1;land;false;mountain;3
9512;200;24;1;land;false;hills;3
9513;179;29;1;land;false;hills;3
9514;150;10;1;land;false;mountain;3
9515;162;23;1;land;false;plains;3
9516;185;32;1;land;false;plains;3
9517;138;6;1;land;false;mountain;3
9518;182;49;1;land;false;hills;3
9519;155;55;1;land;false;hills;3
9520;175;53;1;land;false;plains;3
9521;161;42;1;land;false;plains;3
9522;212;18;1;land;false;hills;3
9523;183;42;1;land;false;hills;3
9524;170;7;1;land;false;plains;3
9525;188;7;1;land;false;hills;3
9526;187;49;1;land;false;hills;3
9527;116;249;1;land;false;hills;3
9528;75;207;1;land;false;mountain;3
9529;131;214;1;land;false;hills;3
9530;95;219;1;land;false;mountain;3
9531;115;237;1;land;false;hills;3
9532;116;240;1;land;false;mountain;3
9533;57;219;1;land;false;mountain;3
9534;108;232;1;land;false;mountain;3
9535;105;245;1;land;false;hills;3
9536;100;232;1;land;false;mountain;3
9537;122;242;1;land;false;hills;3
9538;67;78;1;land;true;plains;3
9539;55;123;1;land;true;plains;3
9540;40;128;1;land;false;plains;3
9541;58;125;1;land;false;plains;3
9542;34;137;1;land;false;plains;3
9543;3;99;1;land;false;plains;3
9544;46;142;1;land;false;mountain;3
9545;25;111;1;land;true;plains;3
9546;20;137;1;land;true;plains;3
9547;26;93;1;land;false;plains;3
9548;58;137;1;land;true;plains;3
9549;37;101;1;land;false;plains;3
9550;44;137;1;land;true;plains;3
9551;28;108;1;land;false;plains;3
9552;11;123;1;land;true;plains;3
9553;21;105;1;land;false;plains;3
9554;8;122;1;land;true;plains;3
9555;12;71;1;land;false;plains;3
9556;55;78;1;land;false;plains;3
9557;1;119;1;land;false;plains;3
9558;55;112;1;land;true;plains;3
9559;62;102;1;land;true;plains;3
9560;25;114;1;land;false;plains;3
9561;0;115;1;land;false;plains;3
9562;50;115;1;land;true;plains;3
9563;23;125;1;land;true;plains;3
9564;30;77;1;land;false;plains;3
9565;5;76;1;land;true;plains;3
9566;54;106;1;land;false;plains;3
9567;25;92;1;land;false;plains;3
9568;32;142;1;land;false;plains;3
9569;30;84;1;land;false;plains;3
9570;19;108;1;land;false;plains;3
9571;34;144;1;land;false;plains;3
9572;28;133;1;land;false;plains;3
9573;48;132;1;land;false;plains;3
9574;41;138;1;land;true;plains;3
9575;31;141;1;land;true;plains;3
9576;31;85;1;land;false;mountain;3
9577;30;97;1;land;false;plains;3
9578;50;127;1;land;false;plains;3
9579;52;234;1;land;false;mountain;3
9580;9;240;1;land;false;desert;3
9581;68;212;1;land;false;hills;3
9582;57;251;1;land;false;desert;3
9583;57;253;1;land;false;desert;3
9584;47;190;1;land;false;desert;3
9585;2;252;1;land;false;desert;3
9586;54;229;1;land;false;desert;3
9587;49;206;1;land;false;desert;3
9588;70;220;1;land;false;desert;3
9589;28;193;1;land;false;plains;3
9590;69;199;1;land;false;desert;3
9591;64;222;1;land;false;desert;3
9592;40;214;1;land;false;hills;3
9593;36;234;1;land;false;desert;3
9594;50;216;1;land;false;desert;3
9595;75;203;1;land;false;desert;3
9596;72;219;1;land;false;desert;3
9597;1;232;1;land;false;desert;3
9598;32;208;1;land;false;desert;3
9599;49;195;1;land;false;desert;3
9600;64;249;1;land;false;desert;3
9601;34;186;1;land;false;desert;3
9602;36;196;1;land;false;desert;3
9603;61;238;1;land;false;desert;3
9604;21;224;1;land;false;desert;3
9605;38;189;1;land;false;plains;3
9606;32;199;1;land;false;desert;3
9607;23;212;1;land;false;desert;3
9608;30;251;1;land;false;desert;3
9609;20;213;1;land;false;desert;3
9610;76;206;1;land;false;desert;3
9611;16;247;1;land;false;hills;3
9612;52;244;1;land;false;desert;3
9613;19;245;1;land;false;desert;3
9614;61;215;1;land;false;desert;3
9615;34;250;1;land;false;desert;3
9616;47;242;1;land;false;desert;3
9617;8;195;1;land;false;hills;3
9618;31;225;1;land;false;desert;3
9619;77;236;1;land;false;desert;3
9620;58;189;1;land;false;plains;3
9621;47;212;1;land;false;plains;3
9622;22;239;1;land;false;desert;3
9623;35;204;1;land;false;plains;3
9624;56;200;1;land;false;hills;3
9625;72;235;1;land;false;hills;3
9626;54;190;1;land;false;desert;3
9627;1;199;1;land;false;desert;3
9628;7;229;1;land;false;desert;3
9629;8;208;1;land;false;desert;3
9630;26;202;1;land;false;desert;3
9631;50;253;1;land;false;hills;3
9632;61;245;1;land;false;desert;3
9633;52;230;1;land;false;desert;3
9634;4;210;1;land;false;desert;3
9635;67;237;1;land;false;hills;3
9636;41;248;1;land;false;desert;3
9637;53;204;1;land;false;desert;3
9638;31;229;1;land;false;desert;3
9639;9;246;1;land;false;desert;3
9640;51;252;1;land;false;desert;3
9641;0;237;1;land;false;desert;3
9642;31;239;1;land;false;desert;3
9643;35;232;1;land;false;desert;3
9644;55;219;1;land;false;desert;3
9645;76;234;1;land;false;desert;3
9646;61;240;1;land;false;hills;3
9647;58;213;1;land;false;desert;3
9648;72;234;1;land;false;desert;3
9649;26;193;1;land;false;desert;3
9650;3;248;1;land;false;desert;3
9651;46;252;1;land;false;plains;3
9652;35;235;1;land;false;desert;3
9653;75;236;1;land;false;desert;3
9654;3;221;1;land;false;hills;3
9655;62;250;1;land;false;desert;3
9656;40;211;1;land;false;desert;3
9657;59;248;1;land;false;desert;3
9658;16;213;1;land;false;plains;3
9659;60;201;1;land;false;desert;3
9660;43;242;1;land;false;desert;3
9661;21;188;1;land;false;desert;3
9662;63;198;1;land;false;desert;3
9663;4;212;1;land;false;desert;3
9664;12;198;1;land;false;plains;3
9665;62;225;1;land;false;desert;3
9666;68;193;1;land;false;desert;3
9667;12;186;1;land;false;plains;3
9668;6;241;1;land;false;desert;3
9669;51;200;1;land;false;desert;3
9670;56;203;1;land;false;desert;3
9671;58;243;1;land;false;desert;3
9672;39;197;1;land;false;hills;3
9673;5;209;1;land;false;hills;3
9674;59;221;1;land;false;plains;3
9675;65;214;1;land;false;desert;3
9676;54;186;1;land;false;desert;3
9677;57;199;1;land;false;desert;3
9678;78;215;1;land;false;desert;3
9679;54;219;1;land;false;desert;3
9680;3;226;1;land;false;desert;3
9681;163;70;1;land;false;forest;3
9682;187;65;1;land;false;plains;3
9683;218;78;1;land;true;forest;3
9684;241;106;1;land;false;forest;3
9685;185;74;1;land;false;forest;3
9686;189;70;1;land;false;forest;3
9687;181;98;1;land;false;forest;3
9688;202;63;1;land;false;plains;3
9689;181;63;1;land;false;forest;3
9690;183;103;1;land;true;forest;3
9691;79;129;1;land;false;desert;3
9692;124;135;1;land;false;plains;3
9693;121;162;1;land;false;plains;3
9694;60;191;1;land;false;plains;3
9695;66;64;1;land;true;plains;3
9696;57;44;1;land;false;plains;3
9697;58;32;1;land;true;plains;3
9698;68;95;1;land;false;plains;3
9699;92;90;1;land;true;plains;3
9700;91;28;1;land;false;plains;3
9701;128;106;1;land;false;forest;3
9702;72;118;1;land;false;forest;3
9703;92;47;1;land;true;forest;3
9704;95;48;1;land;true;plains;3
9705;147;48;1;land;false;forest;3
9706;31;191;1;land;false;plains;3
9707;55;217;1;land;false;plains;3
9708;44;82;1;land;false;plains;3
9709;70;63;1;land;false;plains;3
9710;63;28;1;land;false;forest;3
9711;69;49;1;land;false;hills;3
9712;20;69;1;land;false;plains;3
9713;4;16;1;land;false;hills;3
9714;44;51;1;land;false;plains;3
9715;57;25;1;land;false;plains;3
9716;132;148;1;land;false;desert;3
9717;173;140;1;land;false;mountain;3
9718;155;152;1;land;false;desert;3
9719;163;183;1;land;false;desert;3
9720;139;137;1;land;false;hills;3
9721;146;119;1;land;false;desert;3
9722;183;133;1;land;false;desert;3
9723;142;118;1;land;false;desert;3
9724;122;123;1;land;false;desert;3
9725;188;143;1;land;false;desert;3
9726;113;163;1;land;false;desert;3
9727;159;128;1;land;false;hills;3
9728;161;139;1;land;false;desert;3
9729;121;130;1;land;false;desert;3
9730;183;128;1;land;false;desert;3
9731;114;124;1;land;false;desert;3
9732;121;175;1;land;false;hills;3
9733;171;113;1;land;false;desert;3
9734;191;113;1;land;false;hills;3
9735;189;159;1;land;false;mountain;3
9736;166;114;1;land;false;mountain;3
9737;169;183;1;land;false;desert;3
9738;185;174;1;land;false;desert;3
9739;167;137;1;land;false;desert;3
9740;134;181;1;land;false;desert;3
9741;114;165;1;land;false;desert;3
9742;117;129;1;land;false;mountain;3
9743;159;131;1;land;false;hills;3
9744;151;141;1;land;false;desert;3
9745;190;183;1;land;false;desert;3
9746;126;145;1;land;false;desert;3
9747;142;167;1;land;false;desert;3
9748;171;124;1;land;false;hills;3
9749;190;170;1;land;false;hills;3
9750;163;119;1;land;false;plains;3
9751;148;121;1;land;false;desert;3
9752;147;184;1;land;false;desert;3
9753;128;139;1;land;false;desert;3
9754;155;185;1;land;false;mountain;3
9755;113;144;1;land;false;desert;3
9756;167;114;1;land;false;hills;3
9757;149;143;1;land;false;desert;3
9758;112;117;1;land;false;desert;3
9759;180;172;1;land;false;desert;3
9760;180;117;1;land;false;plains;3
9761;118;135;1;land;false;hills;3
9762;124;161;1;land;false;desert;3
9763;178;126;1;land;false;desert;3
9764;126;164;1;land;false;desert;3
9765;138;126;1;land;false;desert;3
9766;139;145;1;land;false;mountain;3
9767;185;113;1;land;false;hills;3
9768;116;159;1;land;false;desert;3
9769;146;156;1;land;false;mountain;3
9770;157;190;1;land;false;plains;3
9771;151;178;1;land;false;desert;3
9772;166;129;1;land;false;desert;3
9773;141;137;1;land;false;desert;3
9774;127;181;1;land;false;hills;3
9775;158;130;1;land;false;mountain;3
9776;128;165;1;land;false;desert;3
9777;157;114;1;land;false;desert;3
9778;134;122;1;land;false;desert;3
9779;164;178;1;land;false;desert;3
9780;187;171;1;land;false;desert;3
9781;171;145;1;land;false;desert;3
9782;165;124;1;land;false;hills;3
9783;151;113;1;land;false;desert;3
9784;176;152;1;land;false;desert;3
9785;155;126;1;land;false;desert;3
9786;182;155;1;land;false;desert;3
9787;168;164;1;land;false;desert;3
9788;127;158;1;land;false;desert;3
9789;166;182;1;land;false;hills;3
9790;144;153;1;land;false;desert;3
9791;168;123;1;land;false;plains;3
9792;174;141;1;land;false;mountain;3
9793;149;150;1;land;false;desert;3
9794;113;186;1;land;false;desert;3
9795;135;167;1;land;false;desert;3
9796;152;175;1;land;false;desert;3
9797;135;118;1;land;false;desert;3
9798;126;153;1;land;false;mountain;3
9799;132;149;1;land;false;desert;3
9800;154;147;1;land;false;desert;3
9801;155;123;1;land;false;hills;3
9802;187;111;1;land;false;desert;3
9803;114;160;1;land;false;desert;3
9804;174;114;1;land;false;desert;3
9805;163;156;1;land;false;hills;3
9806;170;168;1;land;false;hills;3
9807;154;172;1;land;false;mountain;3
9808;177;122;1;land;false;desert;3
9809;169;3;1;land;true;plains;3
9810;126;15;1;land;true;plains;3
9811;176;47;1;land;true;plains;3
9812;147;20;1;land;false;plains;3
9813;170;24;1;land;false;hills;3
9814;237;33;1;land;false;mountain;3
9815;189;8;1;land;false;hills;3
9816;180;41;1;land;false;plains;3
9817;215;17;1;land;false;hills;3
9818;168;54;1;land;false;mountain;3
9819;186;52;1;land;false;hills;3
9820;184;20;1;land;false;hills;3
9821;73;221;1;land;false;plains;3
9822;85;223;1;land;false;plains;3
9823;118;231;1;land;false;plains;3
9824;101;251;1;land;false;plains;3
9825;116;206;1;land;false;plains;3
9826;65;166;1;land;true;plains;3
9827;67;118;1;land;false;plains;3
9828;104;93;1;land;false;plains;3
9829;90;129;1;land;false;plains;3
9830;101;148;1;land;true;plains;3
9831;67;158;1;land;true;plains;3
9832;120;113;1;land;false;plains;3
9833;110;136;1;land;false;plains;3
9834;100;157;1;land;false;plains;3
9835;71;117;1;land;false;plains;3
9836;74;102;1;land;false;plains;3
9837;70;117;1;land;true;plains;3
9838;116;145;1;land;true;plains;3
9839;110;114;1;land;false;plains;3
9840;108;128;1;land;false;plains;3
9841;68;133;1;land;false;plains;3
9842;105;138;1;land;true;plains;3
9843;72;92;1;land;true;plains;3
9844;84;161;1;land;false;plains;3
9845;94;228;1;land;false;plains;3
9846;140;211;1;land;false;plains;3
9847;74;208;1;land;false;plains;3
9848;76;219;1;land;false;plains;3
9849;72;238;1;land;false;plains;3
9850;128;248;1;land;false;plains;3
9851;213;238;1;land;true;plains;3
9852;213;225;1;land;false;plains;3
9853;253;233;1;land;false;plains;3
9854;226;209;1;land;false;plains;3
9855;251;200;1;land;false;plains;3
9856;203;197;1;land;false;plains;3
9857;233;214;1;land;true;plains;3
9858;248;210;1;land;false;plains;3
9859;209;185;1;land;false;plains;3
9860;176;199;1;land;false;plains;3
9861;180;157;1;land;false;plains;3
9862;211;116;1;land;false;mountain;3
9863;186;63;1;land;false;plains;3
9864;143;100;1;land;false;hills;3
9865;162;84;1;land;false;plains;3
9866;76;180;1;land;false;plains;3
9867;38;168;1;land;false;plains;3
9868;87;222;1;land;false;plains;3
9869;12;194;1;land;false;plains;3
9870;63;229;1;land;false;plains;3
9871;71;178;1;land;false;hills;3
9872;32;193;1;land;false;plains;3
9873;16;231;1;land;false;plains;3
9874;55;194;1;land;false;plains;3
9875;37;227;1;land;false;plains;3
9876;74;214;1;land;false;plains;3
9877;23;202;1;land;false;plains;3
9878;28;61;1;land;true;plains;3
9879;17;21;1;land;false;mountain;3
9880;65;15;1;land;false;plains;3
9881;25;33;1;land;false;mountain;3
9882;78;19;1;land;false;plains;3
9883;85;62;1;land;true;plains;3
9884;53;15;1;land;false;plains;3
9885;84;5;1;land;false;plains;3
9886;79;43;1;land;false;plains;3
9887;73;18;1;land;false;hills;3
9888;61;41;1;land;true;plains;3
9889;64;47;1;land;false;hills;3
9890;58;19;1;land;false;plains;3
9891;11;26;1;land;true;plains;3
9892;48;15;1;land;false;hills;3
9893;82;0;1;land;true;plains;3
9894;69;50;1;land;false;plains;3
9895;74;54;1;land;false;hills;3
9896;53;6;1;land;true;plains;3
9897;65;20;1;land;false;plains;3
9898;70;10;1;land;false;plains;3
9899;57;31;1;land;true;plains;3
9900;54;29;1;land;false;plains;3
9901;8;4;1;land;false;plains;3
9902;40;41;1;land;true;plains;3
9903;23;54;1;land;false;hills;3
9904;62;20;1;land;false;plains;3
9905;31;3;1;land;true;plains;3
9906;13;47;1;land;true;plains;3
9907;85;56;1;land;true;plains;3
9908;79;12;1;land;false;mountain;3
9909;83;25;1;land;false;plains;3
9910;47;0;1;land;true;plains;3
9911;15;15;1;land;false;plains;3
9912;78;49;1;land;false;plains;3
9913;65;54;1;land;false;hills;3
9914;18;23;1;land;false;plains;3
9915;34;11;1;land;false;hills;3
9916;55;9;1;land;false;plains;3
9917;41;18;1;land;false;plains;3
9918;52;47;1;land;false;hills;3
9919;67;48;1;land;false;hills;3
9920;68;12;1;land;false;plains;3
9921;151;4;1;land;false;hills;3
9922;132;52;1;land;false;plains;3
9923;114;27;1;land;false;plains;3
9924;189;55;1;land;false;hills;3
9925;94;85;1;land;false;desert;3
9926;47;128;1;land;false;plains;3
9927;104;134;1;land;false;desert;3
9928;75;139;1;land;false;plains;3
9929;47;113;1;land;false;desert;3
9930;43;120;1;land;false;plains;3
9931;161;200;1;land;false;plains;3
9932;117;212;1;land;false;hills;3
9933;163;202;1;land;false;plains;3
9934;153;196;1;land;false;hills;3
9935;115;235;1;land;false;plains;3
9936;218;210;1;land;false;hills;3
9937;241;199;1;land;true;forest;3
9938;233;233;1;land;false;plains;3
9939;230;234;1;land;false;forest;3
9940;226;239;1;land;false;plains;3
9941;209;252;1;land;false;plains;3
9942;216;213;1;land;false;forest;3
9943;224;249;1;land;false;plains;3
9944;254;196;1;land;false;plains;3
9945;247;202;1;land;true;forest;3
9946;228;203;1;land;true;forest;3
9947;210;195;1;land;false;plains;3
9948;235;250;1;land;false;plains;3
9949;223;201;1;land;false;plains;3
9950;207;197;1;land;false;forest;3
9951;246;208;1;land;false;plains;3
9952;246;199;1;land;false;forest;3
9953;208;248;1;land;false;forest;3
9954;207;196;1;land;false;plains;3
9955;203;191;1;land;false;forest;3
9956;93;126;1;land;false;mountain;3
9957;98;125;1;land;false;hills;3
9958;82;120;1;land;false;mountain;3
9959;109;85;1;land;false;mountain;3
9960;101;122;1;land;false;hills;3
9961;50;165;1;land;false;plains;3
9962;48;229;1;land;false;plains;3
9963;89;196;1;land;false;plains;3
9964;37;210;1;land;false;plains;3
9965;82;180;1;land;false;plains;3
9966;23;198;1;land;false;plains;3
9967;58;193;1;land;false;plains;3
9968;17;172;1;land;false;plains;3
9969;32;157;1;land;false;plains;3
9970;88;229;1;land;false;plains;3
9971;71;195;1;land;false;plains;3
9972;63;15;1;land;false;mountain;3
9973;114;17;1;land;false;mountain;3
9974;53;18;1;land;false;mountain;3
9975;67;24;1;land;false;hills;3
9976;58;30;1;land;false;desert;3
9977;55;17;1;land;false;mountain;3
9978;38;22;1;land;false;hills;3
9979;103;8;1;land;false;hills;3
9980;81;13;1;land;false;desert;3
9981;79;24;1;land;false;mountain;3
9982;129;233;1;land;false;plains;3
9983;177;217;1;land;false;plains;3
9984;150;190;1;land;false;plains;3
9985;113;209;1;land;false;plains;3
9986;145;232;1;land;false;plains;3
9987;167;229;1;land;false;plains;3
9988;247;59;1;land;false;plains;3
9989;226;84;1;land;false;plains;3
9990;234;46;1;land;false;desert;3
9991;243;81;1;land;false;desert;3
9992;178;68;1;land;false;desert;3
9993;178;61;1;land;false;desert;3
9994;209;94;1;land;false;desert;3
9995;247;110;1;land;false;desert;3
9996;196;105;1;land;false;desert;3
9997;182;118;1;land;false;plains;3
9998;219;92;1;land;false;desert;3
9999;178;52;1;land;false;plains;3
10000;222;51;1;land;false;plains;3
10001;236;70;1;land;false;plains;3
10002;172;68;1;land;false;plains;3
10003;229;95;1;land;false;plains;3
10004;196;52;1;land;false;plains;3
10005;189;44;1;land;false;plains;3
10006;218;72;1;land;false;plains;3
10007;61;46;1;land;false;plains;3
10008;37;82;1;land;false;plains;3
10009;31;71;1;land;false;plains;3
10010;47;87;1;land;false;plains;3
10011;91;44;1;land;false;plains;3
10012;39;86;1;land;false;desert;3
10013;208;212;1;land;false;desert;3
10014;196;207;1;land;false;desert;3
10015;220;185;1;land;false;desert;3
10016;210;210;1;land;false;desert;3
10017;242;200;1;land;false;plains;3
10018;237;142;1;land;false;desert;3
10019;226;187;1;land;false;plains;3
10020;241;163;1;land;false;desert;3
10021;235;199;1;land;false;desert;3
10022;204;157;1;land;false;hills;3
10023;206;147;1;land;false;plains;3
10024;223;200;1;land;false;plains;3
10025;238;186;1;land;false;plains;3
10026;241;156;1;land;false;plains;3
10027;239;163;1;land;false;desert;3
10028;240;159;1;land;false;plains;3
10029;241;140;1;land;false;plains;3
10030;229;185;1;land;false;plains;3
10031;199;199;1;land;false;plains;3
10032;245;146;1;land;false;plains;3
10033;201;171;1;land;false;desert;3
10034;222;159;1;land;false;plains;3
10035;231;134;1;land;false;desert;3
10036;225;135;1;land;false;desert;3
10037;232;198;1;land;false;desert;3
10038;247;176;1;land;false;hills;3
10039;245;149;1;land;false;desert;3
10040;240;133;1;land;false;plains;3
10041;242;142;1;land;false;plains;3
10042;240;207;1;land;false;plains;3
10043;198;197;1;land;false;desert;3
10044;245;172;1;land;false;desert;3
10045;249;210;1;land;false;desert;3
10046;220;137;1;land;false;plains;3
10047;230;210;1;land;false;desert;3
10048;253;181;1;land;false;plains;3
10049;226;172;1;land;false;plains;3
10050;227;193;1;land;false;plains;3
10051;223;183;1;land;false;plains;3
10052;232;159;1;land;false;plains;3
10053;254;167;1;land;false;plains;3
10054;232;164;1;land;false;hills;3
10055;196;202;1;land;false;plains;3
10056;254;155;1;land;false;plains;3
10057;220;162;1;land;false;desert;3
10058;199;174;1;land;false;desert;3
10059;238;154;1;land;false;desert;3
10060;226;173;1;land;false;desert;3
10061;248;178;1;land;false;desert;3
10062;199;197;1;land;false;plains;3
10063;254;133;1;land;false;plains;3
10064;195;182;1;land;false;desert;3
10065;209;210;1;land;false;desert;3
10066;197;147;1;land;false;plains;3
10067;235;166;1;land;false;desert;3
10068;241;152;1;land;false;plains;3
10069;201;163;1;land;false;plains;3
10070;196;179;1;land;false;plains;3
10071;197;194;1;land;false;plains;3
10072;211;180;1;land;false;desert;3
10073;228;154;1;land;false;plains;3
10074;225;155;1;land;false;plains;3
10075;243;136;1;land;false;plains;3
10076;236;136;1;land;false;desert;3
10077;211;150;1;land;false;desert;3
10078;203;184;1;land;false;plains;3
10079;232;209;1;land;false;desert;3
10080;241;171;1;land;false;desert;3
10081;220;192;1;land;false;plains;3
10082;212;149;1;land;false;plains;3
10083;244;161;1;land;false;plains;3
10084;252;156;1;land;false;desert;3
10085;201;195;1;land;false;plains;3
10086;204;158;1;land;false;desert;3
10087;249;186;1;land;false;plains;3
10088;195;197;1;land;false;plains;3
10089;203;186;1;land;false;plains;3
10090;224;207;1;land;false;desert;3
10091;254;200;1;land;false;plains;3
10092;221;142;1;land;false;desert;3
10093;216;143;1;land;false;plains;3
10094;252;199;1;land;false;plains;3
10095;202;207;1;land;false;desert;3
10096;213;198;1;land;false;desert;3
10097;197;208;1;land;false;plains;3
10098;224;208;1;land;false;plains;3
10099;197;185;1;land;false;plains;3
10100;205;181;1;land;false;plains;3
10101;221;177;1;land;false;plains;3
10102;240;200;1;land;false;plains;3
10103;248;206;1;land;false;desert;3
10104;241;154;1;land;false;desert;3
10105;204;208;1;land;false;desert;3
10106;208;155;1;land;false;plains;3
10107;217;133;1;land;false;plains;3
10108;248;183;1;land;false;plains;3
10109;222;149;1;land;false;plains;3
10110;196;211;1;land;false;desert;3
10111;221;199;1;land;false;plains;3
10112;231;176;1;land;false;plains;3
10113;251;168;1;land;false;hills;3
10114;207;207;1;land;false;plains;3
10115;249;142;1;land;false;desert;3
10116;195;167;1;land;false;desert;3
10117;211;143;1;land;false;plains;3
10118;221;166;1;land;false;desert;3
10119;253;144;1;land;false;desert;3
10120;247;146;1;land;false;desert;3
10121;243;178;1;land;false;plains;3
10122;250;165;1;land;false;desert;3
10123;240;190;1;land;false;desert;3
10124;88;175;1;land;false;plains;3
10125;96;196;1;land;false;plains;3
10126;61;169;1;land;false;plains;3
10127;83;214;1;land;false;plains;3
10128;55;163;1;land;false;plains;3
10129;61;136;1;land;false;plains;3
10130;30;150;1;land;false;plains;3
10131;2;162;1;land;false;plains;3
10132;31;81;1;land;false;forest;3
10133;45;81;1;land;false;hills;3
10134;1;80;1;land;false;forest;3
10135;11;57;1;land;false;forest;3
10136;9;86;1;land;false;forest;3
10137;14;67;1;land;false;forest;3
10138;146;121;1;land;false;mountain;3
10139;209;115;1;land;false;hills;3
10140;205;148;1;land;false;plains;3
10141;206;192;1;land;false;plains;3
10142;154;165;1;land;false;hills;3
10143;173;170;1;land;false;hills;3
10144;150;180;1;land;false;hills;3
10145;200;159;1;land;false;hills;3
10146;192;127;1;land;false;hills;3
10147;197;169;1;land;false;mountain;3
10148;136;40;1;land;false;plains;3
10149;66;23;1;land;false;plains;3
10150;77;4;1;land;false;plains;3
10151;102;41;1;land;false;plains;3
10152;100;2;1;land;false;plains;3
10153;62;36;1;land;false;plains;3
10154;66;48;1;land;false;plains;3
10155;118;37;1;land;false;plains;3
10156;102;3;1;land;false;plains;3
10157;80;29;1;land;false;plains;3
10158;61;20;1;land;false;plains;3
10159;79;48;1;land;false;plains;3
10160;47;152;1;land;false;plains;3
10161;77;213;1;land;false;plains;3
10162;75;163;1;land;false;plains;3
10163;101;184;1;land;false;plains;3
10164;116;162;1;land;false;plains;3
10165;218;124;1;land;false;plains;3
10166;232;108;1;land;true;forest;3
10167;219;116;1;land;true;jungle;3
10168;227;170;1;land;true;jungle;3
10169;224;116;1;land;false;plains;3
10170;254;131;1;land;true;jungle;3
10171;219;154;1;land;false;plains;3
10172;167;41;1;land;true;plains;3
10173;192;76;1;land;true;jungle;3
10174;168;81;1;land;true;jungle;3
10175;167;89;1;land;true;jungle;3
10176;193;82;1;land;false;jungle;3
10177;215;39;1;land;false;forest;3
10178;223;45;1;land;false;plains;3
10179;213;104;1;land;true;jungle;3
10180;155;85;1;land;false;jungle;3
10181;182;47;1;land;true;forest;3
10182;44;48;1;land;false;plains;3
10183;41;110;1;land;false;forest;3
10184;16;75;1;land;false;plains;3
10185;37;52;1;land;false;forest;3
10186;41;58;1;land;false;plains;3
10187;74;37;1;land;false;plains;3
10188;2;53;1;land;false;plains;3
10189;0;41;1;land;false;forest;3
10190;205;197;1;land;false;plains;3
10191;193;164;1;land;false;plains;3
10192;245;125;1;land;false;plains;3
10193;247;140;1;land;false;desert;3
10194;216;133;1;land;false;plains;3
10195;179;180;1;land;false;plains;3
10196;177;132;1;land;false;desert;3
10197;183;154;1;land;false;desert;3
10198;187;186;1;land;false;desert;3
10199;175;130;1;land;false;plains;3
10200;223;162;1;land;false;plains;3
10201;212;192;1;land;false;desert;3
10202;217;135;1;land;false;desert;3
10203;248;134;1;land;false;plains;3
10204;249;131;1;land;false;desert;3
10205;222;172;1;land;false;desert;3
10206;218;164;1;land;false;plains;3
10207;175;131;1;land;false;desert;3
10208;207;195;1;land;false;plains;3
10209;204;132;1;land;false;plains;3
10210;185;181;1;land;false;hills;3
10211;248;63;1;land;false;plains;3
10212;172;84;1;land;true;plains;3
10213;211;78;1;land;true;plains;3
10214;173;58;1;land;false;plains;3
10215;68;184;1;land;false;plains;3
10216;75;152;1;land;false;plains;3
10217;44;147;1;land;false;plains;3
10218;20;156;1;land;false;plains;3
10219;72;157;1;land;false;plains;3
10220;51;191;1;land;false;plains;3
10221;92;137;1;land;false;plains;3
10222;66;167;1;land;false;plains;3
10223;21;142;1;land;false;plains;3
10224;19;33;1;land;false;plains;3
10225;27;30;1;land;false;plains;3
10226;7;5;1;land;false;plains;3
10227;3;31;1;land;false;plains;3
10228;14;50;1;land;false;plains;3
10229;3;48;1;land;false;plains;3
10230;33;28;1;land;false;plains;3
10231;131;143;1;land;false;plains;3
10232;105;122;1;land;false;plains;3
10233;103;152;1;land;false;plains;3
10234;106;119;1;land;false;plains;3
10235;214;168;1;land;false;plains;3
10236;230;165;1;land;false;plains;3
10237;251;119;1;land;false;plains;3
10238;73;53;1;land;false;hills;3
10239;31;58;1;land;false;mountain;3
10240;70;89;1;land;false;mountain;3
10241;40;57;1;land;false;mountain;3
10242;13;44;1;land;false;mountain;3
10243;15;98;1;land;false;hills;3
10244;11;56;1;land;false;mountain;3
10245;58;80;1;land;false;mountain;3
10246;55;35;1;land;false;mountain;3
10247;31;86;1;land;false;hills;3
10248;68;113;1;land;false;mountain;3
10249;34;86;1;land;false;hills;3
10250;80;70;1;land;false;mountain;3
10251;4;106;1;land;false;hills;3
10252;5;61;1;land;false;hills;3
10253;6;53;1;land;false;hills;3
10254;10;65;1;land;false;mountain;3
10255;6;100;1;land;false;hills;3
10256;58;49;1;land;false;hills;3
10257;45;61;1;land;false;mountain;3
10258;62;113;1;land;false;mountain;3
10259;83;8;1;land;false;hills;3
10260;136;30;1;land;false;hills;3
10261;100;47;1;land;false;plains;3
10262;106;21;1;land;false;hills;3
10263;88;83;1;land;false;hills;3
10264;84;34;1;land;false;hills;3
10265;207;122;1;land;false;plains;3
10266;136;169;1;land;false;desert;3
10267;178;150;1;land;false;plains;3
10268;169;125;1;land;false;plains;3
10269;176;123;1;land;false;plains;3
10270;146;165;1;land;false;desert;3
10271;183;181;1;land;false;plains;3
10272;201;184;1;land;false;plains;3
10273;141;118;1;land;false;plains;3
10274;178;188;1;land;false;plains;3
10275;210;129;1;land;false;plains;3
10276;154;144;1;land;false;plains;3
10277;179;124;1;land;false;plains;3
10278;192;125;1;land;false;plains;3
10279;138;125;1;land;false;desert;3
10280;180;166;1;land;false;desert;3
10281;178;190;1;land;false;desert;3
10282;196;172;1;land;false;desert;3
10283;145;184;1;land;false;plains;3
10284;197;186;1;land;false;desert;3
10285;170;140;1;land;false;plains;3
10286;145;123;1;land;false;plains;3
10287;198;117;1;land;false;desert;3
10288;151;180;1;land;false;plains;3
10289;183;118;1;land;false;plains;3
10290;138;149;1;land;false;plains;3
10291;211;192;1;land;false;plains;3
10292;171;158;1;land;false;desert;3
10293;207;116;1;land;false;plains;3
10294;186;141;1;land;false;desert;3
10295;193;139;1;land;false;desert;3
10296;185;144;1;land;false;plains;3
10297;137;181;1;land;false;plains;3
10298;148;150;1;land;false;desert;3
10299;151;158;1;land;false;plains;3
10300;204;173;1;land;false;desert;3
10301;169;161;1;land;false;plains;3
10302;209;159;1;land;false;desert;3
10303;51;115;1;land;false;hills;3
10304;35;124;1;land;false;jungle;3
10305;56;158;1;land;false;hills;3
10306;56;191;1;land;false;plains;3
10307;9;174;1;land;false;plains;3
10308;33;175;1;land;false;mountain;3
10309;40;155;1;land;false;hills;3
10310;53;152;1;land;false;mountain;3
10311;48;131;1;land;false;hills;3
10312;30;188;1;land;false;plains;3
10313;32;119;1;land;false;hills;3
10314;6;193;1;land;false;jungle;3
10315;13;154;1;land;false;hills;3
10316;17;150;1;land;false;plains;3
10317;21;148;1;land;false;plains;3
10318;13;162;1;land;false;plains;3
10319;19;157;1;land;false;plains;3
10320;101;128;1;land;false;desert;3
10321;87;111;1;land;false;desert;3
10322;118;113;1;land;false;desert;3
10323;142;166;1;land;false;desert;3
10324;115;173;1;land;false;desert;3
10325;130;145;1;land;false;plains;3
10326;118;106;1;land;false;desert;3
10327;157;111;1;land;false;desert;3
10328;120;134;1;land;false;desert;3
10329;136;130;1;land;false;desert;3
10330;122;163;1;land;false;desert;3
10331;115;106;1;land;false;desert;3
10332;152;174;1;land;false;desert;3
10333;103;128;1;land;false;desert;3
10334;145;100;1;land;false;desert;3
10335;99;105;1;land;false;desert;3
10336;137;146;1;land;false;desert;3
10337;106;123;1;land;false;desert;3
10338;138;139;1;land;false;desert;3
10339;159;102;1;land;false;desert;3
10340;137;97;1;land;false;desert;3
10341;97;137;1;land;false;desert;3
10342;237;242;1;land;false;hills;3
10343;193;245;1;land;false;plains;3
10344;239;239;1;land;false;forest;3
10345;217;220;1;land;false;plains;3
10346;231;243;1;land;false;desert;3
10347;232;243;1;land;false;plains;3
10348;207;216;1;land;false;plains;3
10349;203;242;1;land;false;plains;3
10350;229;223;1;land;false;plains;3
10351;224;126;1;land;false;plains;3
10352;241;122;1;land;false;plains;3
10353;204;112;1;land;false;plains;3
10354;231;156;1;land;false;plains;3
10355;202;138;1;land;false;plains;3
10356;221;130;1;land;false;forest;3
10357;220;122;1;land;false;plains;3
10358;208;160;1;land;false;desert;3
10359;218;132;1;land;false;plains;3
10360;250;173;1;land;false;plains;3
10361;170;194;1;land;false;plains;3
10362;179;201;1;land;false;plains;3
10363;141;212;1;land;false;plains;3
10364;141;252;1;land;false;plains;3
10365;216;251;1;land;false;plains;3
10366;254;244;1;land;false;forest;3
10367;243;219;1;land;false;forest;3
10368;231;247;1;land;false;forest;3
10369;214;201;1;land;false;plains;3
10370;248;238;1;land;false;forest;3
10371;215;230;1;land;false;plains;3
10372;217;230;1;land;false;plains;3
10373;221;230;1;land;true;hills;3
10374;180;43;1;land;false;plains;3
10375;184;118;1;land;false;plains;3
10376;225;82;1;land;false;plains;3
10377;191;65;1;land;false;plains;3
10378;194;107;1;land;false;plains;3
10379;235;61;1;land;false;plains;3
10380;222;102;1;land;false;plains;3
10381;241;101;1;land;false;plains;3
10382;93;216;1;land;false;plains;3
10383;57;210;1;land;false;plains;3
10384;95;216;1;land;false;plains;3
10385;45;175;1;land;false;plains;3
10386;63;171;1;land;false;plains;3
10387;46;204;1;land;false;plains;3
10388;92;213;1;land;false;plains;3
10389;26;162;1;land;false;desert;3
10390;49;218;1;land;false;plains;3
10391;45;173;1;land;false;desert;3
10392;68;190;1;land;false;desert;3
10393;55;236;1;land;false;desert;3
10394;89;195;1;land;false;desert;3
10395;66;229;1;land;false;plains;3
10396;52;214;1;land;false;plains;3
10397;28;209;1;land;false;desert;3
10398;98;237;1;land;false;plains;3
10399;98;185;1;land;false;plains;3
10400;43;238;1;land;false;desert;3
10401;73;204;1;land;false;desert;3
10402;71;175;1;land;false;desert;3
10403;76;182;1;land;false;plains;3
10404;103;165;1;land;false;plains;3
10405;41;223;1;land;false;plains;3
10406;90;216;1;land;false;desert;3
10407;79;203;1;land;false;plains;3
10408;103;217;1;land;false;plains;3
10409;102;219;1;land;false;plains;3
10410;37;211;1;land;false;plains;3
10411;95;204;1;land;false;plains;3
10412;96;237;1;land;false;desert;3
10413;91;214;1;land;false;desert;3
10414;70;168;1;land;false;plains;3
10415;49;187;1;land;false;desert;3
10416;29;214;1;land;false;plains;3
10417;86;220;1;land;false;plains;3
10418;53;237;1;land;false;plains;3
10419;75;213;1;land;false;desert;3
10420;240;206;1;land;false;mountain;3
10421;211;211;1;land;false;hills;3
10422;243;208;1;land;false;hills;3
10423;205;155;1;land;false;hills;3
10424;61;185;1;land;false;forest;3
10425;7;163;1;land;false;forest;3
10426;43;150;1;land;false;plains;3
10427;118;67;1;land;false;plains;3
10428;177;19;1;land;false;plains;3
10429;98;173;1;land;false;desert;3
10430;167;171;1;land;false;plains;3
10431;147;190;1;land;false;desert;3
10432;172;171;1;land;false;desert;3
10433;118;213;1;land;false;hills;3
10434;128;211;1;land;false;desert;3
10435;119;175;1;land;false;desert;3
10436;109;186;1;land;false;desert;3
10437;173;185;1;land;false;hills;3
10438;138;196;1;land;false;plains;3
10439;151;215;1;land;false;forest;3
10440;133;213;1;land;false;desert;3
10441;124;216;1;land;false;desert;3
10442;145;205;1;land;false;hills;3
10443;154;217;1;land;false;desert;3
10444;154;204;1;land;false;desert;3
10445;102;189;1;land;false;desert;3
10446;99;166;1;land;false;plains;3
10447;123;229;1;land;false;plains;3
10448;131;180;1;land;false;mountain;3
10449;96;186;1;land;false;desert;3
10450;124;154;1;land;false;desert;3
10451;105;199;1;land;false;desert;3
10452;160;209;1;land;false;desert;3
10453;161;192;1;land;false;forest;3
10454;169;68;1;land;false;forest;3
10455;182;36;1;land;true;forest;3
10456;151;28;1;land;false;jungle;3
10457;155;53;1;land;false;forest;3
10458;204;40;1;land;false;forest;3
10459;162;35;1;land;true;forest;3
10460;153;35;1;land;false;forest;3
10461;194;29;1;land;false;jungle;3
10462;175;40;1;land;false;forest;3
10463;148;23;1;land;true;forest;3
10464;188;35;1;land;false;jungle;3
10465;155;59;1;land;true;forest;3
10466;193;4;1;land;false;jungle;3
10467;198;30;1;land;true;forest;3
10468;172;21;1;land;false;forest;3
10469;210;22;1;land;false;forest;3
10470;136;2;1;land;false;jungle;3
10471;10;122;1;land;false;plains;3
10472;56;114;1;land;false;desert;3
10473;58;142;1;land;false;plains;3
10474;58;118;1;land;false;plains;3
10475;39;110;1;land;false;plains;3
10476;29;162;1;land;false;plains;3
10477;2;181;1;land;false;desert;3
10478;8;145;1;land;false;plains;3
10479;53;158;1;land;false;desert;3
10480;127;123;1;land;true;plains;3
10481;134;144;1;land;false;plains;3
10482;97;93;1;land;true;plains;3
10483;93;145;1;land;true;plains;3
10484;87;124;1;land;false;plains;3
10485;105;145;1;land;false;plains;3
10486;109;203;1;land;false;plains;3
10487;63;240;1;land;false;plains;3
10488;51;238;1;land;false;plains;3
10489;88;178;1;land;false;plains;3
10490;173;24;1;land;false;plains;3
10491;183;29;1;land;false;plains;3
10492;210;99;1;land;false;plains;3
10493;148;80;1;land;false;plains;3
10494;207;50;1;land;false;plains;3
10495;189;89;1;land;false;plains;3
10496;115;109;1;land;false;hills;3
10497;124;165;1;land;false;plains;3
10498;124;132;1;land;false;forest;3
10499;58;143;1;land;false;plains;3
10500;92;105;1;land;false;plains;3
10501;37;138;1;land;false;plains;3
10502;71;92;1;land;true;plains;3
10503;20;87;1;land;false;plains;3
10504;22;129;1;land;false;plains;3
10505;71;70;1;land;false;plains;3
10506;45;143;1;land;false;plains;3
10507;44;131;1;land;false;plains;3
10508;92;106;1;land;false;plains;3
10509;67;144;1;land;false;plains;3
10510;82;94;1;land;false;plains;3
10511;72;113;1;land;false;plains;3
10512;85;95;1;land;false;plains;3
10513;64;136;1;land;false;plains;3
10514;75;70;1;land;false;plains;3
10515;98;140;1;land;false;plains;3
10516;37;134;1;land;false;plains;3
10517;88;82;1;land;false;plains;3
10518;60;82;1;land;false;plains;3
10519;80;69;1;land;false;plains;3
10520;43;111;1;land;true;plains;3
10521;43;133;1;land;false;plains;3
10522;90;72;1;land;false;plains;3
10523;23;114;1;land;false;plains;3
10524;20;75;1;land;false;plains;3
10525;45;102;1;land;false;plains;3
10526;27;118;1;land;false;plains;3
10527;73;81;1;land;false;plains;3
10528;50;118;1;land;false;plains;3
10529;20;117;1;land;false;plains;3
10530;62;116;1;land;false;plains;3
10531;20;94;1;land;false;plains;3
10532;34;97;1;land;false;plains;3
10533;96;139;1;land;true;plains;3
10534;93;120;1;land;true;plains;3
10535;79;142;1;land;false;plains;3
10536;92;130;1;land;false;plains;3
10537;57;94;1;land;false;plains;3
10538;86;101;1;land;false;plains;3
10539;32;95;1;land;false;plains;3
10540;65;71;1;land;false;plains;3
10541;50;143;1;land;false;plains;3
10542;63;91;1;land;false;plains;3
10543;83;124;1;land;false;plains;3
10544;41;109;1;land;false;plains;3
10545;76;96;1;land;false;plains;3
10546;62;130;1;land;true;plains;3
10547;126;149;1;land;false;plains;3
10548;169;86;1;land;false;plains;3
10549;126;131;1;land;false;plains;3
10550;141;134;1;land;false;hills;3
10551;36;151;1;land;false;desert;3
10552;10;204;1;land;false;plains;3
10553;39;195;1;land;false;desert;3
10554;2;158;1;land;false;desert;3
10555;4;175;1;land;false;plains;3
10556;5;174;1;land;false;plains;3
10557;39;209;1;land;false;desert;3
10558;0;194;1;land;false;desert;3
10559;5;142;1;land;false;plains;3
10560;23;154;1;land;false;desert;3
10561;29;161;1;land;false;plains;3
10562;38;194;1;land;false;desert;3
10563;15;192;1;land;false;plains;3
10564;40;46;1;land;false;forest;3
10565;32;38;1;land;false;forest;3
10566;2;18;1;land;false;plains;3
10567;33;95;1;land;false;forest;3
10568;27;49;1;land;false;forest;3
10569;2;94;1;land;false;plains;3
10570;25;60;1;land;false;plains;3
10571;40;61;1;land;false;forest;3
10572;21;77;1;land;false;forest;3
10573;4;22;1;land;false;jungle;3
10574;19;22;1;land;false;forest;3
10575;36;80;1;land;false;plains;3
10576;76;142;1;land;false;plains;3
10577;115;188;1;land;false;plains;3
10578;114;142;1;land;false;plains;3
10579;126;170;1;land;false;desert;3
10580;150;147;1;land;false;desert;3
10581;141;178;1;land;false;desert;3
10582;150;176;1;land;false;desert;3
10583;166;168;1;land;false;plains;3
10584;172;203;1;land;false;desert;3
10585;117;184;1;land;false;desert;3
10586;106;210;1;land;false;desert;3
10587;171;162;1;land;false;desert;3
10588;136;168;1;land;false;plains;3
10589;167;216;1;land;false;desert;3
10590;106;189;1;land;false;plains;3
10591;165;212;1;land;false;desert;3
10592;132;186;1;land;false;desert;3
10593;136;164;1;land;false;desert;3
10594;131;167;1;land;false;desert;3
10595;118;198;1;land;false;desert;3
10596;99;162;1;land;false;plains;3
10597;124;184;1;land;false;desert;3
10598;127;179;1;land;false;desert;3
10599;126;189;1;land;false;plains;3
10600;115;187;1;land;false;desert;3
10601;161;217;1;land;false;desert;3
10602;164;199;1;land;false;desert;3
10603;109;216;1;land;false;desert;3
10604;137;163;1;land;false;desert;3
10605;130;216;1;land;false;desert;3
10606;170;202;1;land;false;desert;3
10607;123;176;1;land;false;plains;3
10608;100;215;1;land;false;desert;3
10609;107;161;1;land;false;desert;3
10610;26;176;1;land;false;plains;3
10611;48;176;1;land;false;plains;3
10612;75;167;1;land;false;plains;3
10613;81;156;1;land;false;plains;3
10614;21;144;1;land;false;plains;3
10615;21;189;1;land;false;plains;3
10616;76;185;1;land;false;plains;3
10617;72;156;1;land;false;plains;3
10618;75;159;1;land;false;forest;3
10619;94;188;1;land;false;plains;3
10620;42;130;1;land;false;plains;3
10621;51;176;1;land;false;plains;3
10622;91;20;1;land;false;plains;3
10623;105;23;1;land;false;desert;3
10624;99;18;1;land;false;plains;3
10625;157;9;1;land;false;desert;3
10626;85;31;1;land;false;desert;3
10627;111;39;1;land;false;desert;3
10628;111;49;1;land;false;plains;3
10629;118;36;1;land;false;plains;3
10630;110;25;1;land;false;plains;3
10631;146;51;1;land;false;plains;3
10632;157;11;1;land;false;desert;3
10633;159;27;1;land;false;plains;3
10634;121;1;1;land;false;desert;3
10635;119;16;1;land;false;plains;3
10636;91;3;1;land;false;plains;3
10637;116;4;1;land;false;plains;3
10638;85;29;1;land;false;desert;3
10639;128;7;1;land;false;desert;3
10640;120;37;1;land;false;desert;3
10641;118;32;1;land;false;plains;3
10642;122;19;1;land;false;plains;3
10643;135;42;1;land;false;plains;3
10644;102;15;1;land;false;plains;3
10645;145;14;1;land;false;plains;3
10646;158;21;1;land;false;plains;3
10647;157;35;1;land;false;plains;3
10648;99;26;1;land;false;plains;3
10649;109;5;1;land;false;desert;3
10650;112;101;1;land;false;plains;3
10651;161;91;1;land;false;hills;3
10652;171;118;1;land;false;plains;3
10653;214;204;1;land;false;plains;3
10654;226;182;1;land;false;plains;3
10655;227;162;1;land;false;forest;3
10656;214;199;1;land;false;plains;3
10657;245;211;1;land;false;plains;3
10658;224;177;1;land;false;plains;3
10659;238;203;1;land;false;plains;3
10660;240;208;1;land;false;plains;3
10661;93;135;1;land;false;hills;3
10662;138;171;1;land;false;forest;3
10663;110;168;1;land;false;hills;3
10664;101;177;1;land;false;mountain;3
10665;110;156;1;land;false;hills;3
10666;106;146;1;land;false;mountain;3
10667;97;154;1;land;false;hills;3
10668;98;136;1;land;false;hills;3
10669;102;140;1;land;false;mountain;3
10670;100;163;1;land;false;jungle;3
10671;77;159;1;land;false;hills;3
10672;87;135;1;land;false;forest;3
10673;112;182;1;land;false;mountain;3
10674;100;200;1;land;false;hills;3
10675;129;205;1;land;false;forest;3
10676;112;179;1;land;false;hills;3
10677;186;2;1;land;false;plains;3
10678;208;51;1;land;false;plains;3
10679;207;70;1;land;false;plains;3
10680;246;60;1;land;false;plains;3
10681;234;5;1;land;false;plains;3
10682;243;25;1;land;false;plains;3
10683;195;106;1;land;false;plains;3
10684;166;111;1;land;false;plains;3
10685;110;31;1;land;false;plains;3
10686;119;47;1;land;true;forest;3
10687;164;42;1;land;true;forest;3
10688;134;0;1;land;false;plains;3
10689;139;4;1;land;false;jungle;3
10690;128;50;1;land;true;jungle;3
10691;141;37;1;land;true;forest;3
10692;51;78;1;land;false;plains;3
10693;67;137;1;land;false;plains;3
10694;84;97;1;land;false;plains;3
10695;89;153;1;land;false;plains;3
10696;83;90;1;land;false;plains;3
10697;86;156;1;land;false;plains;3
10698;61;81;1;land;false;plains;3
10699;76;115;1;land;false;plains;3
10700;20;248;1;land;true;plains;3
10701;30;252;1;land;false;plains;3
10702;6;245;1;land;false;plains;3
10703;39;251;1;land;true;plains;3
10704;83;74;1;land;true;plains;3
10705;150;90;1;land;false;plains;3
10706;146;115;1;land;false;plains;3
10707;128;92;1;land;false;plains;3
10708;89;112;1;land;false;plains;3
10709;113;62;1;land;false;plains;3
10710;134;68;1;land;false;plains;3
10711;210;204;1;land;false;mountain;3
10712;238;187;1;land;false;plains;3
10713;230;202;1;land;false;mountain;3
10714;241;216;1;land;false;plains;3
10715;236;185;1;land;false;plains;3
10716;241;223;1;land;false;hills;3
10717;217;215;1;land;false;plains;3
10718;216;252;1;land;false;plains;3
10719;244;191;1;land;false;plains;3
10720;235;194;1;land;false;plains;3
10721;219;242;1;land;false;hills;3
10722;240;228;1;land;true;plains;3
10723;112;68;1;land;false;plains;3
10724;91;58;1;land;false;plains;3
10725;93;49;1;land;false;plains;3
10726;155;67;1;land;false;hills;3
10727;129;72;1;land;false;desert;3
10728;165;43;1;land;false;plains;3
10729;158;78;1;land;false;desert;3
10730;98;53;1;land;false;desert;3
10731;96;62;1;land;false;plains;3
10732;151;16;1;land;false;plains;3
10733;131;7;1;land;false;plains;3
10734;122;57;1;land;false;desert;3
10735;151;49;1;land;false;plains;3
10736;122;45;1;land;false;plains;3
10737;210;38;1;land;false;plains;3
10738;237;87;1;land;false;plains;3
10739;56;3;1;land;false;hills;3
10740;24;1;1;land;false;plains;3
10741;15;54;1;land;false;hills;3
10742;26;25;1;land;false;hills;3
10743;54;3;1;land;false;plains;3
10744;56;18;1;land;false;hills;3
10745;150;112;1;land;false;plains;3
10746;132;161;1;land;false;plains;3
10747;164;148;1;land;false;plains;3
10748;183;251;1;land;true;plains;3
10749;228;200;1;land;true;plains;3
10750;234;190;1;land;true;plains;3
10751;208;181;1;land;false;plains;3
10752;241;236;1;land;true;plains;3
10753;213;173;1;land;false;plains;3
10754;234;235;1;land;true;plains;3
10755;226;221;1;land;false;plains;3
10756;250;249;1;land;false;plains;3
10757;196;194;1;land;false;plains;3
10758;182;199;1;land;false;plains;3
10759;174;178;1;land;false;plains;3
10760;217;233;1;land;false;plains;3
10761;200;203;1;land;false;plains;3
10762;211;190;1;land;true;plains;3
10763;183;236;1;land;false;plains;3
10764;181;232;1;land;true;plains;3
10765;186;185;1;land;false;plains;3
10766;184;231;1;land;false;plains;3
10767;226;192;1;land;true;plains;3
10768;227;198;1;land;false;plains;3
10769;190;244;1;land;false;plains;3
10770;211;204;1;land;false;plains;3
10771;232;235;1;land;false;plains;3
10772;223;228;1;land;false;plains;3
10773;224;192;1;land;false;plains;3
10774;180;232;1;land;false;plains;3
10775;241;209;1;land;true;plains;3
10776;204;198;1;land;false;plains;3
10777;241;187;1;land;false;plains;3
10778;181;251;1;land;false;plains;3
10779;217;226;1;land;false;plains;3
10780;241;224;1;land;true;plains;3
10781;224;172;1;land;false;plains;3
10782;200;204;1;land;false;plains;3
10783;233;241;1;land;false;plains;3
10784;203;177;1;land;false;plains;3
10785;228;196;1;land;true;plains;3
10786;231;192;1;land;false;plains;3
10787;201;248;1;land;false;plains;3
10788;194;237;1;land;true;plains;3
10789;185;231;1;land;false;plains;3
10790;221;180;1;land;false;plains;3
10791;247;232;1;land;false;plains;3
10792;201;198;1;land;false;plains;3
10793;244;239;1;land;false;plains;3
10794;201;227;1;land;false;plains;3
10795;190;198;1;land;false;plains;3
10796;234;193;1;land;false;plains;3
10797;250;190;1;land;false;plains;3
10798;231;232;1;land;false;plains;3
10799;233;237;1;land;false;plains;3
10800;224;179;1;land;false;plains;3
10801;244;230;1;land;false;plains;3
10802;43;84;1;land;false;plains;3
10803;79;89;1;land;false;plains;3
10804;31;104;1;land;false;plains;3
10805;54;87;1;land;false;plains;3
10806;76;116;1;land;false;plains;3
10807;90;74;1;land;false;hills;3
10808;61;37;1;land;false;plains;3
10809;58;70;1;land;false;plains;3
10810;14;44;1;land;false;forest;3
10811;27;9;1;land;true;forest;3
10812;87;41;1;land;true;forest;3
10813;43;42;1;land;true;forest;3
10814;126;55;1;land;false;plains;3
10815;138;3;1;land;false;plains;3
10816;188;15;1;land;false;plains;3
10817;228;10;1;land;false;hills;3
10818;229;28;1;land;false;plains;3
10819;242;27;1;land;false;plains;3
10820;215;23;1;land;false;plains;3
10821;239;34;1;land;false;hills;3
10822;220;18;1;land;false;plains;3
10823;243;24;1;land;false;plains;3
10824;150;111;1;land;false;mountain;3
10825;140;135;1;land;false;plains;3
10826;134;82;1;land;false;plains;3
10827;135;119;1;land;false;forest;3
10828;160;99;1;land;false;plains;3
10829;243;62;1;land;false;forest;3
10830;224;75;1;land;true;forest;3
10831;246;114;1;land;false;forest;3
10832;209;102;1;land;false;forest;3
10833;235;113;1;land;false;forest;3
10834;232;99;1;land;true;forest;3
10835;242;89;1;land;false;forest;3
10836;106;144;1;land;true;plains;3
10837;77;203;1;land;false;plains;3
10838;119;200;1;land;false;plains;3
10839;145;180;1;land;false;plains;3
10840;87;211;1;land;true;plains;3
10841;112;193;1;land;false;plains;3
10842;149;157;1;land;true;plains;3
10843;119;212;1;land;true;plains;3
10844;43;220;1;land;false;plains;3
10845;102;246;1;land;false;plains;3
10846;107;218;1;land;false;plains;3
10847;44;251;1;land;false;plains;3
10848;61;212;1;land;false;plains;3
10849;52;210;1;land;false;plains;3
10850;73;217;1;land;false;plains;3
10851;42;212;1;land;false;plains;3
10852;156;132;1;land;false;plains;3
10853;189;115;1;land;false;plains;3
10854;167;135;1;land;false;plains;3
10855;164;112;1;land;false;plains;3
10856;136;141;1;land;false;plains;3
10857;105;230;1;land;false;desert;3
10858;101;191;1;land;false;desert;3
10859;100;245;1;land;true;desert;3
10860;124;243;1;land;false;desert;3
10861;150;238;1;land;false;desert;3
10862;133;237;1;land;true;desert;3
10863;107;197;1;land;false;desert;3
10864;176;183;1;land;true;desert;3
10865;118;239;1;land;false;desert;3
10866;164;196;1;land;false;desert;3
10867;128;234;1;land;true;desert;3
10868;128;191;1;land;false;desert;3
10869;116;244;1;land;false;desert;3
10870;148;206;1;land;false;desert;3
10871;145;199;1;land;false;desert;3
10872;173;239;1;land;false;desert;3
10873;132;195;1;land;false;desert;3
10874;156;227;1;land;false;desert;3
10875;141;249;1;land;false;desert;3
10876;100;216;1;land;true;desert;3
10877;156;180;1;land;true;desert;3
10878;123;251;1;land;false;desert;3
10879;107;248;1;land;false;desert;3
10880;131;195;1;land;false;desert;3
10881;117;180;1;land;false;desert;3
10882;173;218;1;land;false;desert;3
10883;152;194;1;land;false;desert;3
10884;107;208;1;land;false;desert;3
10885;104;184;1;land;false;desert;3
10886;106;218;1;land;false;desert;3
10887;107;213;1;land;false;desert;3
10888;144;252;1;land;false;desert;3
10889;111;180;1;land;false;desert;3
10890;139;238;1;land;false;desert;3
10891;128;180;1;land;false;desert;3
10892;169;191;1;land;false;desert;3
10893;173;206;1;land;false;desert;3
10894;154;202;1;land;false;desert;3
10895;170;201;1;land;false;desert;3
10896;97;189;1;land;false;desert;3
10897;109;210;1;land;false;desert;3
10898;150;216;1;land;false;desert;3
10899;169;201;1;land;false;desert;3
10900;114;193;1;land;false;desert;3
10901;169;193;1;land;false;desert;3
10902;111;250;1;land;false;desert;3
10903;125;247;1;land;false;desert;3
10904;107;203;1;land;false;desert;3
10905;126;251;1;land;false;desert;3
10906;142;225;1;land;false;desert;3
10907;129;192;1;land;false;desert;3
10908;98;207;1;land;false;desert;3
10909;98;177;1;land;false;desert;3
10910;176;248;1;land;false;desert;3
10911;110;215;1;land;true;desert;3
10912;118;193;1;land;false;desert;3
10913;137;206;1;land;false;desert;3
10914;141;192;1;land;false;desert;3
10915;126;200;1;land;false;desert;3
10916;149;242;1;land;false;desert;3
10917;142;222;1;land;false;desert;3
10918;97;206;1;land;false;desert;3
10919;159;245;1;land;true;desert;3
10920;149;181;1;land;false;desert;3
10921;122;219;1;land;false;desert;3
10922;109;240;1;land;true;desert;3
10923;149;235;1;land;false;desert;3
10924;139;252;1;land;false;desert;3
10925;176;181;1;land;false;desert;3
10926;125;246;1;land;false;desert;3
10927;103;206;1;land;false;desert;3
10928;156;229;1;land;false;desert;3
10929;106;198;1;land;false;desert;3
10930;139;232;1;land;false;desert;3
10931;125;223;1;land;false;desert;3
10932;142;249;1;land;false;desert;3
10933;171;242;1;land;false;desert;3
10934;113;230;1;land;true;desert;3
10935;129;246;1;land;false;desert;3
10936;148;215;1;land;false;desert;3
10937;118;223;1;land;false;desert;3
10938;162;252;1;land;false;desert;3
10939;128;235;1;land;false;desert;3
10940;150;212;1;land;false;desert;3
10941;97;243;1;land;false;desert;3
10942;128;246;1;land;false;desert;3
10943;157;224;1;land;false;desert;3
10944;143;244;1;land;false;desert;3
10945;113;207;1;land;true;desert;3
10946;119;181;1;land;false;desert;3
10947;137;241;1;land;false;desert;3
10948;142;244;1;land;false;desert;3
10949;123;197;1;land;false;desert;3
10950;124;195;1;land;false;desert;3
10951;160;221;1;land;false;desert;3
10952;162;251;1;land;false;desert;3
10953;100;222;1;land;false;desert;3
10954;113;246;1;land;false;desert;3
10955;135;196;1;land;false;desert;3
10956;161;221;1;land;false;desert;3
10957;100;208;1;land;false;desert;3
10958;129;243;1;land;true;desert;3
10959;126;211;1;land;false;desert;3
10960;116;194;1;land;false;desert;3
10961;148;210;1;land;true;desert;3
10962;156;201;1;land;false;desert;3
10963;101;241;1;land;false;desert;3
10964;158;214;1;land;false;mountain;3
10965;99;196;1;land;false;desert;3
10966;167;231;1;land;false;desert;3
10967;133;238;1;land;false;desert;3
10968;164;223;1;land;false;desert;3
10969;145;187;1;land;false;desert;3
10970;168;211;1;land;false;desert;3
10971;150;211;1;land;false;desert;3
10972;117;181;1;land;false;desert;3
10973;145;213;1;land;true;desert;3
10974;145;214;1;land;false;desert;3
10975;97;241;1;land;false;desert;3
10976;147;200;1;land;false;desert;3
10977;127;236;1;land;false;desert;3
10978;157;235;1;land;false;desert;3
10979;150;243;1;land;false;desert;3
10980;99;193;1;land;false;desert;3
10981;175;190;1;land;true;desert;3
10982;113;220;1;land;false;desert;3
10983;175;226;1;land;false;desert;3
10984;156;230;1;land;false;desert;3
10985;130;187;1;land;false;desert;3
10986;131;226;1;land;true;desert;3
10987;157;217;1;land;false;desert;3
10988;117;253;1;land;false;desert;3
10989;106;194;1;land;false;mountain;3
10990;158;186;1;land;false;desert;3
10991;170;242;1;land;false;desert;3
10992;174;191;1;land;true;desert;3
10993;118;233;1;land;false;desert;3
10994;172;187;1;land;false;desert;3
10995;128;184;1;land;false;desert;3
10996;153;221;1;land;false;desert;3
10997;104;242;1;land;false;desert;3
10998;36;45;1;land;false;plains;3
10999;22;43;1;land;false;plains;3
11000;32;42;1;land;false;plains;3
11001;252;129;1;land;false;mountain;3
11002;213;137;1;land;false;plains;3
11003;213;151;1;land;false;plains;3
11004;202;137;1;land;false;plains;3
11005;211;141;1;land;false;plains;3
11006;206;186;1;land;false;plains;3
11007;240;187;1;land;false;hills;3
11008;228;170;1;land;false;plains;3
11009;203;180;1;land;false;plains;3
11010;191;184;1;land;false;plains;3
11011;214;126;1;land;false;plains;3
11012;222;153;1;land;false;plains;3
11013;223;120;1;land;false;plains;3
11014;202;126;1;land;false;plains;3
11015;225;60;1;land;false;plains;3
11016;175;65;1;land;false;plains;3
11017;70;65;1;land;false;plains;3
11018;25;84;1;land;false;plains;3
11019;58;120;1;land;false;plains;3
11020;24;74;1;land;false;plains;3
11021;26;105;1;land;false;plains;3
11022;48;103;1;land;false;plains;3
11023;32;66;1;land;false;plains;3
11024;27;54;1;land;false;plains;3
11025;40;85;1;land;false;plains;3
11026;25;121;1;land;false;plains;3
11027;68;92;1;land;false;plains;3
11028;62;75;1;land;false;plains;3
11029;40;87;1;land;false;plains;3
11030;153;112;1;land;false;plains;3
11031;162;137;1;land;false;desert;3
11032;196;166;1;land;false;plains;3
11033;156;133;1;land;false;plains;3
11034;133;139;1;land;false;desert;3
11035;164;132;1;land;false;plains;3
11036;151;112;1;land;false;plains;3
11037;201;145;1;land;false;plains;3
11038;136;160;1;land;false;plains;3
11039;158;111;1;land;false;desert;3
11040;140;155;1;land;false;plains;3
11041;138;116;1;land;false;desert;3
11042;150;121;1;land;false;plains;3
11043;0;152;1;land;false;forest;3
11044;5;119;1;land;true;forest;3
11045;45;162;1;land;false;forest;3
11046;49;119;1;land;false;forest;3
11047;16;108;1;land;false;forest;3
11048;127;91;1;land;false;forest;3
11049;103;54;1;land;true;forest;3
11050;85;61;1;land;true;forest;3
11051;119;56;1;land;true;jungle;3
11052;91;98;1;land;true;forest;3
11053;82;121;1;land;true;forest;3
11054;104;96;1;land;false;forest;3
11055;250;166;1;land;false;plains;3
11056;240;139;1;land;false;plains;3
11057;248;163;1;land;false;plains;3
11058;249;134;1;land;false;plains;3
11059;236;130;1;land;false;plains;3
11060;214;139;1;land;false;plains;3
11061;161;128;1;land;false;plains;3
11062;181;118;1;land;false;forest;3
11063;166;145;1;land;false;mountain;3
11064;171;160;1;land;false;hills;3
11065;121;90;1;land;false;hills;3
11066;159;108;1;land;false;jungle;3
11067;170;123;1;land;false;forest;3
11068;169;130;1;land;false;mountain;3
11069;157;132;1;land;false;jungle;3
11070;161;132;1;land;false;forest;3
11071;245;117;1;land;false;forest;3
11072;226;110;1;land;true;forest;3
11073;237;101;1;land;true;forest;3
11074;203;66;1;land;true;forest;3
11075;37;241;1;land;false;hills;3
11076;55;247;1;land;false;hills;3
11077;50;246;1;land;false;plains;3
11078;33;237;1;land;false;plains;3
11079;69;226;1;land;false;hills;3
11080;25;216;1;land;false;forest;3
11081;93;244;1;land;false;hills;3
11082;52;97;1;land;false;forest;3
11083;92;80;1;land;true;forest;3
11084;68;135;1;land;false;plains;3
11085;60;63;1;land;false;jungle;3
11086;64;84;1;land;false;forest;3
11087;90;130;1;land;true;forest;3
11088;45;68;1;land;false;plains;3
11089;93;129;1;land;false;forest;3
11090;43;196;1;land;false;hills;3
11091;8;189;1;land;false;forest;3
11092;147;196;1;land;false;plains;3
11093;147;188;1;land;false;plains;3
11094;163;184;1;land;false;plains;3
11095;160;212;1;land;false;plains;3
11096;95;195;1;land;false;plains;3
11097;152;205;1;land;false;plains;3
11098;146;179;1;land;false;plains;3
11099;122;198;1;land;false;plains;3
11100;146;205;1;land;false;plains;3
11101;90;157;1;land;false;plains;3
11102;91;120;1;land;false;plains;3
11103;94;97;1;land;false;plains;3
11104;106;131;1;land;false;plains;3
11105;62;213;1;land;false;forest;3
11106;28;215;1;land;false;plains;3
11107;35;206;1;land;false;forest;3
11108;26;168;1;land;false;hills;3
11109;74;235;1;land;false;forest;3
11110;63;209;1;land;false;plains;3
11111;8;203;1;land;false;plains;3
11112;158;60;1;land;false;plains;3
11113;123;77;1;land;false;plains;3
11114;168;91;1;land;false;plains;3
11115;115;121;1;land;false;forest;3
11116;165;58;1;land;false;plains;3
11117;78;190;1;land;false;plains;3
11118;34;243;1;land;false;plains;3
11119;88;222;1;land;false;plains;3
11120;78;234;1;land;false;plains;3
11121;200;38;1;land;false;plains;3
11122;225;101;1;land;false;plains;3
11123;234;95;1;land;false;plains;3
11124;125;177;1;land;false;plains;3
11125;121;227;1;land;false;plains;3
11126;96;198;1;land;false;mountain;3
11127;114;209;1;land;false;plains;3
11128;107;226;1;land;false;plains;3
11129;105;196;1;land;false;plains;3
11130;92;197;1;land;false;desert;3
11131;72;202;1;land;false;hills;3
11132;151;60;1;land;false;plains;3
11133;128;41;1;land;false;forest;3
11134;150;70;1;land;false;plains;3
11135;130;127;1;land;false;forest;3
11136;194;128;1;land;true;forest;3
11137;179;199;1;land;false;forest;3
11138;189;181;1;land;false;forest;3
11139;201;180;1;land;false;forest;3
11140;127;125;1;land;true;forest;3
11141;131;192;1;land;false;forest;3
11142;142;131;1;land;false;forest;3
11143;144;185;1;land;false;forest;3
11144;193;157;1;land;false;forest;3
11145;126;173;1;land;false;forest;3
11146;26;172;1;land;false;plains;3
11147;44;127;1;land;false;plains;3
11148;34;193;1;land;false;plains;3
11149;9;139;1;land;false;plains;3
11150;82;98;1;land;false;plains;3
11151;94;158;1;land;false;plains;3
11152;67;126;1;land;false;plains;3
11153;75;102;1;land;false;plains;3
11154;47;156;1;land;false;plains;3
11155;98;116;1;land;false;plains;3
11156;204;27;1;land;false;mountain;3
11157;200;5;1;land;false;plains;3
11158;202;60;1;land;false;hills;3
11159;214;58;1;land;false;hills;3
11160;188;52;1;land;false;plains;3
11161;163;17;1;land;false;plains;3
11162;207;25;1;land;false;plains;3
11163;170;33;1;land;false;mountain;3
11164;174;17;1;land;false;plains;3
11165;164;219;1;land;false;desert;3
11166;163;180;1;land;false;desert;3
11167;130;149;1;land;false;desert;3
11168;125;164;1;land;false;desert;3
11169;126;160;1;land;false;plains;3
11170;163;164;1;land;false;desert;3
11171;115;168;1;land;false;desert;3
11172;140;164;1;land;false;desert;3
11173;171;202;1;land;false;desert;3
11174;121;177;1;land;false;hills;3
11175;166;174;1;land;false;plains;3
11176;135;173;1;land;false;mountain;3
11177;190;161;1;land;false;desert;3
11178;171;192;1;land;false;desert;3
11179;165;217;1;land;false;plains;3
11180;147;177;1;land;false;desert;3
11181;168;214;1;land;false;desert;3
11182;175;176;1;land;false;desert;3
11183;143;204;1;land;false;desert;3
11184;148;173;1;land;false;desert;3
11185;116;181;1;land;false;plains;3
11186;164;162;1;land;false;desert;3
11187;151;160;1;land;false;hills;3
11188;166;186;1;land;false;plains;3
11189;70;173;1;land;false;forest;3
11190;89;123;1;land;false;forest;3
11191;45;138;1;land;false;forest;3
11192;120;115;1;land;true;plains;3
11193;159;146;1;land;true;plains;3
11194;104;143;1;land;false;plains;3
11195;154;109;1;land;true;plains;3
11196;196;120;1;land;true;plains;3
11197;175;96;1;land;false;plains;3
11198;190;112;1;land;true;plains;3
11199;181;100;1;land;false;plains;3
11200;191;154;1;land;true;plains;3
11201;187;169;1;land;true;plains;3
11202;158;123;1;land;false;plains;3
11203;178;121;1;land;true;plains;3
11204;199;136;1;land;false;plains;3
11205;169;242;1;land;false;plains;3
11206;211;249;1;land;false;forest;3
11207;192;238;1;land;false;plains;3
11208;165;232;1;land;false;forest;3
11209;219;226;1;land;false;plains;3
11210;218;241;1;land;false;plains;3
11211;191;242;1;land;false;forest;3
11212;177;228;1;land;false;forest;3
11213;196;232;1;land;false;plains;3
11214;193;224;1;land;false;plains;3
11215;177;234;1;land;false;forest;3
11216;182;207;1;land;false;jungle;3
11217;244;249;1;land;false;hills;3
11218;236;217;1;land;false;hills;3
11219;180;206;1;land;false;hills;3
11220;174;193;1;land;false;hills;3
11221;172;224;1;land;false;plains;3
11222;185;244;1;land;false;jungle;3
11223;186;191;1;land;false;desert;3
11224;193;230;1;land;false;hills;3
11225;170;136;1;land;false;plains;3
11226;107;221;1;land;true;plains;3
11227;58;222;1;land;false;plains;3
11228;108;211;1;land;false;plains;3
11229;72;220;1;land;false;plains;3
11230;90;248;1;land;false;plains;3
11231;84;229;1;land;false;plains;3
11232;130;222;1;land;false;plains;3
11233;37;250;1;land;false;desert;3
11234;10;216;1;land;false;desert;3
11235;25;202;1;land;false;desert;3
11236;1;217;1;land;false;desert;3
11237;26;214;1;land;false;desert;3
11238;20;253;1;land;false;desert;3
11239;26;252;1;land;false;desert;3
11240;26;186;1;land;false;desert;3
11241;42;246;1;land;false;desert;3
11242;39;250;1;land;false;desert;3
11243;9;243;1;land;false;desert;3
11244;7;216;1;land;false;desert;3
11245;14;190;1;land;false;desert;3
11246;10;192;1;land;false;desert;3
11247;16;249;1;land;false;desert;3
11248;19;185;1;land;false;desert;3
11249;45;243;1;land;false;desert;3
11250;0;229;1;land;false;desert;3
11251;39;185;1;land;false;desert;3
11252;9;236;1;land;false;desert;3
11253;31;245;1;land;false;desert;3
11254;47;244;1;land;false;desert;3
11255;38;252;1;land;false;desert;3
11256;47;188;1;land;false;desert;3
11257;1;208;1;land;false;desert;3
11258;31;184;1;land;false;desert;3
11259;42;239;1;land;false;desert;3
11260;35;242;1;land;false;desert;3
11261;5;228;1;land;false;desert;3
11262;44;231;1;land;false;desert;3
11263;24;187;1;land;false;desert;3
11264;34;253;1;land;false;desert;3
11265;32;247;1;land;false;desert;3
11266;44;225;1;land;false;desert;3
11267;22;211;1;land;false;desert;3
11268;35;251;1;land;false;desert;3
11269;1;211;1;land;false;desert;3
11270;21;194;1;land;false;desert;3
11271;39;224;1;land;false;desert;3
11272;39;243;1;land;false;desert;3
11273;29;248;1;land;false;desert;3
11274;28;219;1;land;false;desert;3
11275;13;188;1;land;false;desert;3
11276;36;240;1;land;false;desert;3
11277;9;226;1;land;false;desert;3
11278;43;195;1;land;false;desert;3
11279;45;213;1;land;false;desert;3
11280;42;204;1;land;false;desert;3
11281;35;240;1;land;false;desert;3
11282;49;191;1;land;false;desert;3
11283;19;254;1;land;false;desert;3
11284;42;253;1;land;false;desert;3
11285;15;203;1;land;false;desert;3
11286;1;239;1;land;false;desert;3
11287;18;236;1;land;false;desert;3
11288;9;209;1;land;false;desert;3
11289;21;190;1;land;false;desert;3
11290;15;234;1;land;false;desert;3
11291;25;208;1;land;false;desert;3
11292;27;251;1;land;false;desert;3
11293;9;242;1;land;false;desert;3
11294;0;252;1;land;false;desert;3
11295;1;210;1;land;false;desert;3
11296;17;233;1;land;false;desert;3
11297;6;197;1;land;false;desert;3
11298;9;219;1;land;false;desert;3
11299;105;223;1;land;false;plains;3
11300;105;213;1;land;false;plains;3
11301;60;190;1;land;false;plains;3
11302;105;186;1;land;false;plains;3
11303;43;182;1;land;false;plains;3
11304;61;8;1;land;false;plains;3
11305;53;40;1;land;false;plains;3
11306;48;22;1;land;false;plains;3
11307;46;7;1;land;false;plains;3
11308;27;21;1;land;false;plains;3
11309;60;17;1;land;false;plains;3
11310;56;12;1;land;false;plains;3
11311;67;6;1;land;false;plains;3
11312;3;25;1;land;false;plains;3
11313;68;1;1;land;false;plains;3
11314;167;46;1;land;false;mountain;3
11315;161;98;1;land;false;hills;3
11316;161;89;1;land;false;hills;3
11317;100;32;1;land;false;hills;3
11318;118;77;1;land;false;hills;3
11319;167;91;1;land;false;mountain;3
11320;131;57;1;land;false;mountain;3
11321;102;75;1;land;false;mountain;3
11322;132;66;1;land;false;hills;3
11323;189;249;1;land;false;desert;3
11324;224;238;1;land;false;desert;3
11325;165;218;1;land;false;desert;3
11326;172;240;1;land;false;desert;3
11327;194;224;1;land;false;hills;3
11328;184;222;1;land;false;desert;3
11329;205;226;1;land;false;desert;3
11330;232;239;1;land;false;desert;3
11331;168;234;1;land;false;hills;3
11332;164;248;1;land;false;hills;3
11333;235;231;1;land;false;desert;3
11334;205;251;1;land;false;desert;3
11335;202;243;1;land;false;plains;3
11336;182;215;1;land;false;hills;3
11337;235;221;1;land;false;desert;3
11338;228;239;1;land;false;desert;3
11339;188;246;1;land;false;desert;3
11340;194;245;1;land;false;hills;3
11341;231;226;1;land;false;desert;3
11342;214;246;1;land;false;desert;3
11343;214;233;1;land;false;hills;3
11344;166;237;1;land;false;desert;3
11345;170;254;1;land;false;desert;3
11346;208;227;1;land;false;desert;3
11347;220;249;1;land;false;hills;3
11348;230;249;1;land;false;plains;3
11349;200;214;1;land;false;hills;3
11350;227;232;1;land;false;desert;3
11351;212;236;1;land;false;forest;3
11352;181;242;1;land;false;desert;3
11353;180;249;1;land;false;hills;3
11354;212;245;1;land;false;desert;3
11355;230;215;1;land;false;desert;3
11356;200;247;1;land;false;desert;3
11357;220;228;1;land;false;desert;3
11358;177;252;1;land;false;desert;3
11359;166;227;1;land;false;desert;3
11360;187;221;1;land;false;desert;3
11361;236;251;1;land;false;desert;3
11362;186;221;1;land;false;desert;3
11363;185;237;1;land;false;hills;3
11364;193;241;1;land;false;hills;3
11365;156;216;1;land;false;plains;3
11366;123;203;1;land;false;desert;3
11367;153;220;1;land;false;desert;3
11368;83;226;1;land;false;desert;3
11369;137;243;1;land;false;desert;3
11370;102;216;1;land;false;plains;3
11371;108;243;1;land;false;plains;3
11372;79;207;1;land;false;desert;3
11373;139;204;1;land;false;desert;3
11374;80;249;1;land;false;desert;3
11375;89;202;1;land;false;plains;3
11376;116;218;1;land;false;desert;3
11377;147;232;1;land;false;plains;3
11378;152;228;1;land;false;plains;3
11379;94;196;1;land;false;desert;3
11380;90;204;1;land;false;plains;3
11381;130;251;1;land;false;desert;3
11382;216;99;1;land;false;plains;3
11383;222;148;1;land;false;plains;3
11384;229;136;1;land;false;plains;3
11385;69;160;1;land;false;plains;3
11386;68;187;1;land;false;hills;3
11387;25;178;1;land;false;plains;3
11388;45;166;1;land;false;plains;3
11389;27;178;1;land;false;desert;3
11390;72;208;1;land;false;hills;3
11391;33;232;1;land;false;desert;3
11392;4;217;1;land;false;hills;3
11393;68;160;1;land;false;plains;3
11394;40;188;1;land;false;hills;3
11395;72;175;1;land;false;hills;3
11396;49;186;1;land;false;desert;3
11397;74;159;1;land;false;mountain;3
11398;77;135;1;land;false;plains;3
11399;72;148;1;land;false;desert;3
11400;99;209;1;land;false;plains;3
11401;83;190;1;land;false;desert;3
11402;50;166;1;land;false;plains;3
11403;56;186;1;land;false;plains;3
11404;40;190;1;land;false;forest;3
11405;48;153;1;land;false;plains;3
11406;98;166;1;land;false;desert;3
11407;58;212;1;land;false;plains;3
11408;57;191;1;land;false;plains;3
11409;18;204;1;land;false;desert;3
11410;224;60;1;land;false;plains;3
11411;244;62;1;land;false;plains;3
11412;191;64;1;land;false;plains;3
11413;196;93;1;land;false;plains;3
11414;229;30;1;land;false;plains;3
11415;239;64;1;land;false;plains;3
11416;214;48;1;land;false;plains;3
11417;244;40;1;land;false;plains;3
11418;204;196;1;land;false;plains;3
11419;248;190;1;land;false;plains;3
11420;109;69;1;land;true;plains;3
11421;116;67;1;land;true;plains;3
11422;73;80;1;land;true;plains;3
11423;114;107;1;land;true;plains;3
11424;165;23;1;land;false;forest;3
11425;117;51;1;land;false;plains;3
11426;170;68;1;land;false;forest;3
11427;139;61;1;land;false;jungle;3
11428;138;2;1;land;false;hills;3
11429;186;8;1;land;false;forest;3
11430;165;28;1;land;false;hills;3
11431;157;7;1;land;false;plains;3
11432;122;68;1;land;false;jungle;3
11433;118;33;1;land;false;forest;3
11434;185;72;1;land;false;jungle;3
11435;111;1;1;land;false;plains;3
11436;253;52;1;land;false;mountain;3
11437;230;51;1;land;false;plains;3
11438;212;34;1;land;false;plains;3
11439;254;77;1;land;false;plains;3
11440;247;10;1;land;false;hills;3
11441;253;41;1;land;false;plains;3
11442;228;58;1;land;false;mountain;3
11443;241;36;1;land;false;hills;3
11444;250;81;1;land;false;mountain;3
11445;227;18;1;land;false;plains;3
11446;247;48;1;land;false;plains;3
11447;214;64;1;land;false;mountain;3
11448;234;11;1;land;false;hills;3
11449;247;29;1;land;false;plains;3
11450;229;25;1;land;false;hills;3
11451;224;53;1;land;false;plains;3
11452;230;31;1;land;false;mountain;3
11453;143;162;1;land;false;plains;3
11454;188;89;1;land;false;plains;3
11455;196;112;1;land;false;plains;3
11456;236;126;1;land;false;plains;3
11457;248;108;1;land;false;plains;3
11458;210;70;1;land;false;forest;3
11459;238;135;1;land;false;plains;3
11460;250;68;1;land;false;plains;3
11461;248;102;1;land;false;plains;3
11462;216;119;1;land;false;plains;3
11463;211;129;1;land;false;forest;3
11464;210;86;1;land;false;plains;3
11465;211;130;1;land;false;plains;3
11466;252;63;1;land;false;plains;3
11467;253;87;1;land;false;forest;3
11468;121;112;1;land;true;plains;3
11469;112;75;1;land;false;plains;3
11470;116;139;1;land;true;plains;3
11471;118;81;1;land;false;plains;3
11472;123;104;1;land;false;plains;3
11473;69;128;1;land;false;plains;3
11474;49;8;1;land;false;plains;3
11475;116;12;1;land;false;plains;3
11476;80;31;1;land;false;plains;3
11477;46;26;1;land;false;plains;3
11478;90;25;1;land;false;plains;3
11479;111;46;1;land;false;hills;3
11480;74;43;1;land;false;plains;3
11481;111;23;1;land;false;plains;3
11482;56;30;1;land;false;plains;3
11483;64;31;1;land;false;plains;3
11484;101;11;1;land;false;plains;3
11485;100;17;1;land;false;plains;3
11486;50;14;1;land;false;hills;3
11487;112;79;1;land;false;hills;3
11488;61;135;1;land;false;desert;3
11489;96;76;1;land;false;plains;3
11490;48;99;1;land;false;desert;3
11491;103;89;1;land;false;desert;3
11492;121;63;1;land;false;desert;3
11493;107;123;1;land;false;plains;3
11494;73;90;1;land;false;plains;3
11495;119;125;1;land;false;desert;3
11496;78;95;1;land;false;desert;3
11497;85;64;1;land;false;plains;3
11498;47;77;1;land;false;desert;3
11499;72;105;1;land;false;plains;3
11500;84;84;1;land;false;plains;3
11501;118;102;1;land;false;plains;3
11502;99;99;1;land;false;desert;3
11503;65;113;1;land;false;hills;3
11504;119;87;1;land;false;desert;3
11505;107;83;1;land;false;plains;3
11506;54;66;1;land;false;hills;3
11507;49;117;1;land;false;plains;3
11508;121;62;1;land;false;desert;3
11509;98;129;1;land;false;desert;3
11510;51;70;1;land;false;plains;3
11511;106;73;1;land;false;plains;3
11512;84;83;1;land;false;plains;3
11513;64;90;1;land;false;plains;3
11514;88;101;1;land;false;plains;3
11515;103;112;1;land;false;plains;3
11516;69;63;1;land;false;desert;3
11517;54;74;1;land;false;desert;3
11518;112;127;1;land;false;plains;3
11519;82;93;1;land;false;plains;3
11520;74;128;1;land;false;desert;3
11521;94;114;1;land;false;plains;3
11522;80;95;1;land;false;desert;3
11523;111;123;1;land;false;plains;3
11524;66;83;1;land;false;plains;3
11525;174;112;1;land;false;plains;3
11526;187;85;1;land;false;jungle;3
11527;181;143;1;land;false;plains;3
11528;151;98;1;land;false;forest;3
11529;215;93;1;land;false;jungle;3
11530;164;67;1;land;false;plains;3
11531;151;109;1;land;false;forest;3
11532;211;82;1;land;false;forest;3
11533;199;247;1;land;false;plains;3
11534;187;206;1;land;false;plains;3
11535;167;240;1;land;false;plains;3
11536;169;234;1;land;false;plains;3
11537;191;212;1;land;false;plains;3
11538;184;219;1;land;false;plains;3
11539;182;247;1;land;false;plains;3
11540;34;150;1;land;false;plains;3
11541;21;193;1;land;false;plains;3
11542;29;211;1;land;false;plains;3
11543;50;184;1;land;false;plains;3
11544;13;165;1;land;false;plains;3
11545;3;217;1;land;false;plains;3
11546;42;186;1;land;false;plains;3
11547;146;37;1;land;false;mountain;3
11548;86;47;1;land;false;hills;3
11549;75;68;1;land;false;mountain;3
11550;132;47;1;land;false;hills;3
11551;126;38;1;land;false;hills;3
11552;110;185;1;land;false;forest;3
11553;97;178;1;land;true;plains;3
11554;34;189;1;land;false;forest;3
11555;30;139;1;land;false;forest;3
11556;13;129;1;land;false;forest;3
11557;26;185;1;land;false;forest;3
11558;38;152;1;land;false;forest;3
11559;2;179;1;land;false;forest;3
11560;47;173;1;land;false;forest;3
11561;0;72;1;land;false;desert;3
11562;55;51;1;land;false;plains;3
11563;36;108;1;land;false;desert;3
11564;24;63;1;land;false;plains;3
11565;30;53;1;land;false;desert;3
11566;9;97;1;land;false;desert;3
11567;42;81;1;land;false;plains;3
11568;31;41;1;land;false;plains;3
11569;6;56;1;land;false;plains;3
11570;52;102;1;land;false;plains;3
11571;45;44;1;land;false;plains;3
11572;53;105;1;land;false;desert;3
11573;44;87;1;land;false;plains;3
11574;30;57;1;land;false;desert;3
11575;31;50;1;land;false;desert;3
11576;35;54;1;land;false;desert;3
11577;145;206;1;land;false;plains;3
11578;170;178;1;land;false;plains;3
11579;206;216;1;land;false;plains;3
11580;85;128;1;land;false;jungle;3
11581;72;187;1;land;true;jungle;3
11582;134;134;1;land;false;forest;3
11583;109;158;1;land;false;forest;3
11584;69;149;1;land;true;jungle;3
11585;63;153;1;land;true;forest;3
11586;129;121;1;land;false;forest;3
11587;57;148;1;land;true;forest;3
11588;125;193;1;land;true;jungle;3
11589;94;145;1;land;true;forest;3
11590;97;167;1;land;false;forest;3
11591;68;151;1;land;false;jungle;3
11592;89;147;1;land;false;forest;3
11593;6;227;1;land;false;plains;3
11594;2;212;1;land;false;forest;3
11595;24;224;1;land;false;forest;3
11596;11;209;1;land;false;forest;3
11597;214;237;1;land;false;plains;3
11598;177;246;1;land;false;plains;3
11599;183;244;1;land;false;plains;3
11600;233;222;1;land;false;hills;3
11601;243;227;1;land;false;hills;3
11602;100;188;1;land;false;plains;3
11603;134;233;1;land;false;plains;3
11604;144;249;1;land;false;hills;3
11605;114;253;1;land;false;plains;3
11606;137;191;1;land;false;plains;3
11607;110;220;1;land;false;plains;3
11608;148;202;1;land;false;plains;3
11609;123;252;1;land;false;plains;3
11610;107;210;1;land;false;plains;3
11611;132;235;1;land;false;plains;3
11612;160;234;1;land;false;plains;3
11613;148;211;1;land;false;plains;3
11614;92;233;1;land;false;plains;3
11615;123;241;1;land;false;plains;3
11616;138;223;1;land;false;plains;3
11617;96;241;1;land;false;plains;3
11618;161;227;1;land;false;plains;3
11619;93;240;1;land;false;hills;3
11620;159;253;1;land;false;plains;3
11621;146;194;1;land;false;hills;3
11622;130;188;1;land;false;plains;3
11623;105;194;1;land;false;plains;3
11624;100;250;1;land;false;plains;3
11625;100;203;1;land;false;plains;3
11626;161;203;1;land;false;hills;3
11627;153;187;1;land;false;mountain;3
11628;207;224;1;land;false;hills;3
11629;174;206;1;land;false;mountain;3
11630;223;248;1;land;false;mountain;3
11631;163;209;1;land;false;hills;3
11632;199;223;1;land;false;hills;3
11633;176;190;1;land;false;mountain;3
11634;181;202;1;land;false;hills;3
11635;146;219;1;land;false;hills;3
11636;208;211;1;land;false;hills;3
11637;221;247;1;land;false;mountain;3
11638;173;204;1;land;false;desert;3
11639;152;214;1;land;false;plains;3
11640;196;254;1;land;false;mountain;3
11641;219;233;1;land;false;hills;3
11642;220;207;1;land;false;hills;3
11643;182;201;1;land;false;hills;3
11644;205;218;1;land;false;hills;3
11645;200;218;1;land;false;hills;3
11646;185;219;1;land;false;hills;3
11647;0;215;1;land;false;plains;3
11648;44;191;1;land;false;plains;3
11649;64;215;1;land;false;plains;3
11650;115;142;1;land;false;plains;3
11651;125;132;1;land;false;plains;3
11652;172;18;1;land;false;plains;3
11653;139;0;1;land;false;plains;3
11654;151;30;1;land;false;plains;3
11655;155;45;1;land;false;plains;3
11656;113;50;1;land;false;plains;3
11657;159;60;1;land;false;plains;3
11658;154;105;1;land;false;desert;3
11659;108;130;1;land;false;mountain;3
11660;111;167;1;land;false;hills;3
11661;108;142;1;land;false;mountain;3
11662;113;156;1;land;false;mountain;3
11663;110;124;1;land;false;hills;3
11664;81;150;1;land;false;hills;3
11665;115;115;1;land;false;plains;3
11666;101;131;1;land;false;mountain;3
11667;116;97;1;land;false;mountain;3
11668;105;147;1;land;false;mountain;3
11669;130;138;1;land;false;hills;3
11670;147;159;1;land;false;hills;3
11671;132;156;1;land;false;plains;3
11672;108;113;1;land;false;mountain;3
11673;150;145;1;land;false;hills;3
11674;109;155;1;land;false;hills;3
11675;88;98;1;land;false;hills;3
11676;85;105;1;land;false;mountain;3
11677;114;128;1;land;false;plains;3
11678;114;113;1;land;false;mountain;3
11679;123;112;1;land;false;hills;3
11680;155;133;1;land;false;mountain;3
11681;107;127;1;land;false;hills;3
11682;150;157;1;land;false;plains;3
11683;113;124;1;land;false;mountain;3
11684;140;149;1;land;false;hills;3
11685;122;162;1;land;false;mountain;3
11686;115;138;1;land;false;mountain;3
11687;197;99;1;land;false;plains;3
11688;177;71;1;land;false;plains;3
11689;234;71;1;land;false;plains;3
11690;120;126;1;land;false;plains;3
11691;18;182;1;land;false;plains;3
11692;28;203;1;land;false;plains;3
11693;21;172;1;land;false;plains;3
11694;134;40;1;land;false;plains;3
11695;10;72;1;land;false;plains;3
11696;21;75;1;land;false;plains;3
11697;19;102;1;land;false;plains;3
11698;33;116;1;land;false;plains;3
11699;7;128;1;land;false;plains;3
11700;202;133;1;land;false;hills;3
11701;140;92;1;land;false;plains;3
11702;209;88;1;land;false;plains;3
11703;154;152;1;land;false;plains;3
11704;198;103;1;land;false;plains;3
11705;160;91;1;land;false;plains;3
11706;155;129;1;land;false;plains;3
11707;188;112;1;land;true;hills;3
11708;146;102;1;land;false;plains;3
11709;148;94;1;land;false;plains;3
11710;169;87;1;land;false;plains;3
11711;144;104;1;land;false;plains;3
11712;148;140;1;land;false;forest;3
11713;224;217;1;land;false;plains;3
11714;180;192;1;land;false;plains;3
11715;190;190;1;land;false;plains;3
11716;88;192;1;land;false;hills;3
11717;52;203;1;land;false;desert;3
11718;76;160;1;land;false;hills;3
11719;87;156;1;land;false;mountain;3
11720;64;177;1;land;false;desert;3
11721;55;215;1;land;false;desert;3
11722;58;217;1;land;false;desert;3
11723;74;147;1;land;false;desert;3
11724;42;193;1;land;false;hills;3
11725;89;142;1;land;false;hills;3
11726;85;169;1;land;false;hills;3
11727;62;194;1;land;false;hills;3
11728;63;169;1;land;false;desert;3
11729;112;198;1;land;false;mountain;3
11730;87;193;1;land;false;desert;3
11731;80;216;1;land;false;hills;3
11732;110;197;1;land;false;desert;3
11733;113;146;1;land;false;hills;3
11734;33;67;1;land;false;plains;3
11735;18;43;1;land;false;plains;3
11736;48;78;1;land;false;plains;3
11737;21;101;1;land;false;plains;3
11738;4;99;1;land;false;plains;3
11739;253;143;1;land;false;plains;3
11740;215;178;1;land;false;plains;3
11741;228;133;1;land;false;plains;3
11742;217;204;1;land;false;plains;3
11743;230;154;1;land;false;plains;3
11744;237;30;1;land;true;plains;3
11745;241;46;1;land;false;forest;3
11746;233;104;1;land;true;jungle;3
11747;214;86;1;land;false;jungle;3
11748;217;60;1;land;true;forest;3
11749;215;66;1;land;false;plains;3
11750;247;70;1;land;true;forest;3
11751;215;99;1;land;false;plains;3
11752;240;99;1;land;false;jungle;3
11753;241;28;1;land;false;forest;3
11754;247;64;1;land;true;jungle;3
11755;217;55;1;land;true;plains;3
11756;213;32;1;land;false;plains;3
11757;207;133;1;land;false;plains;3
11758;237;131;1;land;false;hills;3
11759;244;148;1;land;false;hills;3
11760;198;199;1;land;false;hills;3
11761;230;135;1;land;false;hills;3
11762;240;157;1;land;false;hills;3
11763;217;168;1;land;false;plains;3
11764;207;136;1;land;false;hills;3
11765;213;175;1;land;false;plains;3
11766;252;171;1;land;false;hills;3
11767;209;204;1;land;false;hills;3
11768;237;130;1;land;false;hills;3
11769;224;196;1;land;false;plains;3
11770;247;187;1;land;false;hills;3
11771;206;154;1;land;false;plains;3
11772;60;168;1;land;false;forest;3
11773;46;153;1;land;false;forest;3
11774;3;172;1;land;false;forest;3
11775;198;87;1;land;false;plains;3
11776;177;72;1;land;false;plains;3
11777;183;31;1;land;false;plains;3
11778;231;13;1;land;false;plains;3
11779;173;33;1;land;false;plains;3
11780;205;159;1;land;false;hills;3
11781;192;164;1;land;false;plains;3
11782;228;182;1;land;false;hills;3
11783;177;146;1;land;false;plains;3
11784;81;138;1;land;false;plains;3
11785;58;173;1;land;false;plains;3
11786;233;154;1;land;false;desert;3
11787;210;136;1;land;false;mountain;3
11788;228;142;1;land;false;mountain;3
11789;203;174;1;land;false;mountain;3
11790;235;189;1;land;false;mountain;3
11791;206;156;1;land;false;hills;3
11792;212;142;1;land;false;hills;3
11793;219;206;1;land;false;desert;3
11794;198;138;1;land;false;desert;3
11795;221;189;1;land;false;hills;3
11796;252;146;1;land;false;mountain;3
11797;236;191;1;land;false;mountain;3
11798;241;143;1;land;false;mountain;3
11799;209;141;1;land;false;desert;3
11800;216;141;1;land;false;desert;3
11801;202;139;1;land;false;hills;3
11802;238;173;1;land;false;desert;3
11803;221;192;1;land;false;mountain;3
11804;211;175;1;land;false;hills;3
11805;198;142;1;land;false;hills;3
11806;243;159;1;land;false;mountain;3
11807;231;207;1;land;false;plains;3
11808;209;143;1;land;false;mountain;3
11809;241;204;1;land;false;mountain;3
11810;230;189;1;land;false;mountain;3
11811;229;161;1;land;false;mountain;3
11812;234;156;1;land;false;mountain;3
11813;245;199;1;land;false;hills;3
11814;210;149;1;land;false;desert;3
11815;252;135;1;land;false;hills;3
11816;210;173;1;land;false;desert;3
11817;249;165;1;land;false;hills;3
11818;206;130;1;land;false;desert;3
11819;206;141;1;land;false;mountain;3
11820;214;162;1;land;false;hills;3
11821;235;163;1;land;false;mountain;3
11822;227;166;1;land;false;desert;3
11823;209;133;1;land;false;hills;3
11824;20;36;1;land;false;hills;3
11825;16;35;1;land;false;plains;3
11826;19;1;1;land;false;hills;3
11827;41;37;1;land;false;plains;3
11828;18;0;1;land;false;plains;3
11829;14;36;1;land;false;plains;3
11830;30;43;1;land;false;plains;3
11831;40;37;1;land;false;plains;3
11832;11;9;1;land;false;hills;3
11833;63;94;1;land;false;plains;3
11834;195;224;1;land;false;plains;3
11835;153;192;1;land;false;plains;3
11836;148;231;1;land;false;plains;3
11837;166;206;1;land;false;hills;3
11838;152;240;1;land;false;plains;3
11839;185;215;1;land;false;mountain;3
11840;192;254;1;land;false;plains;3
11841;154;253;1;land;false;hills;3
11842;219;177;1;land;false;mountain;3
11843;203;226;1;land;false;hills;3
11844;101;246;1;land;false;plains;3
11845;75;170;1;land;false;plains;3
11846;65;193;1;land;false;plains;3
11847;109;206;1;land;false;plains;3
11848;66;195;1;land;false;plains;3
11849;63;195;1;land;false;plains;3
11850;84;178;1;land;false;desert;3
11851;103;196;1;land;false;plains;3
11852;73;199;1;land;false;desert;3
11853;58;180;1;land;false;desert;3
11854;56;172;1;land;false;plains;3
11855;126;199;1;land;false;plains;3
11856;86;236;1;land;false;desert;3
11857;75;164;1;land;false;desert;3
11858;76;214;1;land;false;desert;3
11859;51;199;1;land;false;plains;3
11860;111;185;1;land;false;desert;3
11861;117;214;1;land;false;desert;3
11862;103;210;1;land;false;plains;3
11863;86;211;1;land;false;desert;3
11864;122;237;1;land;false;plains;3
11865;122;236;1;land;false;desert;3
11866;125;221;1;land;false;plains;3
11867;119;223;1;land;false;desert;3
11868;51;203;1;land;false;desert;3
11869;72;172;1;land;false;desert;3
11870;77;207;1;land;false;plains;3
11871;155;91;1;land;false;forest;3
11872;142;27;1;land;false;forest;3
11873;163;41;1;land;false;forest;3
11874;146;72;1;land;false;plains;3
11875;115;39;1;land;false;forest;3
11876;160;73;1;land;false;plains;3
11877;169;79;1;land;false;plains;3
11878;117;84;1;land;false;forest;3
11879;127;20;1;land;false;plains;3
11880;135;85;1;land;false;forest;3
11881;103;59;1;land;false;forest;3
11882;56;113;1;land;false;forest;3
11883;183;66;1;land;false;plains;3
11884;203;23;1;land;false;forest;3
11885;229;77;1;land;false;forest;3
11886;166;8;1;land;false;forest;3
11887;164;46;1;land;false;forest;3
11888;231;84;1;land;false;forest;3
11889;195;15;1;land;false;forest;3
11890;80;201;1;land;false;mountain;3
11891;124;171;1;land;false;forest;3
11892;77;166;1;land;false;forest;3
11893;123;182;1;land;false;forest;3
11894;99;201;1;land;false;forest;3
11895;108;166;1;land;false;forest;3
11896;84;207;1;land;false;forest;3
11897;125;184;1;land;false;hills;3
11898;67;175;1;land;false;forest;3
11899;89;207;1;land;false;forest;3
11900;174;47;1;land;false;plains;3
11901;194;63;1;land;false;plains;3
11902;136;32;1;land;false;plains;3
11903;82;62;1;land;false;plains;3
11904;80;8;1;land;false;plains;3
11905;117;23;1;land;false;plains;3
11906;95;11;1;land;false;plains;3
11907;143;6;1;land;false;plains;3
11908;234;142;1;land;false;forest;3
11909;207;113;1;land;false;plains;3
11910;184;161;1;land;true;forest;3
11911;245;99;1;land;false;plains;3
11912;251;138;1;land;true;forest;3
11913;223;175;1;land;true;jungle;3
11914;179;126;1;land;true;jungle;3
11915;247;157;1;land;false;plains;3
11916;166;156;1;land;false;forest;3
11917;166;117;1;land;true;forest;3
11918;149;168;1;land;false;forest;3
11919;133;114;1;land;false;forest;3
11920;129;107;1;land;true;forest;3
11921;145;120;1;land;true;forest;3
11922;29;89;1;land;false;forest;3
11923;18;69;1;land;false;forest;3
11924;224;201;1;land;false;plains;3
11925;206;201;1;land;false;forest;3
11926;238;204;1;land;false;plains;3
11927;227;236;1;land;false;plains;3
11928;234;221;1;land;false;forest;3
11929;218;233;1;land;false;forest;3
11930;43;91;1;land;false;plains;3
11931;27;66;1;land;false;plains;3
11932;45;89;1;land;false;plains;3
11933;25;72;1;land;false;plains;3
11934;71;44;1;land;false;plains;3
11935;39;105;1;land;false;plains;3
11936;30;91;1;land;false;plains;3
11937;18;115;1;land;false;plains;3
11938;39;63;1;land;false;plains;3
11939;92;102;1;land;false;plains;3
11940;44;56;1;land;false;plains;3
11941;51;77;1;land;false;plains;3
11942;86;75;1;land;false;plains;3
11943;196;38;1;land;false;plains;3
11944;246;93;1;land;false;plains;3
11945;235;49;1;land;false;plains;3
11946;197;46;1;land;false;plains;3
11947;233;111;1;land;false;desert;3
11948;239;108;1;land;false;plains;3
11949;231;81;1;land;false;plains;3
11950;248;89;1;land;false;desert;3
11951;232;70;1;land;false;plains;3
11952;194;36;1;land;false;plains;3
11953;202;62;1;land;false;desert;3
11954;190;111;1;land;false;desert;3
11955;241;104;1;land;false;plains;3
11956;195;108;1;land;false;desert;3
11957;196;89;1;land;false;desert;3
11958;229;113;1;land;false;plains;3
11959;219;47;1;land;false;plains;3
11960;249;105;1;land;false;plains;3
11961;221;49;1;land;false;plains;3
11962;236;37;1;land;false;plains;3
11963;228;87;1;land;false;plains;3
11964;192;100;1;land;false;desert;3
11965;202;81;1;land;false;plains;3
11966;207;55;1;land;false;plains;3
11967;214;42;1;land;false;plains;3
11968;222;103;1;land;false;plains;3
11969;186;93;1;land;false;plains;3
11970;236;92;1;land;false;plains;3
11971;219;87;1;land;false;plains;3
11972;254;109;1;land;false;plains;3
11973;225;41;1;land;false;desert;3
11974;252;111;1;land;false;plains;3
11975;208;89;1;land;false;plains;3
11976;211;84;1;land;false;plains;3
11977;223;44;1;land;false;desert;3
11978;189;48;1;land;false;plains;3
11979;248;42;1;land;false;desert;3
11980;221;44;1;land;false;plains;3
11981;214;96;1;land;false;plains;3
11982;206;106;1;land;false;plains;3
11983;204;64;1;land;false;plains;3
11984;185;51;1;land;false;plains;3
11985;225;48;1;land;false;desert;3
11986;210;56;1;land;false;desert;3
11987;184;42;1;land;false;plains;3
11988;226;85;1;land;false;desert;3
11989;240;109;1;land;false;plains;3
11990;209;90;1;land;false;plains;3
11991;237;51;1;land;false;desert;3
11992;13;94;1;land;false;plains;3
11993;32;34;1;land;false;plains;3
11994;51;99;1;land;false;hills;3
11995;32;55;1;land;false;plains;3
11996;40;106;1;land;false;plains;3
11997;26;102;1;land;false;hills;3
11998;5;92;1;land;false;plains;3
11999;26;55;1;land;false;hills;3
12000;53;75;1;land;false;plains;3
12001;48;88;1;land;false;plains;3
12002;19;100;1;land;false;plains;3
12003;44;84;1;land;false;hills;3
12004;37;65;1;land;false;plains;3
12005;5;83;1;land;false;plains;3
12006;36;100;1;land;false;hills;3
12007;16;98;1;land;false;plains;3
12008;11;59;1;land;false;plains;3
12009;22;86;1;land;false;plains;3
12010;4;67;1;land;false;hills;3
12011;24;31;1;land;false;plains;3
12012;65;247;1;land;false;plains;3
12013;31;243;1;land;true;plains;3
12014;35;233;1;land;false;plains;3
12015;72;229;1;land;false;plains;3
12016;67;225;1;land;false;desert;3
12017;63;242;1;land;false;plains;3
12018;22;248;1;land;true;desert;3
12019;24;220;1;land;true;plains;3
12020;12;226;1;land;false;plains;3
12021;28;246;1;land;false;plains;3
12022;8;217;1;land;false;plains;3
12023;19;253;1;land;true;desert;3
12024;2;88;1;land;false;plains;3
12025;13;87;1;land;false;desert;3
12026;43;83;1;land;false;plains;3
12027;39;131;1;land;false;desert;3
12028;36;60;1;land;false;desert;3
12029;21;72;1;land;false;plains;3
12030;3;112;1;land;false;plains;3
12031;15;72;1;land;false;plains;3
12032;50;112;1;land;false;desert;3
12033;42;114;1;land;false;plains;3
12034;23;123;1;land;false;plains;3
12035;5;108;1;land;false;desert;3
12036;113;171;1;land;false;plains;3
12037;112;224;1;land;false;plains;3
12038;54;212;1;land;false;plains;3
12039;229;254;1;land;false;plains;3
12040;253;218;1;land;false;plains;3
12041;234;211;1;land;false;plains;3
12042;225;229;1;land;false;plains;3
12043;232;240;1;land;false;plains;3
12044;227;220;1;land;false;plains;3
12045;231;214;1;land;false;plains;3
12046;211;196;1;land;false;plains;3
12047;245;224;1;land;false;plains;3
12048;225;247;1;land;false;plains;3
12049;249;237;1;land;false;plains;3
12050;242;209;1;land;false;plains;3
12051;246;226;1;land;false;plains;3
12052;204;53;1;land;true;plains;3
12053;199;5;1;land;false;plains;3
12054;172;65;1;land;true;plains;3
12055;108;148;1;land;false;plains;3
12056;123;152;1;land;false;desert;3
12057;125;170;1;land;false;plains;3
12058;135;144;1;land;false;desert;3
12059;118;145;1;land;false;desert;3
12060;107;133;1;land;false;plains;3
12061;113;137;1;land;false;desert;3
12062;127;103;1;land;false;plains;3
12063;170;169;1;land;false;plains;3
12064;155;163;1;land;false;desert;3
12065;171;104;1;land;false;plains;3
12066;146;107;1;land;false;plains;3
12067;178;128;1;land;false;desert;3
12068;139;128;1;land;false;plains;3
12069;166;132;1;land;false;plains;3
12070;130;165;1;land;false;plains;3
12071;41;163;1;land;false;plains;3
12072;90;153;1;land;false;plains;3
12073;83;179;1;land;false;plains;3
12074;31;164;1;land;false;plains;3
12075;86;143;1;land;false;plains;3
12076;73;143;1;land;false;plains;3
12077;47;126;1;land;false;plains;3
12078;34;171;1;land;true;forest;3
12079;53;157;1;land;true;plains;3
12080;18;197;1;land;false;plains;3
12081;34;162;1;land;false;plains;3
12082;54;140;1;land;false;plains;3
12083;39;155;1;land;true;forest;3
12084;82;194;1;land;false;plains;3
12085;199;96;1;land;false;plains;3
12086;159;90;1;land;false;plains;3
12087;171;123;1;land;false;plains;3
12088;189;95;1;land;false;plains;3
12089;85;118;1;land;false;mountain;3
12090;130;104;1;land;false;desert;3
12091;130;157;1;land;false;desert;3
12092;65;84;1;land;false;desert;3
12093;113;97;1;land;false;desert;3
12094;109;109;1;land;false;desert;3
12095;129;149;1;land;false;desert;3
12096;105;132;1;land;false;hills;3
12097;133;141;1;land;false;desert;3
12098;76;135;1;land;false;desert;3
12099;109;148;1;land;false;desert;3
12100;87;80;1;land;false;desert;3
12101;70;147;1;land;false;desert;3
12102;126;143;1;land;false;desert;3
12103;100;103;1;land;false;desert;3
12104;143;102;1;land;false;desert;3
12105;91;82;1;land;false;desert;3
12106;90;133;1;land;false;desert;3
12107;73;153;1;land;false;hills;3
12108;90;86;1;land;false;desert;3
12109;133;108;1;land;false;desert;3
12110;122;104;1;land;false;desert;3
12111;94;89;1;land;false;desert;3
12112;140;122;1;land;false;desert;3
12113;134;155;1;land;false;desert;3
12114;85;129;1;land;false;desert;3
12115;74;92;1;land;false;desert;3
12116;100;100;1;land;false;desert;3
12117;125;112;1;land;false;desert;3
12118;106;151;1;land;false;desert;3
12119;65;91;1;land;false;desert;3
12120;95;88;1;land;false;desert;3
12121;114;155;1;land;false;desert;3
12122;98;87;1;land;false;desert;3
12123;102;91;1;land;false;desert;3
12124;69;133;1;land;false;mountain;3
12125;126;99;1;land;false;mountain;3
12126;83;103;1;land;false;desert;3
12127;79;153;1;land;false;desert;3
12128;73;120;1;land;false;desert;3
12129;115;122;1;land;false;desert;3
12130;67;91;1;land;false;desert;3
12131;117;135;1;land;false;desert;3
12132;117;147;1;land;false;hills;3
12133;136;131;1;land;false;desert;3
12134;88;128;1;land;false;desert;3
12135;79;101;1;land;false;mountain;3
12136;126;125;1;land;false;desert;3
12137;92;150;1;land;false;desert;3
12138;98;148;1;land;false;desert;3
12139;142;105;1;land;false;desert;3
12140;84;144;1;land;false;desert;3
12141;75;85;1;land;false;desert;3
12142;125;92;1;land;false;desert;3
12143;105;153;1;land;false;desert;3
12144;80;90;1;land;false;desert;3
12145;36;207;1;land;false;plains;3
12146;21;237;1;land;false;plains;3
12147;0;228;1;land;false;plains;3
12148;25;211;1;land;false;plains;3
12149;11;211;1;land;false;desert;3
12150;14;234;1;land;false;plains;3
12151;34;224;1;land;false;desert;3
12152;198;207;1;land;false;hills;3
12153;166;194;1;land;false;mountain;3
12154;148;230;1;land;false;hills;3
12155;161;233;1;land;false;hills;3
12156;208;235;1;land;false;forest;3
12157;163;206;1;land;false;hills;3
12158;132;232;1;land;false;hills;3
12159;176;218;1;land;false;mountain;3
12160;182;200;1;land;false;mountain;3
12161;12;86;1;land;false;plains;3
12162;43;88;1;land;false;plains;3
12163;5;42;1;land;false;plains;3
12164;27;101;1;land;false;plains;3
12165;47;82;1;land;false;plains;3
12166;54;88;1;land;false;plains;3
12167;225;249;1;land;false;forest;3
12168;112;122;1;land;false;plains;3
12169;117;134;1;land;false;plains;3
12170;241;62;1;land;false;plains;3
12171;231;66;1;land;false;plains;3
12172;252;62;1;land;false;desert;3
12173;215;114;1;land;false;desert;3
12174;231;85;1;land;false;desert;3
12175;219;48;1;land;false;plains;3
12176;223;51;1;land;false;desert;3
12177;238;59;1;land;false;desert;3
12178;218;79;1;land;false;desert;3
12179;241;103;1;land;false;plains;3
12180;246;100;1;land;false;plains;3
12181;229;76;1;land;false;plains;3
12182;217;89;1;land;false;plains;3
12183;252;75;1;land;false;plains;3
12184;247;66;1;land;false;plains;3
12185;247;75;1;land;false;desert;3
12186;204;68;1;land;false;desert;3
12187;220;40;1;land;false;plains;3
12188;223;53;1;land;false;plains;3
12189;223;99;1;land;false;desert;3
12190;231;193;1;land;false;plains;3
12191;254;237;1;land;false;plains;3
12192;219;214;1;land;false;plains;3
12193;232;237;1;land;false;plains;3
12194;250;213;1;land;false;plains;3
12195;220;190;1;land;false;plains;3
12196;236;237;1;land;false;plains;3
12197;187;229;1;land;false;plains;3
12198;204;190;1;land;false;forest;3
12199;192;235;1;land;false;plains;3
12200;216;201;1;land;false;plains;3
12201;59;23;1;land;false;plains;3
12202;100;52;1;land;false;plains;3
12203;37;55;1;land;false;plains;3
12204;101;55;1;land;false;plains;3
12205;105;0;1;land;false;plains;3
12206;70;21;1;land;false;plains;3
12207;105;52;1;land;false;plains;3
12208;88;41;1;land;false;desert;3
12209;41;28;1;land;false;desert;3
12210;93;8;1;land;false;plains;3
12211;36;30;1;land;false;plains;3
12212;82;5;1;land;false;plains;3
12213;103;6;1;land;false;plains;3
12214;88;16;1;land;false;plains;3
12215;79;0;1;land;false;plains;3
12216;44;33;1;land;false;plains;3
12217;69;24;1;land;false;plains;3
12218;34;37;1;land;false;plains;3
12219;232;167;1;land;false;hills;3
12220;200;171;1;land;false;plains;3
12221;181;166;1;land;false;plains;3
12222;244;189;1;land;false;plains;3
12223;224;188;1;land;false;plains;3
12224;187;143;1;land;false;plains;3
12225;204;166;1;land;false;hills;3
12226;251;162;1;land;false;plains;3
12227;199;120;1;land;false;plains;3
12228;180;123;1;land;false;plains;3
12229;176;130;1;land;false;plains;3
12230;185;182;1;land;false;plains;3
12231;221;134;1;land;false;hills;3
12232;238;160;1;land;false;hills;3
12233;250;115;1;land;false;plains;3
12234;241;139;1;land;false;plains;3
12235;214;189;1;land;false;plains;3
12236;242;177;1;land;false;plains;3
12237;225;178;1;land;false;plains;3
12238;234;155;1;land;false;plains;3
12239;176;145;1;land;false;plains;3
12240;243;143;1;land;false;plains;3
12241;233;142;1;land;false;hills;3
12242;8;18;1;land;false;desert;3
12243;23;2;1;land;false;hills;3
12244;16;40;1;land;false;desert;3
12245;21;15;1;land;false;hills;3
12246;25;15;1;land;false;desert;3
12247;81;216;1;land;false;plains;3
12248;81;252;1;land;false;forest;3
12249;31;246;1;land;false;plains;3
12250;124;101;1;land;false;forest;3
12251;157;119;1;land;false;forest;3
12252;114;156;1;land;false;plains;3
12253;116;94;1;land;false;plains;3
12254;177;127;1;land;false;plains;3
12255;107;103;1;land;true;forest;3
12256;119;19;1;land;false;forest;3
12257;120;53;1;land;false;forest;3
12258;153;47;1;land;false;forest;3
12259;138;41;1;land;false;forest;3
12260;135;47;1;land;false;forest;3
12261;150;35;1;land;false;forest;3
12262;147;4;1;land;false;forest;3
12263;79;21;1;land;false;forest;3
12264;154;218;1;land;true;desert;3
12265;201;186;1;land;false;plains;3
12266;143;185;1;land;true;plains;3
12267;128;249;1;land;true;plains;3
12268;159;221;1;land;false;plains;3
12269;126;241;1;land;true;plains;3
12270;182;244;1;land;false;desert;3
12271;193;249;1;land;true;plains;3
12272;149;232;1;land;false;plains;3
12273;248;92;1;land;false;forest;3
12274;239;61;1;land;true;plains;3
12275;198;75;1;land;false;plains;3
12276;204;89;1;land;true;forest;3
12277;247;69;1;land;true;plains;3
12278;226;103;1;land;false;plains;3
12279;231;63;1;land;false;forest;3
12280;215;64;1;land;true;plains;3
12281;176;103;1;land;false;desert;3
12282;162;81;1;land;false;hills;3
12283;159;110;1;land;false;hills;3
12284;151;121;1;land;false;hills;3
12285;143;104;1;land;false;desert;3
12286;108;110;1;land;false;hills;3
12287;160;129;1;land;false;hills;3
12288;127;114;1;land;false;hills;3
12289;127;144;1;land;false;hills;3
12290;149;111;1;land;false;hills;3
12291;177;102;1;land;false;hills;3
12292;122;94;1;land;false;hills;3
12293;166;141;1;land;false;desert;3
12294;180;121;1;land;false;desert;3
12295;149;104;1;land;false;desert;3
12296;158;29;1;land;false;hills;3
12297;154;52;1;land;false;plains;3
12298;164;18;1;land;false;plains;3
12299;207;85;1;land;false;hills;3
12300;199;90;1;land;false;hills;3
12301;178;69;1;land;false;hills;3
12302;199;79;1;land;false;hills;3
12303;188;32;1;land;false;plains;3
12304;164;22;1;land;false;plains;3
12305;138;83;1;land;false;plains;3
12306;212;20;1;land;false;hills;3
12307;140;91;1;land;false;mountain;3
12308;180;64;1;land;false;hills;3
12309;200;45;1;land;false;plains;3
12310;142;69;1;land;false;hills;3
12311;187;24;1;land;false;hills;3
12312;159;35;1;land;false;plains;3
12313;194;21;1;land;false;plains;3
12314;39;186;1;land;false;plains;3
12315;98;201;1;land;false;hills;3
12316;89;164;1;land;false;plains;3
12317;43;217;1;land;false;plains;3
12318;95;164;1;land;false;hills;3
12319;88;156;1;land;false;hills;3
12320;78;208;1;land;false;mountain;3
12321;42;221;1;land;false;plains;3
12322;54;154;1;land;false;plains;3
12323;82;212;1;land;false;hills;3
12324;68;208;1;land;false;hills;3
12325;105;197;1;land;false;plains;3
12326;130;205;1;land;false;plains;3
12327;23;25;1;land;false;mountain;3
12328;41;0;1;land;false;hills;3
12329;52;27;1;land;false;mountain;3
12330;31;0;1;land;false;hills;3
12331;18;19;1;land;false;plains;3
12332;49;34;1;land;false;hills;3
12333;34;10;1;land;false;hills;3
12334;46;22;1;land;false;desert;3
12335;12;12;1;land;false;plains;3
12336;10;2;1;land;false;plains;3
12337;24;13;1;land;false;hills;3
12338;21;1;1;land;false;hills;3
12339;25;4;1;land;false;hills;3
12340;17;16;1;land;false;hills;3
12341;23;0;1;land;false;plains;3
12342;0;25;1;land;false;plains;3
12343;42;32;1;land;false;hills;3
12344;46;11;1;land;false;plains;3
12345;19;14;1;land;false;desert;3
12346;23;21;1;land;false;hills;3
12347;32;24;1;land;false;plains;3
12348;22;10;1;land;false;hills;3
12349;3;15;1;land;false;desert;3
12350;1;0;1;land;false;hills;3
12351;9;25;1;land;false;plains;3
12352;40;39;1;land;false;hills;3
12353;4;39;1;land;false;mountain;3
12354;45;4;1;land;false;hills;3
12355;1;1;1;land;false;plains;3
12356;17;37;1;land;false;plains;3
12357;49;22;1;land;false;plains;3
12358;38;33;1;land;false;hills;3
12359;52;28;1;land;false;plains;3
12360;23;10;1;land;false;hills;3
12361;32;26;1;land;false;hills;3
12362;28;17;1;land;false;desert;3
12363;43;18;1;land;false;plains;3
12364;250;135;1;land;true;plains;3
12365;247;168;1;land;false;plains;3
12366;215;152;1;land;false;plains;3
12367;228;111;1;land;false;plains;3
12368;134;157;1;land;false;plains;3
12369;196;159;1;land;false;plains;3
12370;154;107;1;land;false;plains;3
12371;215;70;1;land;false;desert;3
12372;149;77;1;land;false;desert;3
12373;199;45;1;land;false;desert;3
12374;216;82;1;land;false;desert;3
12375;196;65;1;land;false;desert;3
12376;147;63;1;land;false;desert;3
12377;201;32;1;land;false;plains;3
12378;149;79;1;land;false;desert;3
12379;157;23;1;land;false;desert;3
12380;208;41;1;land;false;desert;3
12381;201;78;1;land;false;desert;3
12382;208;90;1;land;false;plains;3
12383;168;27;1;land;false;desert;3
12384;199;74;1;land;false;desert;3
12385;217;63;1;land;false;desert;3
12386;187;96;1;land;false;desert;3
12387;162;21;1;land;false;desert;3
12388;97;201;1;land;false;plains;3
12389;93;66;1;land;false;forest;3
12390;75;117;1;land;false;plains;3
12391;113;86;1;land;false;plains;3
12392;91;75;1;land;false;plains;3
12393;94;72;1;land;false;plains;3
12394;195;166;1;land;false;plains;3
12395;182;159;1;land;false;jungle;3
12396;146;160;1;land;false;plains;3
12397;153;190;1;land;false;forest;3
12398;143;235;1;land;false;plains;3
12399;193;212;1;land;false;jungle;3
12400;202;204;1;land;false;plains;3
12401;148;228;1;land;false;plains;3
12402;72;174;1;land;false;plains;3
12403;5;187;1;land;false;forest;3
12404;43;184;1;land;false;plains;3
12405;76;154;1;land;false;plains;3
12406;36;182;1;land;false;plains;3
12407;42;145;1;land;false;forest;3
12408;53;171;1;land;false;forest;3
12409;37;2;1;land;false;hills;3
12410;6;4;1;land;false;hills;3
12411;21;36;1;land;false;desert;3
12412;45;24;1;land;false;desert;3
12413;12;18;1;land;false;desert;3
12414;38;37;1;land;false;desert;3
12415;3;19;1;land;false;mountain;3
12416;20;29;1;land;false;hills;3
12417;51;28;1;land;false;desert;3
12418;51;6;1;land;false;plains;3
12419;50;31;1;land;false;desert;3
12420;32;7;1;land;false;plains;3
12421;48;27;1;land;false;plains;3
12422;28;225;1;land;false;plains;3
12423;28;237;1;land;false;forest;3
12424;247;124;1;land;false;plains;3
12425;233;211;1;land;true;plains;3
12426;242;238;1;land;false;plains;3
12427;247;246;1;land;false;plains;3
12428;197;228;1;land;false;plains;3
12429;210;249;1;land;true;plains;3
12430;234;234;1;land;false;plains;3
12431;253;227;1;land;false;plains;3
12432;210;236;1;land;false;plains;3
12433;209;237;1;land;false;plains;3
12434;54;144;1;land;true;plains;3
12435;83;171;1;land;false;plains;3
12436;66;182;1;land;false;plains;3
12437;34;172;1;land;false;plains;3
12438;56;150;1;land;false;hills;3
12439;42;156;1;land;false;plains;3
12440;84;174;1;land;false;plains;3
12441;39;200;1;land;false;plains;3
12442;42;181;1;land;true;plains;3
12443;51;150;1;land;false;plains;3
12444;85;181;1;land;false;plains;3
12445;97;207;1;land;false;hills;3
12446;34;212;1;land;true;plains;3
12447;49;173;1;land;false;plains;3
12448;92;209;1;land;true;plains;3
12449;49;177;1;land;false;plains;3
12450;58;214;1;land;false;plains;3
12451;21;195;1;land;false;plains;3
12452;71;198;1;land;false;plains;3
12453;38;183;1;land;false;plains;3
12454;55;178;1;land;true;plains;3
12455;69;191;1;land;false;plains;3
12456;74;170;1;land;true;plains;3
12457;71;224;1;land;false;plains;3
12458;64;163;1;land;false;plains;3
12459;34;218;1;land;false;plains;3
12460;78;181;1;land;false;plains;3
12461;47;219;1;land;false;hills;3
12462;25;223;1;land;false;plains;3
12463;75;189;1;land;true;plains;3
12464;59;217;1;land;true;plains;3
12465;68;223;1;land;false;plains;3
12466;58;164;1;land;true;plains;3
12467;74;223;1;land;false;plains;3
12468;44;148;1;land;false;plains;3
12469;65;178;1;land;false;plains;3
12470;80;190;1;land;false;hills;3
12471;23;150;1;land;false;plains;3
12472;35;196;1;land;false;plains;3
12473;26;177;1;land;false;plains;3
12474;81;215;1;land;false;plains;3
12475;66;156;1;land;false;plains;3
12476;76;147;1;land;false;plains;3
12477;52;175;1;land;false;plains;3
12478;79;218;1;land;false;plains;3
12479;92;19;1;land;false;desert;3
12480;150;37;1;land;false;plains;3
12481;122;71;1;land;false;desert;3
12482;138;42;1;land;false;plains;3
12483;109;43;1;land;false;desert;3
12484;153;71;1;land;false;plains;3
12485;140;6;1;land;false;plains;3
12486;124;66;1;land;false;plains;3
12487;117;33;1;land;false;desert;3
12488;78;151;1;land;false;plains;3
12489;126;210;1;land;false;forest;3
12490;122;211;1;land;false;forest;3
12491;121;202;1;land;false;plains;3
12492;98;186;1;land;false;forest;3
12493;53;215;1;land;true;plains;3
12494;71;235;1;land;false;plains;3
12495;92;220;1;land;false;plains;3
12496;56;232;1;land;false;plains;3
12497;85;239;1;land;true;plains;3
12498;69;230;1;land;false;plains;3
12499;48;234;1;land;false;plains;3
12500;19;233;1;land;false;plains;3
12501;65;226;1;land;false;plains;3
12502;84;245;1;land;false;plains;3
12503;73;236;1;land;false;plains;3
12504;45;235;1;land;false;plains;3
12505;41;254;1;land;false;plains;3
12506;71;248;1;land;true;hills;3
12507;77;254;1;land;true;plains;3
12508;246;127;1;land;false;plains;3
12509;59;64;1;land;false;hills;3
12510;93;84;1;land;false;plains;3
12511;54;65;1;land;false;plains;3
12512;48;95;1;land;false;plains;3
12513;59;126;1;land;false;plains;3
12514;106;97;1;land;false;plains;3
12515;2;249;1;land;true;plains;3
12516;49;236;1;land;false;plains;3
12517;45;236;1;land;false;plains;3
12518;21;252;1;land;false;plains;3
12519;3;234;1;land;false;plains;3
12520;5;248;1;land;false;plains;3
12521;16;236;1;land;false;plains;3
12522;27;249;1;land;false;plains;3
12523;22;233;1;land;false;plains;3
12524;135;227;1;land;false;desert;3
12525;153;165;1;land;false;desert;3
12526;120;216;1;land;false;desert;3
12527;175;234;1;land;false;desert;3
12528;173;212;1;land;false;desert;3
12529;167;224;1;land;false;desert;3
12530;127;191;1;land;false;desert;3
12531;178;187;1;land;false;desert;3
12532;185;161;1;land;false;desert;3
12533;119;199;1;land;false;desert;3
12534;134;196;1;land;false;desert;3
12535;182;202;1;land;false;desert;3
12536;155;232;1;land;false;desert;3
12537;137;231;1;land;false;desert;3
12538;120;155;1;land;false;desert;3
12539;155;203;1;land;false;desert;3
12540;159;233;1;land;false;desert;3
12541;176;219;1;land;false;desert;3
12542;153;160;1;land;false;hills;3
12543;142;177;1;land;false;desert;3
12544;171;183;1;land;false;desert;3
12545;113;170;1;land;false;hills;3
12546;111;224;1;land;false;desert;3
12547;182;228;1;land;false;hills;3
12548;177;205;1;land;false;desert;3
12549;159;178;1;land;false;desert;3
12550;172;212;1;land;false;hills;3
12551;118;158;1;land;false;desert;3
12552;176;234;1;land;false;desert;3
12553;122;174;1;land;false;desert;3
12554;167;175;1;land;false;desert;3
12555;140;226;1;land;false;desert;3
12556;180;215;1;land;false;desert;3
12557;142;157;1;land;false;desert;3
12558;149;233;1;land;false;hills;3
12559;151;207;1;land;false;desert;3
12560;139;156;1;land;false;plains;3
12561;146;214;1;land;false;desert;3
12562;146;225;1;land;false;desert;3
12563;160;188;1;land;false;desert;3
12564;180;164;1;land;false;desert;3
12565;122;168;1;land;false;desert;3
12566;154;186;1;land;false;desert;3
12567;164;182;1;land;false;hills;3
12568;183;231;1;land;false;hills;3
12569;112;162;1;land;false;desert;3
12570;176;179;1;land;false;desert;3
12571;181;181;1;land;false;hills;3
12572;170;155;1;land;false;desert;3
12573;124;217;1;land;false;desert;3
12574;150;170;1;land;false;desert;3
12575;142;214;1;land;false;desert;3
12576;156;224;1;land;false;desert;3
12577;147;174;1;land;false;desert;3
12578;154;73;1;land;false;plains;3
12579;150;11;1;land;false;plains;3
12580;97;8;1;land;false;forest;3
12581;170;34;1;land;false;plains;3
12582;135;30;1;land;false;forest;3
12583;163;28;1;land;false;plains;3
12584;124;1;1;land;false;plains;3
12585;112;74;1;land;false;plains;3
12586;135;67;1;land;false;plains;3
12587;101;71;1;land;false;plains;3
12588;114;67;1;land;false;forest;3
12589;152;73;1;land;false;forest;3
12590;101;22;1;land;false;forest;3
12591;139;72;1;land;false;plains;3
12592;95;65;1;land;false;forest;3
12593;116;173;1;land;false;hills;3
12594;132;181;1;land;false;mountain;3
12595;139;195;1;land;false;hills;3
12596;112;188;1;land;false;mountain;3
12597;132;189;1;land;false;hills;3
12598;102;141;1;land;false;mountain;3
12599;91;159;1;land;false;hills;3
12600;109;207;1;land;false;mountain;3
12601;99;156;1;land;false;mountain;3
12602;166;14;1;land;false;forest;3
12603;211;16;1;land;true;forest;3
12604;213;9;1;land;false;jungle;3
12605;181;65;1;land;true;forest;3
12606;218;6;1;land;true;forest;3
12607;170;9;1;land;true;forest;3
12608;229;6;1;land;true;forest;3
12609;161;50;1;land;true;jungle;3
12610;169;64;1;land;true;forest;3
12611;168;9;1;land;false;forest;3
12612;171;29;1;land;true;jungle;3
12613;185;2;1;land;false;forest;3
12614;126;9;1;land;false;plains;3
12615;131;27;1;land;true;forest;3
12616;175;9;1;land;true;forest;3
12617;118;50;1;land;false;forest;3
12618;122;3;1;land;true;forest;3
12619;201;210;1;land;false;hills;3
12620;231;217;1;land;false;plains;3
12621;208;223;1;land;false;plains;3
12622;154;207;1;land;false;plains;3
12623;195;234;1;land;false;plains;3
12624;169;190;1;land;false;plains;3
12625;178;191;1;land;false;plains;3
12626;42;119;1;land;true;forest;3
12627;3;139;1;land;false;plains;3
12628;18;144;1;land;true;plains;3
12629;26;115;1;land;true;plains;3
12630;41;125;1;land;false;plains;3
12631;39;130;1;land;false;plains;3
12632;185;169;1;land;false;hills;3
12633;146;163;1;land;false;plains;3
12634;140;170;1;land;false;plains;3
12635;199;157;1;land;false;plains;3
12636;188;115;1;land;false;plains;3
12637;148;174;1;land;false;plains;3
12638;150;99;1;land;false;hills;3
12639;155;161;1;land;false;plains;3
12640;210;133;1;land;false;mountain;3
12641;192;114;1;land;false;plains;3
12642;152;166;1;land;false;plains;3
12643;148;123;1;land;false;hills;3
12644;199;158;1;land;false;hills;3
12645;158;134;1;land;false;plains;3
12646;95;30;1;land;false;plains;3
12647;96;48;1;land;false;plains;3
12648;86;9;1;land;false;plains;3
12649;32;6;1;land;false;plains;3
12650;54;20;1;land;false;plains;3
12651;36;25;1;land;false;plains;3
12652;43;5;1;land;false;plains;3
12653;43;32;1;land;false;plains;3
12654;37;94;1;land;false;plains;3
12655;47;52;1;land;false;plains;3
12656;29;48;1;land;false;plains;3
12657;18;82;1;land;false;plains;3
12658;134;30;1;land;false;plains;3
12659;135;7;1;land;false;plains;3
12660;83;16;1;land;false;plains;3
12661;80;18;1;land;false;plains;3
12662;127;21;1;land;false;plains;3
12663;111;5;1;land;false;plains;3
12664;72;16;1;land;false;plains;3
12665;122;10;1;land;false;plains;3
12666;94;7;1;land;false;plains;3
12667;85;27;1;land;false;plains;3
12668;76;10;1;land;false;plains;3
12669;117;20;1;land;false;plains;3
12670;132;29;1;land;false;plains;3
12671;16;16;1;land;false;plains;3
12672;131;83;1;land;false;desert;3
12673;104;129;1;land;false;desert;3
12674;107;92;1;land;false;desert;3
12675;103;122;1;land;false;hills;3
12676;87;125;1;land;false;desert;3
12677;130;141;1;land;false;hills;3
12678;142;124;1;land;false;desert;3
12679;153;120;1;land;false;hills;3
12680;87;132;1;land;false;hills;3
12681;122;101;1;land;false;desert;3
12682;152;114;1;land;false;hills;3
12683;151;127;1;land;false;desert;3
12684;137;100;1;land;false;desert;3
12685;158;138;1;land;false;desert;3
12686;136;151;1;land;false;desert;3
12687;97;138;1;land;false;desert;3
12688;118;90;1;land;false;desert;3
12689;125;104;1;land;false;desert;3
12690;140;96;1;land;false;plains;3
12691;160;107;1;land;false;hills;3
12692;96;88;1;land;false;desert;3
12693;119;89;1;land;false;desert;3
12694;86;155;1;land;false;hills;3
12695;104;133;1;land;false;desert;3
12696;153;139;1;land;false;desert;3
12697;127;86;1;land;false;forest;3
12698;127;128;1;land;false;forest;3
12699;140;181;1;land;false;forest;3
12700;124;126;1;land;true;forest;3
12701;93;117;1;land;false;forest;3
12702;131;158;1;land;false;forest;3
12703;169;180;1;land;false;forest;3
12704;106;159;1;land;false;forest;3
12705;167;169;1;land;true;forest;3
12706;105;163;1;land;false;forest;3
12707;144;141;1;land;false;forest;3
12708;170;106;1;land;false;forest;3
12709;91;128;1;land;false;forest;3
12710;185;38;1;land;false;plains;3
12711;148;21;1;land;false;plains;3
12712;198;61;1;land;false;plains;3
12713;42;39;1;land;false;hills;3
12714;35;29;1;land;false;hills;3
12715;15;6;1;land;false;mountain;3
12716;54;8;1;land;false;hills;3
12717;53;26;1;land;false;hills;3
12718;65;13;1;land;false;hills;3
12719;28;28;1;land;false;hills;3
12720;63;34;1;land;false;plains;3
12721;47;4;1;land;false;hills;3
12722;32;28;1;land;false;hills;3
12723;38;25;1;land;false;hills;3
12724;45;41;1;land;false;hills;3
12725;163;100;1;land;false;plains;3
12726;186;159;1;land;false;plains;3
12727;189;118;1;land;false;plains;3
12728;168;200;1;land;true;plains;3
12729;141;208;1;land;false;plains;3
12730;135;221;1;land;false;plains;3
12731;155;247;1;land;true;plains;3
12732;138;199;1;land;false;plains;3
12733;175;213;1;land;false;plains;3
12734;90;151;1;land;false;plains;3
12735;28;177;1;land;false;plains;3
12736;57;131;1;land;false;plains;3
12737;35;137;1;land;false;plains;3
12738;103;123;1;land;false;plains;3
12739;72;168;1;land;false;plains;3
12740;81;164;1;land;false;plains;3
12741;56;125;1;land;false;plains;3
12742;0;136;1;land;false;plains;3
12743;5;177;1;land;false;plains;3
12744;31;125;1;land;false;plains;3
12745;133;240;1;land;false;plains;3
12746;147;252;1;land;false;plains;3
12747;153;232;1;land;false;plains;3
12748;191;220;1;land;false;plains;3
12749;172;211;1;land;false;plains;3
12750;157;207;1;land;false;plains;3
12751;228;214;1;land;false;jungle;3
12752;201;231;1;land;false;plains;3
12753;158;190;1;land;false;jungle;3
12754;164;207;1;land;false;plains;3
12755;192;215;1;land;false;plains;3
12756;180;216;1;land;false;jungle;3
12757;221;214;1;land;false;hills;3
12758;156;244;1;land;false;plains;3
12759;226;198;1;land;false;forest;3
12760;232;223;1;land;false;plains;3
12761;197;212;1;land;false;jungle;3
12762;184;226;1;land;true;plains;3
12763;140;192;1;land;false;plains;3
12764;165;202;1;land;true;plains;3
12765;128;202;1;land;false;plains;3
12766;33;108;1;land;false;plains;3
12767;37;81;1;land;false;plains;3
12768;31;89;1;land;false;plains;3
12769;22;55;1;land;false;plains;3
12770;0;69;1;land;false;plains;3
12771;20;120;1;land;false;plains;3
12772;3;61;1;land;false;plains;3
12773;38;109;1;land;false;plains;3
12774;28;94;1;land;false;plains;3
12775;48;115;1;land;false;plains;3
12776;51;116;1;land;false;plains;3
12777;19;122;1;land;false;plains;3
12778;16;73;1;land;false;plains;3
12779;28;58;1;land;false;plains;3
12780;165;47;1;land;false;plains;3
12781;158;88;1;land;false;plains;3
12782;153;87;1;land;false;plains;3
12783;62;136;1;land;false;plains;3
12784;63;130;1;land;false;plains;3
12785;62;143;1;land;false;plains;3
12786;89;150;1;land;false;plains;3
12787;150;32;1;land;false;plains;3
12788;176;59;1;land;false;plains;3
12789;185;24;1;land;false;plains;3
12790;196;33;1;land;false;plains;3
12791;45;93;1;land;false;desert;3
12792;59;102;1;land;true;desert;3
12793;67;97;1;land;false;desert;3
12794;32;132;1;land;false;desert;3
12795;91;80;1;land;false;desert;3
12796;62;154;1;land;true;desert;3
12797;18;99;1;land;false;desert;3
12798;19;114;1;land;true;desert;3
12799;92;109;1;land;false;desert;3
12800;58;138;1;land;true;desert;3
12801;85;80;1;land;true;desert;3
12802;27;146;1;land;false;desert;3
12803;72;147;1;land;false;desert;3
12804;72;129;1;land;false;desert;3
12805;25;134;1;land;true;desert;3
12806;63;82;1;land;false;desert;3
12807;24;79;1;land;true;desert;3
12808;237;204;1;land;true;forest;3
12809;245;230;1;land;true;plains;3
12810;33;140;1;land;false;forest;3
12811;19;129;1;land;false;plains;3
12812;27;163;1;land;false;forest;3
12813;46;165;1;land;false;forest;3
12814;3;179;1;land;false;forest;3
12815;166;166;1;land;false;hills;3
12816;223;112;1;land;false;plains;3
12817;168;137;1;land;false;plains;3
12818;191;150;1;land;false;forest;3
12819;190;101;1;land;false;forest;3
12820;50;88;1;land;true;plains;3
12821;48;61;1;land;true;plains;3
12822;38;125;1;land;true;plains;3
12823;229;196;1;land;false;plains;3
12824;197;237;1;land;false;plains;3
12825;248;217;1;land;false;plains;3
12826;233;192;1;land;false;plains;3
12827;236;208;1;land;false;plains;3
12828;197;222;1;land;false;plains;3
12829;5;186;1;land;false;plains;3
12830;44;157;1;land;false;plains;3
12831;43;170;1;land;false;plains;3
12832;2;155;1;land;false;desert;3
12833;5;182;1;land;false;plains;3
12834;24;146;1;land;false;desert;3
12835;17;221;1;land;false;desert;3
12836;18;219;1;land;false;plains;3
12837;7;183;1;land;false;plains;3
12838;33;164;1;land;false;hills;3
12839;54;214;1;land;false;hills;3
12840;12;210;1;land;false;hills;3
12841;55;210;1;land;false;hills;3
12842;19;137;1;land;false;mountain;3
12843;48;204;1;land;false;mountain;3
12844;16;154;1;land;false;mountain;3
12845;43;166;1;land;false;mountain;3
12846;86;207;1;land;false;desert;3
12847;59;162;1;land;false;mountain;3
12848;70;204;1;land;false;mountain;3
12849;63;177;1;land;false;mountain;3
12850;51;141;1;land;false;mountain;3
12851;53;197;1;land;false;hills;3
12852;17;189;1;land;false;hills;3
12853;80;200;1;land;false;mountain;3
12854;51;192;1;land;false;hills;3
12855;182;131;1;land;false;plains;3
12856;245;195;1;land;false;plains;3
12857;219;176;1;land;false;plains;3
12858;205;138;1;land;false;plains;3
12859;220;164;1;land;false;plains;3
12860;173;169;1;land;false;plains;3
12861;231;147;1;land;false;plains;3
12862;45;40;1;land;false;hills;3
12863;9;79;1;land;false;forest;3
12864;7;74;1;land;false;hills;3
12865;12;63;1;land;false;plains;3
12866;57;92;1;land;false;hills;3
12867;15;56;1;land;false;forest;3
12868;4;48;1;land;false;hills;3
12869;54;64;1;land;false;forest;3
12870;83;26;1;land;false;plains;3
12871;46;20;1;land;false;plains;3
12872;78;22;1;land;false;plains;3
12873;109;13;1;land;false;desert;3
12874;97;43;1;land;false;desert;3
12875;83;24;1;land;false;plains;3
12876;55;22;1;land;false;desert;3
12877;86;44;1;land;false;plains;3
12878;57;32;1;land;false;desert;3
12879;112;42;1;land;false;plains;3
12880;5;54;1;land;false;plains;3
12881;45;12;1;land;false;desert;3
12882;39;1;1;land;false;plains;3
12883;47;54;1;land;false;desert;3
12884;195;121;1;land;false;plains;3
12885;245;105;1;land;false;plains;3
12886;231;115;1;land;false;plains;3
12887;40;247;1;land;false;plains;3
12888;58;250;1;land;false;plains;3
12889;30;253;1;land;false;plains;3
12890;16;215;1;land;false;plains;3
12891;34;237;1;land;false;plains;3
12892;24;223;1;land;false;plains;3
12893;20;250;1;land;false;plains;3
12894;239;243;1;land;false;plains;3
12895;244;241;1;land;false;desert;3
12896;241;242;1;land;false;plains;3
12897;226;253;1;land;false;desert;3
12898;254;205;1;land;false;desert;3
12899;213;213;1;land;false;plains;3
12900;237;212;1;land;false;desert;3
12901;217;244;1;land;false;desert;3
12902;215;222;1;land;false;desert;3
12903;224;223;1;land;false;plains;3
12904;243;237;1;land;false;plains;3
12905;202;205;1;land;false;desert;3
12906;243;197;1;land;false;desert;3
12907;234;215;1;land;false;desert;3
12908;243;206;1;land;false;desert;3
12909;237;240;1;land;false;desert;3
12910;200;213;1;land;false;plains;3
12911;221;237;1;land;false;plains;3
12912;198;240;1;land;false;plains;3
12913;235;249;1;land;false;desert;3
12914;197;225;1;land;false;desert;3
12915;246;207;1;land;false;plains;3
12916;221;254;1;land;false;hills;3
12917;199;215;1;land;false;plains;3
12918;231;213;1;land;false;plains;3
12919;249;219;1;land;false;plains;3
12920;212;231;1;land;false;plains;3
12921;247;229;1;land;false;plains;3
12922;252;219;1;land;false;desert;3
12923;230;252;1;land;false;plains;3
12924;199;252;1;land;false;plains;3
12925;207;231;1;land;false;plains;3
12926;207;230;1;land;false;desert;3
12927;227;233;1;land;false;desert;3
12928;193;242;1;land;false;desert;3
12929;242;208;1;land;false;desert;3
12930;195;222;1;land;false;plains;3
12931;205;235;1;land;false;desert;3
12932;194;210;1;land;false;desert;3
12933;239;234;1;land;false;plains;3
12934;238;228;1;land;false;desert;3
12935;193;201;1;land;false;plains;3
12936;198;251;1;land;false;desert;3
12937;203;210;1;land;false;plains;3
12938;218;213;1;land;false;desert;3
12939;195;215;1;land;false;desert;3
12940;225;208;1;land;false;desert;3
12941;207;208;1;land;false;desert;3
12942;102;210;1;land;false;plains;3
12943;143;126;1;land;false;plains;3
12944;126;106;1;land;false;plains;3
12945;124;77;1;land;false;plains;3
12946;151;119;1;land;false;plains;3
12947;127;146;1;land;false;plains;3
12948;123;163;1;land;false;plains;3
12949;173;171;1;land;false;plains;3
12950;178;107;1;land;false;plains;3
12951;138;119;1;land;false;plains;3
12952;178;124;1;land;false;plains;3
12953;164;76;1;land;true;plains;3
12954;169;66;1;land;false;hills;3
12955;158;46;1;land;false;plains;3
12956;187;68;1;land;false;plains;3
12957;201;30;1;land;false;hills;3
12958;150;52;1;land;true;plains;3
12959;209;68;1;land;true;plains;3
12960;180;3;1;land;true;plains;3
12961;174;11;1;land;false;plains;3
12962;186;49;1;land;false;hills;3
12963;188;9;1;land;false;plains;3
12964;164;38;1;land;false;hills;3
12965;184;44;1;land;true;plains;3
12966;173;31;1;land;false;plains;3
12967;203;18;1;land;true;plains;3
12968;146;69;1;land;false;plains;3
12969;219;44;1;land;false;plains;3
12970;149;42;1;land;false;hills;3
12971;211;71;1;land;true;plains;3
12972;211;34;1;land;true;plains;3
12973;187;46;1;land;false;plains;3
12974;207;42;1;land;false;plains;3
12975;178;10;1;land;false;plains;3
12976;73;150;1;land;false;hills;3
12977;46;200;1;land;false;plains;3
12978;43;194;1;land;false;hills;3
12979;91;145;1;land;false;plains;3
12980;71;150;1;land;false;plains;3
12981;46;186;1;land;false;plains;3
12982;58;160;1;land;false;mountain;3
12983;90;0;1;land;false;plains;3
12984;61;5;1;land;false;forest;3
12985;73;16;1;land;false;forest;3
12986;233;223;1;land;false;plains;3
12987;224;248;1;land;false;plains;3
12988;225;233;1;land;false;plains;3
12989;236;225;1;land;false;plains;3
12990;239;178;1;land;false;plains;3
12991;252;236;1;land;false;plains;3
12992;222;211;1;land;false;plains;3
12993;110;9;1;land;false;plains;3
12994;104;24;1;land;false;plains;3
12995;134;55;1;land;false;plains;3
12996;57;22;1;land;false;plains;3
12997;62;9;1;land;false;plains;3
12998;70;75;1;land;false;plains;3
12999;68;11;1;land;false;plains;3
13000;63;47;1;land;false;plains;3
13001;133;61;1;land;false;plains;3
13002;129;16;1;land;false;plains;3
13003;90;21;1;land;false;plains;3
13004;204;29;1;land;false;plains;3
13005;203;7;1;land;false;plains;3
13006;252;23;1;land;false;plains;3
13007;226;16;1;land;false;plains;3
13008;242;13;1;land;false;plains;3
13009;209;16;1;land;false;plains;3
13010;28;218;1;land;false;plains;3
13011;14;196;1;land;false;plains;3
13012;21;186;1;land;false;plains;3
13013;14;186;1;land;false;plains;3
13014;48;174;1;land;false;plains;3
13015;20;181;1;land;false;plains;3
13016;15;183;1;land;false;plains;3
13017;70;53;1;land;false;plains;3
13018;62;66;1;land;false;plains;3
13019;2;87;1;land;false;plains;3
13020;119;105;1;land;false;hills;3
13021;64;80;1;land;false;plains;3
13022;118;88;1;land;false;desert;3
13023;67;37;1;land;false;plains;3
13024;116;43;1;land;false;plains;3
13025;62;103;1;land;false;plains;3
13026;114;93;1;land;false;desert;3
13027;118;97;1;land;false;plains;3
13028;79;83;1;land;false;plains;3
13029;81;107;1;land;false;forest;3
13030;60;76;1;land;false;desert;3
13031;123;123;1;land;false;plains;3
13032;138;112;1;land;false;plains;3
13033;123;95;1;land;false;plains;3
13034;127;133;1;land;false;plains;3
13035;130;103;1;land;false;plains;3
13036;196;123;1;land;false;plains;3
13037;154;106;1;land;false;plains;3
13038;122;112;1;land;false;plains;3
13039;72;106;1;land;false;plains;3
13040;72;57;1;land;false;plains;3
13041;39;93;1;land;false;plains;3
13042;6;99;1;land;false;plains;3
13043;53;97;1;land;false;plains;3
13044;69;75;1;land;false;plains;3
13045;25;81;1;land;false;plains;3
13046;186;186;1;land;false;plains;3
13047;238;165;1;land;false;jungle;3
13048;179;158;1;land;false;plains;3
13049;229;225;1;land;false;plains;3
13050;166;159;1;land;false;plains;3
13051;175;196;1;land;false;forest;3
13052;173;224;1;land;false;plains;3
13053;191;169;1;land;false;plains;3
13054;172;182;1;land;false;plains;3
13055;180;196;1;land;false;plains;3
13056;204;230;1;land;false;forest;3
13057;177;232;1;land;false;desert;3
13058;180;162;1;land;false;plains;3
13059;229;229;1;land;false;plains;3
13060;177;166;1;land;false;plains;3
13061;208;210;1;land;false;plains;3
13062;230;178;1;land;false;plains;3
13063;227;181;1;land;false;plains;3
13064;57;74;1;land;false;plains;3
13065;74;72;1;land;false;plains;3
13066;116;61;1;land;false;plains;3
13067;163;26;1;land;false;mountain;3
13068;128;8;1;land;false;mountain;3
13069;143;65;1;land;false;mountain;3
13070;94;47;1;land;false;mountain;3
13071;157;59;1;land;false;mountain;3
13072;165;0;1;land;false;mountain;3
13073;139;69;1;land;false;mountain;3
13074;91;0;1;land;false;mountain;3
13075;135;22;1;land;false;mountain;3
13076;134;65;1;land;false;mountain;3
13077;106;63;1;land;false;mountain;3
13078;103;21;1;land;false;hills;3
13079;168;18;1;land;false;hills;3
13080;126;66;1;land;false;hills;3
13081;126;19;1;land;false;mountain;3
13082;89;41;1;land;false;mountain;3
13083;143;0;1;land;false;hills;3
13084;139;58;1;land;false;mountain;3
13085;96;56;1;land;false;mountain;3
13086;159;19;1;land;false;hills;3
13087;149;44;1;land;false;hills;3
13088;113;52;1;land;false;mountain;3
13089;112;30;1;land;false;mountain;3
13090;56;4;1;land;false;forest;3
13091;42;12;1;land;true;forest;3
13092;40;23;1;land;true;forest;3
13093;49;41;1;land;false;desert;3
13094;66;39;1;land;false;forest;3
13095;77;58;1;land;true;forest;3
13096;15;27;1;land;false;forest;3
13097;17;5;1;land;false;plains;3
13098;40;30;1;land;true;forest;3
13099;56;6;1;land;true;forest;3
13100;229;49;1;land;false;plains;2
13101;71;231;1;land;false;plains;2
13102;52;208;1;land;false;forest;2
13103;98;200;1;land;false;forest;2
13104;53;254;1;land;false;forest;2
13105;96;202;1;land;true;forest;2
13106;50;231;1;land;false;hills;2
13107;145;94;1;land;false;forest;2
13108;196;87;1;land;false;forest;2
13109;170;71;1;land;false;forest;2
13110;140;128;1;land;false;forest;2
13111;181;119;1;land;false;forest;2
13112;205;107;1;land;false;plains;2
13113;176;94;1;land;false;forest;2
13114;1;72;1;land;false;plains;2
13115;14;8;1;land;false;plains;2
13116;43;24;1;land;false;plains;2
13117;39;21;1;land;false;plains;2
13118;4;66;1;land;false;plains;2
13119;11;24;1;land;false;plains;2
13120;38;46;1;land;false;plains;2
13121;17;41;1;land;false;plains;2
13122;16;76;1;land;false;plains;2
13123;25;6;1;land;false;forest;2
13124;2;4;1;land;false;plains;2
13125;1;9;1;land;false;plains;2
13126;12;62;1;land;false;plains;2
13127;42;19;1;land;false;plains;2
13128;90;175;1;land;false;plains;2
13129;14;105;1;land;false;desert;2
13130;35;145;1;land;false;plains;2
13131;40;137;1;land;false;plains;2
13132;19;170;1;land;false;plains;2
13133;66;127;1;land;false;plains;2
13134;16;110;1;land;false;plains;2
13135;36;150;1;land;false;plains;2
13136;54;153;1;land;false;plains;2
13137;86;147;1;land;false;plains;2
13138;19;131;1;land;false;desert;2
13139;54;127;1;land;false;plains;2
13140;51;103;1;land;false;plains;2
13141;78;141;1;land;false;plains;2
13142;27;147;1;land;false;plains;2
13143;83;161;1;land;false;plains;2
13144;77;129;1;land;false;desert;2
13145;80;116;1;land;false;plains;2
13146;89;159;1;land;false;plains;2
13147;38;98;1;land;false;plains;2
13148;75;140;1;land;false;desert;2
13149;52;141;1;land;false;desert;2
13150;32;171;1;land;false;plains;2
13151;48;144;1;land;false;plains;2
13152;61;162;1;land;false;plains;2
13153;74;98;1;land;false;desert;2
13154;13;105;1;land;false;plains;2
13155;66;107;1;land;false;plains;2
13156;67;177;1;land;false;desert;2
13157;59;147;1;land;false;plains;2
13158;49;118;1;land;false;plains;2
13159;18;171;1;land;false;plains;2
13160;41;120;1;land;false;desert;2
13161;72;101;1;land;false;plains;2
13162;64;109;1;land;false;plains;2
13163;53;124;1;land;false;plains;2
13164;57;128;1;land;false;plains;2
13165;83;165;1;land;false;plains;2
13166;61;158;1;land;false;plains;2
13167;71;151;1;land;false;plains;2
13168;72;144;1;land;false;plains;2
13169;22;153;1;land;false;forest;2
13170;175;95;1;land;false;forest;2
13171;91;201;1;land;false;plains;2
13172;86;228;1;land;false;plains;2
13173;92;82;1;land;false;plains;2
13174;105;64;1;land;false;plains;2
13175;69;78;1;land;false;plains;2
13176;77;133;1;land;false;plains;2
13177;87;128;1;land;false;plains;2
13178;112;180;1;land;false;plains;2
13179;97;140;1;land;false;plains;2
13180;87;138;1;land;false;plains;2
13181;81;175;1;land;false;plains;2
13182;119;185;1;land;false;plains;2
13183;102;146;1;land;false;plains;2
13184;95;145;1;land;false;plains;2
13185;135;184;1;land;false;plains;2
13186;56;66;1;land;false;forest;2
13187;40;74;1;land;false;forest;2
13188;16;87;1;land;false;plains;2
13189;33;73;1;land;false;forest;2
13190;121;159;1;land;false;plains;2
13191;194;204;1;land;false;plains;2
13192;182;205;1;land;false;plains;2
13193;171;170;1;land;false;plains;2
13194;175;157;1;land;false;plains;2
13195;190;176;1;land;false;plains;2
13196;65;143;1;land;false;plains;2
13197;78;133;1;land;false;plains;2
13198;34;110;1;land;false;plains;2
13199;44;176;1;land;false;plains;2
13200;50;146;1;land;false;plains;2
13201;76;173;1;land;false;plains;2
13202;96;146;1;land;false;plains;2
13203;221;238;1;land;false;forest;2
13204;41;38;1;land;false;plains;2
13205;36;46;1;land;false;plains;2
13206;142;190;1;land;false;plains;2
13207;156;199;1;land;false;desert;2
13208;156;183;1;land;false;desert;2
13209;98;179;1;land;false;desert;2
13210;155;139;1;land;false;desert;2
13211;102;127;1;land;false;desert;2
13212;116;167;1;land;false;desert;2
13213;122;154;1;land;false;desert;2
13214;110;133;1;land;false;desert;2
13215;135;131;1;land;false;desert;2
13216;132;133;1;land;false;desert;2
13217;149;185;1;land;false;desert;2
13218;88;174;1;land;false;desert;2
13219;94;120;1;land;false;desert;2
13220;102;191;1;land;false;desert;2
13221;144;170;1;land;false;desert;2
13222;126;196;1;land;false;desert;2
13223;121;160;1;land;false;desert;2
13224;125;185;1;land;false;desert;2
13225;122;175;1;land;false;desert;2
13226;113;195;1;land;false;desert;2
13227;122;161;1;land;false;desert;2
13228;128;135;1;land;false;desert;2
13229;119;170;1;land;false;desert;2
13230;151;125;1;land;false;desert;2
13231;113;123;1;land;false;desert;2
13232;109;138;1;land;false;desert;2
13233;139;168;1;land;false;desert;2
13234;125;146;1;land;false;desert;2
13235;129;135;1;land;false;desert;2
13236;95;123;1;land;false;desert;2
13237;137;138;1;land;false;desert;2
13238;87;145;1;land;false;desert;2
13239;98;135;1;land;false;desert;2
13240;105;121;1;land;false;desert;2
13241;139;138;1;land;false;desert;2
13242;116;195;1;land;false;desert;2
13243;156;142;1;land;false;desert;2
13244;145;160;1;land;false;desert;2
13245;153;186;1;land;false;desert;2
13246;146;132;1;land;false;desert;2
13247;133;191;1;land;false;desert;2
13248;96;127;1;land;false;desert;2
13249;140;200;1;land;false;desert;2
13250;160;128;1;land;false;desert;2
13251;133;146;1;land;false;desert;2
13252;140;137;1;land;false;desert;2
13253;153;146;1;land;false;desert;2
13254;101;163;1;land;false;desert;2
13255;93;185;1;land;false;desert;2
13256;154;163;1;land;false;desert;2
13257;148;176;1;land;false;desert;2
13258;132;170;1;land;false;desert;2
13259;81;128;1;land;false;desert;2
13260;139;183;1;land;false;desert;2
13261;123;143;1;land;false;desert;2
13262;87;164;1;land;false;desert;2
13263;149;139;1;land;false;desert;2
13264;132;201;1;land;false;desert;2
13265;104;139;1;land;false;desert;2
13266;95;158;1;land;false;desert;2
13267;124;131;1;land;false;desert;2
13268;142;151;1;land;false;desert;2
13269;131;150;1;land;false;desert;2
13270;148;180;1;land;false;desert;2
13271;127;131;1;land;false;desert;2
13272;132;145;1;land;false;desert;2
13273;106;170;1;land;false;desert;2
13274;109;173;1;land;false;desert;2
13275;107;171;1;land;false;desert;2
13276;119;187;1;land;false;desert;2
13277;90;168;1;land;false;desert;2
13278;139;122;1;land;false;desert;2
13279;95;143;1;land;false;desert;2
13280;102;132;1;land;false;desert;2
13281;124;124;1;land;false;desert;2
13282;105;175;1;land;false;desert;2
13283;105;180;1;land;false;desert;2
13284;106;122;1;land;false;desert;2
13285;151;189;1;land;false;desert;2
13286;116;149;1;land;false;desert;2
13287;132;158;1;land;false;desert;2
13288;148;149;1;land;false;desert;2
13289;144;183;1;land;false;plains;2
13290;142;143;1;land;false;desert;2
13291;111;201;1;land;false;desert;2
13292;92;191;1;land;false;desert;2
13293;118;169;1;land;false;desert;2
13294;108;187;1;land;false;desert;2
13295;126;147;1;land;false;desert;2
13296;125;165;1;land;false;desert;2
13297;110;154;1;land;false;desert;2
13298;91;131;1;land;false;plains;2
13299;95;153;1;land;false;desert;2
13300;131;155;1;land;false;desert;2
13301;134;199;1;land;false;desert;2
13302;145;159;1;land;false;desert;2
13303;121;132;1;land;false;desert;2
13304;158;131;1;land;false;desert;2
13305;101;136;1;land;false;desert;2
13306;130;179;1;land;false;desert;2
13307;131;162;1;land;false;desert;2
13308;102;200;1;land;false;desert;2
13309;83;156;1;land;false;desert;2
13310;150;133;1;land;false;desert;2
13311;84;167;1;land;false;desert;2
13312;125;194;1;land;false;desert;2
13313;100;185;1;land;false;desert;2
13314;137;130;1;land;false;desert;2
13315;106;150;1;land;false;desert;2
13316;148;127;1;land;false;desert;2
13317;110;164;1;land;false;desert;2
13318;85;170;1;land;false;plains;2
13319;130;175;1;land;false;desert;2
13320;144;133;1;land;false;desert;2
13321;87;162;1;land;false;desert;2
13322;94;155;1;land;false;desert;2
13323;83;176;1;land;false;desert;2
13324;94;141;1;land;false;desert;2
13325;155;197;1;land;false;desert;2
13326;117;190;1;land;false;desert;2
13327;152;169;1;land;false;desert;2
13328;114;167;1;land;false;desert;2
13329;89;151;1;land;false;desert;2
13330;159;129;1;land;false;desert;2
13331;200;70;1;land;false;hills;2
13332;211;91;1;land;false;plains;2
13333;208;115;1;land;false;plains;2
13334;176;104;1;land;false;plains;2
13335;226;70;1;land;false;plains;2
13336;164;83;1;land;false;plains;2
13337;35;238;1;land;false;jungle;2
13338;65;230;1;land;false;plains;2
13339;82;227;1;land;false;jungle;2
13340;29;183;1;land;false;jungle;2
13341;66;231;1;land;false;forest;2
13342;72;207;1;land;false;forest;2
13343;99;204;1;land;false;forest;2
13344;96;208;1;land;false;forest;2
13345;84;251;1;land;false;forest;2
13346;72;217;1;land;false;forest;2
13347;127;197;1;land;false;forest;2
13348;202;203;1;land;false;plains;2
13349;190;193;1;land;false;plains;2
13350;245;185;1;land;false;desert;2
13351;218;193;1;land;false;plains;2
13352;244;179;1;land;false;plains;2
13353;251;197;1;land;false;desert;2
13354;207;188;1;land;false;plains;2
13355;239;195;1;land;false;plains;2
13356;224;229;1;land;false;desert;2
13357;228;160;1;land;false;desert;2
13358;213;227;1;land;false;desert;2
13359;253;155;1;land;false;plains;2
13360;188;159;1;land;false;plains;2
13361;254;184;1;land;false;plains;2
13362;234;231;1;land;false;plains;2
13363;216;204;1;land;false;desert;2
13364;197;167;1;land;false;desert;2
13365;192;233;1;land;false;plains;2
13366;190;174;1;land;false;plains;2
13367;152;184;1;land;false;plains;2
13368;135;143;1;land;false;hills;2
13369;106;180;1;land;false;mountain;2
13370;171;187;1;land;false;hills;2
13371;160;130;1;land;false;plains;2
13372;112;196;1;land;false;forest;2
13373;129;173;1;land;false;plains;2
13374;173;182;1;land;false;hills;2
13375;132;130;1;land;false;mountain;2
13376;127;198;1;land;false;plains;2
13377;206;193;1;land;false;hills;2
13378;201;211;1;land;false;plains;2
13379;216;185;1;land;false;hills;2
13380;232;224;1;land;false;plains;2
13381;208;202;1;land;false;plains;2
13382;230;200;1;land;false;plains;2
13383;254;182;1;land;false;plains;2
13384;221;235;1;land;false;hills;2
13385;208;174;1;land;false;plains;2
13386;250;181;1;land;false;plains;2
13387;243;217;1;land;false;plains;2
13388;219;195;1;land;false;plains;2
13389;247;46;1;land;false;plains;2
13390;225;2;1;land;false;plains;2
13391;211;41;1;land;false;plains;2
13392;254;22;1;land;false;plains;2
13393;187;17;1;land;false;desert;2
13394;166;1;1;land;false;desert;2
13395;202;25;1;land;false;desert;2
13396;195;0;1;land;false;desert;2
13397;199;29;1;land;false;desert;2
13398;194;0;1;land;false;desert;2
13399;218;25;1;land;false;desert;2
13400;179;20;1;land;false;desert;2
13401;163;43;1;land;true;desert;2
13402;182;5;1;land;false;desert;2
13403;203;43;1;land;false;desert;2
13404;156;12;1;land;false;desert;2
13405;167;12;1;land;false;desert;2
13406;171;34;1;land;true;desert;2
13407;186;41;1;land;false;desert;2
13408;175;138;1;land;false;forest;2
13409;237;113;1;land;false;hills;2
13410;251;188;1;land;false;plains;2
13411;236;177;1;land;false;plains;2
13412;240;197;1;land;false;plains;2
13413;247;162;1;land;false;plains;2
13414;251;231;1;land;false;plains;2
13415;254;216;1;land;false;plains;2
13416;220;221;1;land;false;plains;2
13417;235;223;1;land;false;plains;2
13418;129;227;1;land;false;plains;2
13419;166;219;1;land;false;plains;2
13420;178;247;1;land;false;plains;2
13421;125;214;1;land;false;plains;2
13422;169;245;1;land;false;plains;2
13423;86;107;1;land;false;plains;2
13424;68;180;1;land;false;plains;2
13425;220;31;1;land;false;forest;2
13426;171;10;1;land;false;forest;2
13427;192;13;1;land;false;forest;2
13428;155;41;1;land;false;forest;2
13429;200;49;1;land;false;forest;2
13430;203;139;1;land;false;forest;2
13431;217;120;1;land;false;forest;2
13432;252;133;1;land;false;forest;2
13433;237;119;1;land;false;forest;2
13434;186;130;1;land;false;forest;2
13435;182;83;1;land;false;forest;2
13436;244;123;1;land;false;forest;2
13437;220;94;1;land;false;forest;2
13438;32;223;1;land;false;hills;2
13439;42;189;1;land;false;hills;2
13440;88;188;1;land;false;plains;2
13441;38;196;1;land;false;hills;2
13442;37;225;1;land;false;hills;2
13443;52;231;1;land;false;plains;2
13444;99;187;1;land;false;hills;2
13445;96;206;1;land;false;hills;2
13446;64;193;1;land;false;hills;2
13447;102;213;1;land;false;plains;2
13448;35;191;1;land;false;plains;2
13449;77;221;1;land;false;hills;2
13450;93;230;1;land;false;plains;2
13451;95;251;1;land;false;plains;2
13452;219;166;1;land;false;desert;2
13453;244;231;1;land;false;plains;2
13454;254;199;1;land;false;plains;2
13455;239;202;1;land;false;desert;2
13456;239;233;1;land;false;plains;2
13457;229;163;1;land;false;plains;2
13458;249;193;1;land;false;desert;2
13459;216;198;1;land;false;plains;2
13460;242;232;1;land;false;plains;2
13461;247;170;1;land;false;plains;2
13462;207;214;1;land;false;plains;2
13463;240;216;1;land;false;desert;2
13464;227;230;1;land;false;plains;2
13465;236;179;1;land;false;plains;2
13466;152;122;1;land;false;desert;2
13467;214;111;1;land;false;plains;2
13468;186;127;1;land;false;plains;2
13469;156;123;1;land;false;plains;2
13470;179;65;1;land;false;plains;2
13471;165;53;1;land;false;plains;2
13472;176;96;1;land;false;plains;2
13473;142;119;1;land;false;plains;2
13474;191;80;1;land;false;plains;2
13475;195;118;1;land;false;plains;2
13476;153;62;1;land;false;plains;2
13477;57;82;1;land;true;jungle;2
13478;95;13;1;land;false;plains;2
13479;41;13;1;land;false;jungle;2
13480;32;31;1;land;false;jungle;2
13481;75;62;1;land;false;jungle;2
13482;50;17;1;land;false;plains;2
13483;146;149;1;land;false;plains;2
13484;145;207;1;land;false;plains;2
13485;147;158;1;land;false;plains;2
13486;149;197;1;land;false;plains;2
13487;185;132;1;land;false;plains;2
13488;165;162;1;land;false;plains;2
13489;200;198;1;land;false;plains;2
13490;192;144;1;land;false;forest;2
13491;173;192;1;land;false;forest;2
13492;230;168;1;land;false;forest;2
13493;225;220;1;land;false;forest;2
13494;229;168;1;land;false;forest;2
13495;226;193;1;land;false;forest;2
13496;241;185;1;land;false;forest;2
13497;232;192;1;land;false;forest;2
13498;232;172;1;land;false;forest;2
13499;202;199;1;land;false;forest;2
13500;228;191;1;land;false;forest;2
13501;204;222;1;land;false;forest;2
13502;54;40;1;land;false;forest;2
13503;12;46;1;land;false;forest;2
13504;135;168;1;land;false;forest;2
13505;190;173;1;land;false;plains;2
13506;132;196;1;land;false;plains;2
13507;160;139;1;land;false;forest;2
13508;130;147;1;land;false;plains;2
13509;172;176;1;land;false;plains;2
13510;59;208;1;land;false;jungle;2
13511;96;203;1;land;false;jungle;2
13512;71;232;1;land;false;jungle;2
13513;100;244;1;land;false;jungle;2
13514;107;237;1;land;false;jungle;2
13515;98;199;1;land;false;plains;2
13516;67;252;1;land;false;jungle;2
13517;115;245;1;land;false;plains;2
13518;178;95;1;land;false;plains;2
13519;179;89;1;land;false;plains;2
13520;173;108;1;land;false;plains;2
13521;202;109;1;land;false;plains;2
13522;210;73;1;land;false;plains;2
13523;184;126;1;land;false;plains;2
13524;179;113;1;land;false;plains;2
13525;179;159;1;land;false;plains;2
13526;141;200;1;land;false;forest;2
13527;129;172;1;land;false;plains;2
13528;120;172;1;land;false;plains;2
13529;167;187;1;land;false;forest;2
13530;131;159;1;land;false;forest;2
13531;187;180;1;land;false;plains;2
13532;175;129;1;land;false;forest;2
13533;188;161;1;land;false;plains;2
13534;194;158;1;land;false;forest;2
13535;121;153;1;land;false;hills;2
13536;12;38;1;land;false;plains;2
13537;29;23;1;land;false;plains;2
13538;158;18;1;land;true;forest;2
13539;205;43;1;land;false;jungle;2
13540;176;43;1;land;true;forest;2
13541;179;26;1;land;false;forest;2
13542;207;27;1;land;true;forest;2
13543;160;6;1;land;true;forest;2
13544;198;35;1;land;false;forest;2
13545;188;22;1;land;false;forest;2
13546;195;34;1;land;false;forest;2
13547;174;21;1;land;false;forest;2
13548;175;44;1;land;true;forest;2
13549;143;13;1;land;false;jungle;2
13550;160;8;1;land;true;forest;2
13551;150;17;1;land;true;forest;2
13552;143;4;1;land;false;jungle;2
13553;186;40;1;land;true;forest;2
13554;235;27;1;land;true;jungle;2
13555;223;58;1;land;false;jungle;2
13556;243;12;1;land;true;forest;2
13557;240;3;1;land;false;jungle;2
13558;186;46;1;land;false;jungle;2
13559;233;5;1;land;false;forest;2
13560;233;15;1;land;false;forest;2
13561;207;20;1;land;true;jungle;2
13562;254;51;1;land;false;forest;2
13563;209;57;1;land;false;jungle;2
13564;242;6;1;land;true;jungle;2
13565;234;35;1;land;false;jungle;2
13566;216;18;1;land;true;jungle;2
13567;217;40;1;land;false;jungle;2
13568;193;15;1;land;false;jungle;2
13569;133;208;1;land;false;plains;2
13570;94;193;1;land;false;plains;2
13571;137;212;1;land;false;plains;2
13572;63;219;1;land;false;plains;2
13573;111;252;1;land;false;plains;2
13574;124;219;1;land;false;plains;2
13575;86;231;1;land;false;plains;2
13576;147;220;1;land;false;plains;2
13577;126;208;1;land;false;plains;2
13578;173;238;1;land;false;plains;2
13579;167;219;1;land;false;plains;2
13580;83;195;1;land;false;desert;2
13581;44;208;1;land;false;mountain;2
13582;82;248;1;land;false;desert;2
13583;44;194;1;land;false;desert;2
13584;59;194;1;land;false;mountain;2
13585;38;207;1;land;false;desert;2
13586;28;208;1;land;false;desert;2
13587;49;241;1;land;false;desert;2
13588;40;183;1;land;false;desert;2
13589;93;250;1;land;false;desert;2
13590;88;238;1;land;false;desert;2
13591;83;200;1;land;false;desert;2
13592;38;226;1;land;false;mountain;2
13593;84;185;1;land;false;desert;2
13594;38;237;1;land;false;desert;2
13595;44;188;1;land;false;desert;2
13596;81;218;1;land;false;desert;2
13597;76;251;1;land;false;desert;2
13598;85;217;1;land;false;desert;2
13599;40;249;1;land;false;desert;2
13600;48;244;1;land;false;desert;2
13601;39;211;1;land;false;desert;2
13602;53;252;1;land;false;desert;2
13603;79;209;1;land;false;desert;2
13604;90;181;1;land;false;desert;2
13605;98;218;1;land;false;desert;2
13606;24;250;1;land;false;desert;2
13607;60;181;1;land;false;desert;2
13608;31;198;1;land;false;desert;2
13609;36;232;1;land;false;desert;2
13610;39;228;1;land;false;desert;2
13611;76;179;1;land;false;mountain;2
13612;96;184;1;land;false;desert;2
13613;84;206;1;land;false;desert;2
13614;68;222;1;land;false;mountain;2
13615;94;181;1;land;false;desert;2
13616;27;252;1;land;false;desert;2
13617;202;85;1;land;false;plains;2
13618;210;71;1;land;false;plains;2
13619;226;131;1;land;false;plains;2
13620;247;101;1;land;false;plains;2
13621;206;114;1;land;false;plains;2
13622;218;93;1;land;false;plains;2
13623;200;112;1;land;false;plains;2
13624;141;80;1;land;false;plains;2
13625;253;179;1;land;false;plains;2
13626;251;157;1;land;false;desert;2
13627;242;198;1;land;false;plains;2
13628;204;163;1;land;false;plains;2
13629;234;184;1;land;false;desert;2
13630;218;218;1;land;false;mountain;2
13631;235;208;1;land;false;hills;2
13632;189;156;1;land;false;desert;2
13633;201;150;1;land;false;plains;2
13634;235;197;1;land;false;plains;2
13635;193;178;1;land;false;hills;2
13636;209;186;1;land;false;desert;2
13637;245;168;1;land;false;plains;2
13638;239;184;1;land;false;plains;2
13639;205;211;1;land;false;desert;2
13640;238;174;1;land;false;desert;2
13641;243;173;1;land;false;plains;2
13642;208;154;1;land;false;plains;2
13643;205;210;1;land;false;hills;2
13644;244;184;1;land;false;plains;2
13645;231;160;1;land;false;desert;2
13646;215;195;1;land;false;hills;2
13647;250;183;1;land;false;desert;2
13648;230;223;1;land;false;desert;2
13649;239;193;1;land;false;plains;2
13650;235;171;1;land;false;plains;2
13651;248;153;1;land;false;desert;2
13652;210;211;1;land;false;plains;2
13653;248;222;1;land;false;desert;2
13654;233;225;1;land;false;plains;2
13655;248;197;1;land;false;plains;2
13656;191;161;1;land;false;desert;2
13657;220;211;1;land;false;desert;2
13658;235;219;1;land;false;desert;2
13659;194;180;1;land;false;desert;2
13660;55;37;1;land;false;hills;2
13661;68;69;1;land;false;plains;2
13662;70;43;1;land;false;plains;2
13663;58;45;1;land;false;plains;2
13664;48;73;1;land;false;plains;2
13665;37;15;1;land;false;plains;2
13666;81;76;1;land;false;plains;2
13667;106;78;1;land;false;plains;2
13668;101;72;1;land;false;plains;2
13669;108;67;1;land;false;plains;2
13670;74;56;1;land;false;plains;2
13671;82;60;1;land;false;plains;2
13672;239;0;1;land;false;plains;2
13673;175;6;1;land;false;plains;2
13674;181;6;1;land;false;plains;2
13675;183;18;1;land;false;plains;2
13676;234;4;1;land;false;plains;2
13677;234;13;1;land;false;plains;2
13678;167;43;1;land;false;plains;2
13679;187;29;1;land;false;plains;2
13680;205;32;1;land;false;plains;2
13681;204;35;1;land;false;plains;2
13682;219;15;1;land;false;plains;2
13683;199;20;1;land;false;plains;2
13684;244;26;1;land;false;plains;2
13685;27;95;1;land;false;forest;2
13686;41;108;1;land;false;forest;2
13687;95;117;1;land;false;forest;2
13688;38;96;1;land;false;forest;2
13689;86;116;1;land;false;plains;2
13690;111;157;1;land;false;plains;2
13691;112;154;1;land;false;plains;2
13692;114;134;1;land;false;plains;2
13693;121;139;1;land;false;plains;2
13694;83;166;1;land;false;plains;2
13695;137;167;1;land;false;plains;2
13696;152;47;1;land;true;forest;2
13697;108;100;1;land;false;forest;2
13698;121;65;1;land;true;forest;2
13699;121;86;1;land;false;jungle;2
13700;114;54;1;land;false;jungle;2
13701;125;58;1;land;false;forest;2
13702;120;89;1;land;false;forest;2
13703;133;70;1;land;false;jungle;2
13704;24;217;1;land;false;plains;2
13705;27;206;1;land;false;mountain;2
13706;93;181;1;land;false;mountain;2
13707;58;211;1;land;false;mountain;2
13708;88;231;1;land;false;mountain;2
13709;23;213;1;land;false;plains;2
13710;91;240;1;land;false;plains;2
13711;13;176;1;land;false;mountain;2
13712;60;230;1;land;false;mountain;2
13713;91;181;1;land;false;mountain;2
13714;46;217;1;land;false;plains;2
13715;57;19;1;land;false;forest;2
13716;56;43;1;land;false;plains;2
13717;94;17;1;land;false;forest;2
13718;47;43;1;land;false;forest;2
13719;40;49;1;land;false;plains;2
13720;99;183;1;land;true;jungle;2
13721;108;115;1;land;false;forest;2
13722;141;116;1;land;false;forest;2
13723;64;118;1;land;false;forest;2
13724;131;157;1;land;false;forest;2
13725;67;170;1;land;true;forest;2
13726;82;145;1;land;false;forest;2
13727;78;152;1;land;false;forest;2
13728;95;140;1;land;false;hills;2
13729;123;108;1;land;false;forest;2
13730;82;184;1;land;false;jungle;2
13731;118;162;1;land;false;hills;2
13732;119;137;1;land;true;jungle;2
13733;116;177;1;land;true;forest;2
13734;142;186;1;land;true;forest;2
13735;177;141;1;land;false;plains;2
13736;160;183;1;land;false;plains;2
13737;116;146;1;land;false;forest;2
13738;110;179;1;land;false;plains;2
13739;150;158;1;land;false;plains;2
13740;172;134;1;land;false;plains;2
13741;176;175;1;land;false;plains;2
13742;169;200;1;land;false;plains;2
13743;136;201;1;land;false;plains;2
13744;132;150;1;land;false;forest;2
13745;236;9;1;land;false;desert;2
13746;217;65;1;land;false;hills;2
13747;241;21;1;land;false;hills;2
13748;216;42;1;land;false;mountain;2
13749;245;53;1;land;false;mountain;2
13750;215;53;1;land;false;desert;2
13751;233;13;1;land;false;hills;2
13752;235;66;1;land;false;desert;2
13753;241;44;1;land;false;mountain;2
13754;250;49;1;land;false;mountain;2
13755;237;24;1;land;false;mountain;2
13756;252;47;1;land;false;desert;2
13757;253;34;1;land;false;desert;2
13758;229;60;1;land;false;desert;2
13759;239;16;1;land;false;hills;2
13760;225;10;1;land;false;hills;2
13761;243;53;1;land;false;hills;2
13762;143;233;1;land;false;forest;2
13763;135;210;1;land;true;forest;2
13764;100;225;1;land;false;plains;2
13765;166;253;1;land;true;forest;2
13766;139;221;1;land;true;forest;2
13767;121;242;1;land;false;forest;2
13768;140;3;1;land;false;forest;2
13769;204;6;1;land;false;forest;2
13770;64;95;1;land;false;plains;2
13771;18;156;1;land;false;plains;2
13772;85;119;1;land;false;plains;2
13773;40;123;1;land;false;plains;2
13774;36;97;1;land;false;plains;2
13775;63;160;1;land;false;plains;2
13776;71;133;1;land;false;plains;2
13777;88;118;1;land;false;plains;2
13778;46;137;1;land;false;plains;2
13779;89;157;1;land;false;plains;2
13780;171;237;1;land;false;plains;2
13781;134;212;1;land;false;plains;2
13782;150;217;1;land;false;plains;2
13783;154;219;1;land;false;plains;2
13784;152;217;1;land;false;plains;2
13785;120;169;1;land;false;plains;2
13786;66;149;1;land;false;hills;2
13787;109;159;1;land;false;plains;2
13788;52;163;1;land;false;plains;2
13789;113;173;1;land;false;plains;2
13790;52;155;1;land;false;plains;2
13791;131;108;1;land;false;plains;2
13792;119;153;1;land;false;plains;2
13793;62;120;1;land;false;plains;2
13794;77;123;1;land;false;plains;2
13795;101;154;1;land;false;plains;2
13796;55;120;1;land;false;plains;2
13797;78;132;1;land;false;plains;2
13798;112;110;1;land;false;plains;2
13799;128;173;1;land;false;plains;2
13800;130;161;1;land;false;plains;2
13801;80;180;1;land;false;plains;2
13802;99;134;1;land;false;plains;2
13803;82;178;1;land;false;plains;2
13804;73;123;1;land;false;hills;2
13805;112;168;1;land;false;plains;2
13806;111;164;1;land;false;plains;2
13807;54;149;1;land;false;plains;2
13808;71;104;1;land;false;plains;2
13809;120;143;1;land;false;plains;2
13810;175;25;1;land;false;desert;2
13811;205;18;1;land;false;desert;2
13812;230;9;1;land;false;desert;2
13813;224;6;1;land;true;desert;2
13814;179;38;1;land;true;desert;2
13815;239;32;1;land;false;desert;2
13816;214;35;1;land;true;desert;2
13817;224;44;1;land;false;desert;2
13818;207;1;1;land;false;desert;2
13819;199;33;1;land;true;desert;2
13820;195;78;1;land;false;plains;2
13821;199;73;1;land;false;plains;2
13822;199;128;1;land;false;plains;2
13823;249;106;1;land;false;plains;2
13824;46;230;1;land;false;desert;2
13825;56;252;1;land;false;desert;2
13826;49;220;1;land;false;desert;2
13827;77;205;1;land;false;desert;2
13828;102;209;1;land;false;desert;2
13829;58;196;1;land;false;desert;2
13830;82;189;1;land;false;desert;2
13831;83;194;1;land;false;desert;2
13832;104;210;1;land;false;desert;2
13833;112;208;1;land;false;desert;2
13834;38;243;1;land;false;desert;2
13835;37;203;1;land;false;desert;2
13836;42;217;1;land;false;desert;2
13837;58;229;1;land;false;desert;2
13838;39;234;1;land;false;desert;2
13839;49;243;1;land;false;desert;2
13840;106;205;1;land;false;desert;2
13841;44;207;1;land;false;desert;2
13842;109;212;1;land;false;desert;2
13843;88;209;1;land;false;plains;2
13844;66;185;1;land;false;desert;2
13845;49;188;1;land;false;desert;2
13846;52;193;1;land;false;desert;2
13847;78;187;1;land;false;desert;2
13848;48;245;1;land;false;plains;2
13849;41;186;1;land;false;plains;2
13850;86;239;1;land;false;desert;2
13851;54;238;1;land;false;desert;2
13852;39;226;1;land;false;desert;2
13853;80;212;1;land;false;desert;2
13854;57;224;1;land;false;desert;2
13855;89;187;1;land;false;desert;2
13856;39;183;1;land;false;desert;2
13857;69;203;1;land;false;desert;2
13858;98;223;1;land;false;desert;2
13859;102;187;1;land;false;desert;2
13860;54;252;1;land;false;desert;2
13861;103;207;1;land;false;desert;2
13862;112;234;1;land;false;desert;2
13863;104;215;1;land;false;desert;2
13864;106;228;1;land;false;desert;2
13865;75;190;1;land;false;desert;2
13866;66;191;1;land;false;desert;2
13867;21;98;1;land;false;forest;2
13868;29;107;1;land;false;plains;2
13869;5;85;1;land;false;plains;2
13870;85;202;1;land;false;hills;2
13871;82;253;1;land;false;hills;2
13872;85;219;1;land;false;plains;2
13873;93;237;1;land;false;hills;2
13874;121;240;1;land;false;hills;2
13875;120;229;1;land;false;hills;2
13876;127;254;1;land;false;hills;2
13877;109;248;1;land;false;mountain;2
13878;139;212;1;land;false;plains;2
13879;84;227;1;land;false;plains;2
13880;111;251;1;land;false;hills;2
13881;248;227;1;land;false;forest;2
13882;251;180;1;land;false;plains;2
13883;251;235;1;land;false;plains;2
13884;234;181;1;land;false;plains;2
13885;217;185;1;land;false;plains;2
13886;149;53;1;land;true;forest;2
13887;157;80;1;land;false;forest;2
13888;173;59;1;land;true;forest;2
13889;210;105;1;land;true;forest;2
13890;211;66;1;land;false;jungle;2
13891;203;68;1;land;false;forest;2
13892;162;222;1;land;false;plains;2
13893;99;214;1;land;false;plains;2
13894;52;129;1;land;false;forest;2
13895;52;154;1;land;false;forest;2
13896;160;108;1;land;false;plains;2
13897;152;121;1;land;false;plains;2
13898;196;63;1;land;false;plains;2
13899;73;25;1;land;false;plains;2
13900;47;12;1;land;false;plains;2
13901;55;41;1;land;false;hills;2
13902;98;64;1;land;false;hills;2
13903;47;42;1;land;false;mountain;2
13904;27;52;1;land;false;plains;2
13905;33;17;1;land;false;plains;2
13906;72;42;1;land;false;hills;2
13907;39;16;1;land;false;plains;2
13908;96;69;1;land;false;plains;2
13909;49;71;1;land;false;mountain;2
13910;56;86;1;land;false;hills;2
13911;91;85;1;land;false;plains;2
13912;42;82;1;land;false;plains;2
13913;95;78;1;land;false;plains;2
13914;39;41;1;land;false;mountain;2
13915;99;19;1;land;false;plains;2
13916;92;68;1;land;false;plains;2
13917;105;86;1;land;false;hills;2
13918;102;46;1;land;false;mountain;2
13919;37;60;1;land;false;hills;2
13920;33;41;1;land;false;plains;2
13921;36;186;1;land;false;forest;2
13922;28;217;1;land;false;plains;2
13923;37;200;1;land;false;forest;2
13924;35;165;1;land;false;plains;2
13925;20;170;1;land;false;forest;2
13926;39;237;1;land;false;forest;2
13927;165;223;1;land;false;plains;2
13928;144;235;1;land;false;plains;2
13929;200;226;1;land;false;plains;2
13930;134;234;1;land;false;plains;2
13931;251;20;1;land;false;plains;2
13932;192;33;1;land;false;plains;2
13933;123;120;1;land;false;plains;2
13934;127;60;1;land;false;plains;2
13935;92;67;1;land;false;plains;2
13936;101;97;1;land;false;plains;2
13937;79;114;1;land;false;plains;2
13938;65;45;1;land;false;plains;2
13939;106;107;1;land;false;plains;2
13940;118;211;1;land;false;plains;2
13941;92;200;1;land;false;mountain;2
13942;105;221;1;land;false;mountain;2
13943;159;222;1;land;false;mountain;2
13944;131;215;1;land;false;mountain;2
13945;151;222;1;land;false;mountain;2
13946;140;203;1;land;false;mountain;2
13947;148;216;1;land;false;mountain;2
13948;122;109;1;land;false;plains;2
13949;141;69;1;land;false;plains;2
13950;108;111;1;land;false;plains;2
13951;119;109;1;land;false;plains;2
13952;167;62;1;land;false;plains;2
13953;168;67;1;land;false;plains;2
13954;179;116;1;land;false;plains;2
13955;128;82;1;land;false;plains;2
13956;114;59;1;land;false;plains;2
13957;179;134;1;land;false;plains;2
13958;174;108;1;land;false;plains;2
13959;142;134;1;land;false;plains;2
13960;179;104;1;land;false;plains;2
13961;174;130;1;land;false;plains;2
13962;145;101;1;land;false;plains;2
13963;179;74;1;land;false;plains;2
13964;109;135;1;land;false;plains;2
13965;44;224;1;land;false;hills;2
13966;61;186;1;land;false;plains;2
13967;79;202;1;land;false;plains;2
13968;77;49;1;land;false;plains;2
13969;60;79;1;land;false;plains;2
13970;53;32;1;land;false;plains;2
13971;25;101;1;land;false;plains;2
13972;94;29;1;land;false;plains;2
13973;103;172;1;land;false;forest;2
13974;100;175;1;land;false;forest;2
13975;113;1;1;land;true;forest;2
13976;141;6;1;land;false;forest;2
13977;111;12;1;land;false;forest;2
13978;130;31;1;land;true;forest;2
13979;133;43;1;land;false;forest;2
13980;131;10;1;land;false;forest;2
13981;119;21;1;land;false;forest;2
13982;91;35;1;land;true;forest;2
13983;121;5;1;land;false;forest;2
13984;100;10;1;land;false;forest;2
13985;241;188;1;land;false;forest;2
13986;232;215;1;land;false;plains;2
13987;221;229;1;land;false;plains;2
13988;233;251;1;land;false;plains;2
13989;238;208;1;land;false;plains;2
13990;235;228;1;land;false;plains;2
13991;64;106;1;land;false;mountain;2
13992;61;111;1;land;false;hills;2
13993;44;124;1;land;false;mountain;2
13994;9;153;1;land;false;hills;2
13995;50;111;1;land;false;mountain;2
13996;40;112;1;land;false;mountain;2
13997;41;152;1;land;false;mountain;2
13998;47;89;1;land;false;mountain;2
13999;54;128;1;land;false;mountain;2
14000;17;111;1;land;false;hills;2
14001;59;251;1;land;false;plains;2
14002;26;235;1;land;false;plains;2
14003;187;48;1;land;false;mountain;2
14004;151;72;1;land;false;plains;2
14005;152;89;1;land;false;hills;2
14006;200;71;1;land;false;forest;2
14007;175;54;1;land;false;plains;2
14008;180;81;1;land;false;plains;2
14009;193;54;1;land;false;plains;2
14010;187;112;1;land;false;plains;2
14011;231;64;1;land;false;plains;2
14012;202;84;1;land;false;plains;2
14013;208;59;1;land;false;plains;2
14014;181;129;1;land;false;plains;2
14015;208;67;1;land;false;plains;2
14016;204;114;1;land;false;plains;2
14017;193;129;1;land;false;plains;2
14018;233;186;1;land;false;forest;2
14019;193;227;1;land;false;hills;2
14020;206;221;1;land;false;forest;2
14021;209;187;1;land;false;forest;2
14022;216;238;1;land;false;hills;2
14023;216;235;1;land;false;forest;2
14024;178;169;1;land;false;forest;2
14025;43;20;1;land;false;forest;2
14026;42;31;1;land;false;forest;2
14027;50;76;1;land;false;forest;2
14028;63;45;1;land;false;forest;2
14029;121;198;1;land;false;plains;2
14030;93;174;1;land;false;plains;2
14031;95;185;1;land;false;plains;2
14032;122;158;1;land;false;plains;2
14033;108;198;1;land;false;plains;2
14034;140;168;1;land;false;plains;2
14035;139;196;1;land;false;plains;2
14036;102;196;1;land;false;plains;2
14037;138;158;1;land;false;plains;2
14038;97;188;1;land;false;plains;2
14039;99;179;1;land;false;plains;2
14040;71;46;1;land;false;plains;2
14041;84;19;1;land;false;plains;2
14042;96;93;1;land;false;plains;2
14043;79;50;1;land;false;plains;2
14044;100;20;1;land;false;plains;2
14045;115;55;1;land;false;desert;2
14046;82;211;1;land;false;plains;2
14047;85;167;1;land;false;plains;2
14048;129;158;1;land;false;plains;2
14049;106;186;1;land;false;plains;2
14050;152;167;1;land;false;plains;2
14051;111;140;1;land;false;plains;2
14052;110;167;1;land;false;plains;2
14053;125;183;1;land;false;plains;2
14054;128;210;1;land;false;plains;2
14055;150;72;1;land;false;desert;2
14056;148;49;1;land;false;desert;2
14057;166;90;1;land;true;desert;2
14058;140;52;1;land;false;desert;2
14059;147;52;1;land;true;desert;2
14060;169;33;1;land;false;desert;2
14061;169;49;1;land;false;desert;2
14062;181;95;1;land;true;desert;2
14063;122;91;1;land;false;desert;2
14064;171;71;1;land;false;desert;2
14065;123;60;1;land;false;desert;2
14066;119;48;1;land;true;desert;2
14067;132;97;1;land;false;desert;2
14068;126;94;1;land;false;desert;2
14069;116;80;1;land;true;desert;2
14070;155;34;1;land;false;desert;2
14071;189;59;1;land;true;desert;2
14072;120;67;1;land;false;desert;2
14073;123;82;1;land;false;desert;2
14074;158;110;1;land;true;desert;2
14075;166;55;1;land;false;desert;2
14076;169;71;1;land;true;desert;2
14077;161;75;1;land;false;desert;2
14078;159;53;1;land;true;desert;2
14079;139;103;1;land;false;desert;2
14080;187;84;1;land;false;desert;2
14081;132;99;1;land;false;desert;2
14082;189;41;1;land;false;desert;2
14083;178;106;1;land;true;desert;2
14084;144;69;1;land;false;desert;2
14085;188;41;1;land;true;desert;2
14086;111;61;1;land;false;desert;2
14087;188;67;1;land;false;desert;2
14088;119;51;1;land;false;desert;2
14089;123;35;1;land;false;desert;2
14090;135;106;1;land;true;desert;2
14091;134;111;1;land;false;desert;2
14092;120;35;1;land;true;desert;2
14093;141;51;1;land;false;desert;2
14094;137;66;1;land;false;desert;2
14095;110;75;1;land;false;desert;2
14096;179;32;1;land;false;desert;2
14097;118;87;1;land;false;desert;2
14098;177;105;1;land;false;desert;2
14099;167;86;1;land;false;desert;2
14100;160;59;1;land;false;desert;2
14101;167;104;1;land;true;desert;2
14102;182;79;1;land;false;desert;2
14103;120;51;1;land;true;desert;2
14104;184;78;1;land;false;desert;2
14105;135;82;1;land;true;desert;2
14106;160;41;1;land;false;desert;2
14107;156;191;1;land;false;plains;2
14108;182;172;1;land;false;plains;2
14109;139;185;1;land;false;plains;2
14110;143;181;1;land;false;plains;2
14111;37;46;1;land;false;plains;2
14112;7;9;1;land;false;plains;2
14113;56;41;1;land;false;plains;2
14114;39;29;1;land;false;plains;2
14115;27;44;1;land;false;plains;2
14116;66;53;1;land;false;plains;2
14117;8;22;1;land;false;plains;2
14118;77;168;1;land;false;plains;2
14119;43;154;1;land;false;plains;2
14120;81;176;1;land;false;plains;2
14121;117;159;1;land;false;plains;2
14122;78;142;1;land;false;plains;2
14123;106;192;1;land;false;plains;2
14124;42;169;1;land;false;forest;2
14125;100;124;1;land;false;plains;2
14126;109;140;1;land;false;plains;2
14127;44;165;1;land;false;plains;2
14128;142;87;1;land;false;plains;2
14129;143;131;1;land;false;mountain;2
14130;109;52;1;land;false;mountain;2
14131;142;84;1;land;false;plains;2
14132;91;94;1;land;false;plains;2
14133;143;70;1;land;false;mountain;2
14134;150;124;1;land;false;mountain;2
14135;109;105;1;land;false;mountain;2
14136;115;126;1;land;false;mountain;2
14137;133;121;1;land;false;mountain;2
14138;98;118;1;land;false;plains;2
14139;102;105;1;land;false;forest;2
14140;115;118;1;land;false;forest;2
14141;61;160;1;land;false;plains;2
14142;88;166;1;land;false;plains;2
14143;142;36;1;land;false;plains;2
14144;176;3;1;land;false;hills;2
14145;190;24;1;land;false;plains;2
14146;187;12;1;land;false;plains;2
14147;152;40;1;land;false;plains;2
14148;113;44;1;land;false;plains;2
14149;181;23;1;land;false;hills;2
14150;153;46;1;land;false;plains;2
14151;124;9;1;land;false;plains;2
14152;116;23;1;land;false;plains;2
14153;0;239;1;land;false;plains;2
14154;56;215;1;land;false;plains;2
14155;6;248;1;land;false;plains;2
14156;14;224;1;land;false;plains;2
14157;17;204;1;land;false;plains;2
14158;12;200;1;land;false;plains;2
14159;13;248;1;land;false;plains;2
14160;68;188;1;land;false;plains;2
14161;13;196;1;land;false;plains;2
14162;41;246;1;land;false;plains;2
14163;192;181;1;land;false;forest;2
14164;230;194;1;land;false;forest;2
14165;185;197;1;land;false;plains;2
14166;186;179;1;land;false;forest;2
14167;171;215;1;land;false;forest;2
14168;208;241;1;land;false;forest;2
14169;175;184;1;land;false;forest;2
14170;203;220;1;land;false;forest;2
14171;181;167;1;land;false;forest;2
14172;254;74;1;land;false;plains;2
14173;224;86;1;land;false;plains;2
14174;219;75;1;land;false;plains;2
14175;217;99;1;land;false;plains;2
14176;236;83;1;land;false;plains;2
14177;0;240;1;land;false;desert;2
14178;48;247;1;land;false;desert;2
14179;29;234;1;land;false;desert;2
14180;35;205;1;land;false;desert;2
14181;38;233;1;land;false;desert;2
14182;5;237;1;land;true;desert;2
14183;47;202;1;land;false;desert;2
14184;35;252;1;land;false;desert;2
14185;45;186;1;land;false;desert;2
14186;46;209;1;land;false;desert;2
14187;34;246;1;land;false;desert;2
14188;34;254;1;land;false;desert;2
14189;28;242;1;land;false;desert;2
14190;32;225;1;land;false;desert;2
14191;37;235;1;land;false;desert;2
14192;42;216;1;land;false;desert;2
14193;1;204;1;land;false;desert;2
14194;43;241;1;land;false;desert;2
14195;0;219;1;land;false;desert;2
14196;11;216;1;land;false;desert;2
14197;19;217;1;land;false;desert;2
14198;26;197;1;land;false;desert;2
14199;54;247;1;land;true;desert;2
14200;7;198;1;land;false;desert;2
14201;18;226;1;land;true;desert;2
14202;0;247;1;land;true;desert;2
14203;41;188;1;land;false;desert;2
14204;3;242;1;land;false;desert;2
14205;34;245;1;land;false;desert;2
14206;13;232;1;land;false;desert;2
14207;48;194;1;land;false;desert;2
14208;37;221;1;land;false;desert;2
14209;45;248;1;land;false;desert;2
14210;3;206;1;land;false;desert;2
14211;45;238;1;land;false;desert;2
14212;54;228;1;land;false;desert;2
14213;20;233;1;land;false;desert;2
14214;35;197;1;land;false;desert;2
14215;6;253;1;land;false;desert;2
14216;51;243;1;land;false;desert;2
14217;22;199;1;land;false;desert;2
14218;41;233;1;land;false;desert;2
14219;53;221;1;land;false;desert;2
14220;12;211;1;land;false;desert;2
14221;13;184;1;land;true;desert;2
14222;9;193;1;land;false;desert;2
14223;14;204;1;land;true;desert;2
14224;42;226;1;land;false;desert;2
14225;4;246;1;land;false;desert;2
14226;21;218;1;land;false;desert;2
14227;50;209;1;land;true;desert;2
14228;44;241;1;land;false;desert;2
14229;33;214;1;land;true;desert;2
14230;10;197;1;land;false;desert;2
14231;31;226;1;land;true;desert;2
14232;17;235;1;land;true;desert;2
14233;18;222;1;land;false;desert;2
14234;15;219;1;land;false;desert;2
14235;7;238;1;land;false;desert;2
14236;10;184;1;land;false;desert;2
14237;31;188;1;land;false;desert;2
14238;7;242;1;land;false;desert;2
14239;43;228;1;land;false;desert;2
14240;7;184;1;land;false;desert;2
14241;31;213;1;land;false;desert;2
14242;8;236;1;land;false;desert;2
14243;1;189;1;land;true;desert;2
14244;2;205;1;land;false;desert;2
14245;40;252;1;land;false;desert;2
14246;35;189;1;land;false;desert;2
14247;14;214;1;land;false;desert;2
14248;9;233;1;land;false;desert;2
14249;54;253;1;land;false;desert;2
14250;34;252;1;land;false;desert;2
14251;18;201;1;land;false;desert;2
14252;9;229;1;land;false;desert;2
14253;28;230;1;land;false;desert;2
14254;34;199;1;land;false;desert;2
14255;2;250;1;land;false;desert;2
14256;49;253;1;land;false;desert;2
14257;50;192;1;land;true;desert;2
14258;21;191;1;land;false;desert;2
14259;47;209;1;land;false;desert;2
14260;18;184;1;land;false;desert;2
14261;29;233;1;land;false;desert;2
14262;4;215;1;land;false;desert;2
14263;17;215;1;land;false;desert;2
14264;40;253;1;land;false;desert;2
14265;48;186;1;land;false;desert;2
14266;151;154;1;land;false;hills;2
14267;180;214;1;land;false;hills;2
14268;147;154;1;land;false;mountain;2
14269;105;165;1;land;false;plains;2
14270;105;161;1;land;false;plains;2
14271;31;145;1;land;false;plains;2
14272;28;124;1;land;false;plains;2
14273;73;132;1;land;false;plains;2
14274;31;116;1;land;false;plains;2
14275;236;144;1;land;false;mountain;2
14276;203;91;1;land;false;plains;2
14277;204;129;1;land;false;desert;2
14278;220;123;1;land;false;plains;2
14279;246;137;1;land;false;plains;2
14280;221;101;1;land;false;desert;2
14281;241;95;1;land;false;plains;2
14282;249;107;1;land;false;plains;2
14283;205;121;1;land;false;plains;2
14284;254;142;1;land;false;plains;2
14285;211;110;1;land;false;plains;2
14286;236;88;1;land;false;plains;2
14287;215;148;1;land;false;hills;2
14288;217;109;1;land;false;desert;2
14289;219;134;1;land;false;plains;2
14290;226;136;1;land;false;plains;2
14291;237;167;1;land;false;desert;2
14292;225;95;1;land;false;plains;2
14293;247;153;1;land;false;plains;2
14294;240;165;1;land;false;hills;2
14295;250;98;1;land;false;plains;2
14296;248;157;1;land;false;plains;2
14297;225;160;1;land;false;plains;2
14298;214;100;1;land;false;plains;2
14299;233;98;1;land;false;plains;2
14300;208;118;1;land;false;plains;2
14301;214;157;1;land;false;plains;2
14302;207;132;1;land;false;plains;2
14303;226;153;1;land;false;desert;2
14304;225;167;1;land;false;plains;2
14305;228;117;1;land;false;plains;2
14306;211;113;1;land;false;mountain;2
14307;238;167;1;land;false;plains;2
14308;245;95;1;land;false;plains;2
14309;254;159;1;land;false;plains;2
14310;208;139;1;land;false;plains;2
14311;216;97;1;land;false;plains;2
14312;214;119;1;land;false;desert;2
14313;16;63;1;land;false;plains;2
14314;21;45;1;land;false;plains;2
14315;19;49;1;land;false;plains;2
14316;4;17;1;land;false;plains;2
14317;27;40;1;land;false;plains;2
14318;17;45;1;land;false;plains;2
14319;45;17;1;land;false;mountain;2
14320;16;21;1;land;false;plains;2
14321;21;54;1;land;false;mountain;2
14322;15;59;1;land;false;plains;2
14323;25;36;1;land;false;plains;2
14324;28;47;1;land;false;plains;2
14325;36;2;1;land;false;plains;2
14326;7;60;1;land;false;plains;2
14327;1;63;1;land;false;plains;2
14328;22;132;1;land;false;plains;2
14329;3;120;1;land;false;plains;2
14330;33;128;1;land;false;plains;2
14331;50;172;1;land;false;plains;2
14332;38;160;1;land;false;plains;2
14333;42;138;1;land;false;plains;2
14334;54;150;1;land;false;plains;2
14335;45;151;1;land;false;plains;2
14336;18;151;1;land;false;plains;2
14337;23;26;1;land;false;plains;2
14338;71;94;1;land;false;forest;2
14339;80;58;1;land;false;forest;2
14340;13;60;1;land;false;forest;2
14341;61;32;1;land;false;forest;2
14342;39;55;1;land;false;forest;2
14343;70;57;1;land;false;forest;2
14344;56;71;1;land;false;forest;2
14345;11;76;1;land;false;forest;2
14346;64;233;1;land;false;forest;2
14347;65;229;1;land;false;plains;2
14348;76;186;1;land;false;forest;2
14349;58;221;1;land;false;forest;2
14350;43;231;1;land;false;plains;2
14351;67;193;1;land;false;plains;2
14352;81;198;1;land;false;plains;2
14353;109;227;1;land;false;forest;2
14354;96;100;1;land;false;plains;2
14355;115;47;1;land;false;hills;2
14356;99;59;1;land;false;plains;2
14357;68;54;1;land;false;plains;2
14358;65;48;1;land;false;plains;2
14359;49;91;1;land;false;hills;2
14360;79;109;1;land;false;plains;2
14361;101;44;1;land;false;plains;2
14362;62;114;1;land;false;plains;2
14363;222;44;1;land;false;plains;2
14364;247;61;1;land;false;plains;2
14365;230;58;1;land;false;plains;2
14366;203;29;1;land;false;plains;2
14367;190;64;1;land;false;plains;2
14368;27;36;1;land;false;forest;2
14369;6;24;1;land;false;forest;2
14370;34;59;1;land;false;forest;2
14371;26;18;1;land;false;forest;2
14372;21;28;1;land;false;forest;2
14373;52;134;1;land;false;desert;2
14374;79;160;1;land;false;desert;2
14375;24;104;1;land;false;desert;2
14376;79;119;1;land;false;hills;2
14377;63;144;1;land;false;mountain;2
14378;68;147;1;land;false;desert;2
14379;45;99;1;land;false;mountain;2
14380;11;142;1;land;false;desert;2
14381;69;108;1;land;false;desert;2
14382;64;88;1;land;false;desert;2
14383;60;134;1;land;false;desert;2
14384;57;127;1;land;false;desert;2
14385;68;132;1;land;false;desert;2
14386;81;144;1;land;false;hills;2
14387;69;124;1;land;false;hills;2
14388;55;150;1;land;false;desert;2
14389;11;114;1;land;false;mountain;2
14390;27;111;1;land;false;desert;2
14391;21;136;1;land;false;desert;2
14392;82;132;1;land;false;desert;2
14393;50;91;1;land;false;desert;2
14394;50;120;1;land;false;desert;2
14395;74;118;1;land;false;desert;2
14396;15;127;1;land;false;mountain;2
14397;29;146;1;land;false;desert;2
14398;58;147;1;land;false;mountain;2
14399;82;114;1;land;false;desert;2
14400;8;89;1;land;false;desert;2
14401;13;145;1;land;false;hills;2
14402;7;157;1;land;false;desert;2
14403;85;100;1;land;false;desert;2
14404;21;134;1;land;false;desert;2
14405;12;91;1;land;false;desert;2
14406;6;147;1;land;false;desert;2
14407;85;132;1;land;false;hills;2
14408;77;154;1;land;false;desert;2
14409;20;95;1;land;false;desert;2
14410;64;82;1;land;false;desert;2
14411;29;148;1;land;false;desert;2
14412;64;96;1;land;false;desert;2
14413;57;117;1;land;false;desert;2
14414;46;158;1;land;false;desert;2
14415;12;126;1;land;false;mountain;2
14416;73;95;1;land;false;hills;2
14417;64;148;1;land;false;desert;2
14418;22;122;1;land;false;desert;2
14419;23;94;1;land;false;hills;2
14420;10;138;1;land;false;desert;2
14421;44;113;1;land;false;desert;2
14422;67;114;1;land;false;desert;2
14423;36;87;1;land;false;mountain;2
14424;22;160;1;land;false;desert;2
14425;25;126;1;land;false;desert;2
14426;50;131;1;land;false;desert;2
14427;11;124;1;land;false;mountain;2
14428;23;87;1;land;false;desert;2
14429;78;98;1;land;false;desert;2
14430;30;152;1;land;false;desert;2
14431;78;145;1;land;false;desert;2
14432;77;93;1;land;false;desert;2
14433;80;107;1;land;false;desert;2
14434;7;143;1;land;false;desert;2
14435;34;94;1;land;false;hills;2
14436;53;100;1;land;false;mountain;2
14437;23;115;1;land;false;desert;2
14438;48;100;1;land;false;hills;2
14439;12;101;1;land;false;desert;2
14440;68;106;1;land;false;hills;2
14441;15;125;1;land;false;desert;2
14442;28;158;1;land;false;desert;2
14443;84;150;1;land;false;desert;2
14444;72;119;1;land;false;desert;2
14445;20;147;1;land;false;desert;2
14446;126;237;1;land;false;plains;2
14447;97;218;1;land;false;plains;2
14448;70;244;1;land;false;plains;2
14449;98;219;1;land;false;plains;2
14450;70;224;1;land;false;forest;2
14451;63;226;1;land;false;forest;2
14452;6;234;1;land;false;forest;2
14453;38;201;1;land;false;plains;2
14454;1;227;1;land;false;plains;2
14455;10;206;1;land;false;plains;2
14456;43;210;1;land;false;plains;2
14457;25;227;1;land;false;plains;2
14458;7;205;1;land;false;plains;2
14459;7;222;1;land;false;plains;2
14460;6;189;1;land;false;plains;2
14461;35;190;1;land;false;plains;2
14462;137;207;1;land;false;forest;2
14463;182;248;1;land;false;plains;2
14464;174;220;1;land;false;forest;2
14465;153;208;1;land;false;plains;2
14466;138;212;1;land;false;plains;2
14467;144;218;1;land;false;plains;2
14468;192;237;1;land;false;plains;2
14469;226;245;1;land;false;plains;2
14470;186;253;1;land;false;plains;2
14471;182;220;1;land;false;plains;2
14472;170;77;1;land;false;plains;2
14473;160;111;1;land;false;desert;2
14474;182;81;1;land;false;plains;2
14475;167;90;1;land;false;desert;2
14476;204;115;1;land;false;plains;2
14477;170;92;1;land;false;plains;2
14478;235;136;1;land;false;plains;2
14479;232;85;1;land;false;plains;2
14480;208;110;1;land;false;desert;2
14481;163;147;1;land;false;plains;2
14482;194;79;1;land;false;plains;2
14483;238;106;1;land;false;plains;2
14484;214;104;1;land;false;desert;2
14485;221;143;1;land;false;plains;2
14486;180;87;1;land;false;desert;2
14487;184;86;1;land;false;plains;2
14488;206;95;1;land;false;plains;2
14489;163;153;1;land;false;plains;2
14490;216;78;1;land;false;desert;2
14491;199;115;1;land;false;desert;2
14492;207;150;1;land;false;plains;2
14493;199;140;1;land;false;mountain;2
14494;205;122;1;land;false;plains;2
14495;178;122;1;land;false;plains;2
14496;165;127;1;land;false;plains;2
14497;193;80;1;land;false;desert;2
14498;199;78;1;land;false;desert;2
14499;222;129;1;land;false;plains;2
14500;215;75;1;land;false;plains;2
14501;167;106;1;land;false;desert;2
14502;162;116;1;land;false;desert;2
14503;217;83;1;land;false;hills;2
14504;233;113;1;land;false;plains;2
14505;214;117;1;land;false;desert;2
14506;232;114;1;land;false;plains;2
14507;209;132;1;land;false;plains;2
14508;187;106;1;land;false;plains;2
14509;237;141;1;land;false;plains;2
14510;201;108;1;land;false;plains;2
14511;184;75;1;land;false;desert;2
14512;179;95;1;land;false;desert;2
14513;173;122;1;land;false;plains;2
14514;208;136;1;land;false;plains;2
14515;218;115;1;land;false;plains;2
14516;165;77;1;land;false;desert;2
14517;174;80;1;land;false;mountain;2
14518;211;104;1;land;false;plains;2
14519;77;71;1;land;false;plains;2
14520;69;110;1;land;false;plains;2
14521;65;38;1;land;false;plains;2
14522;39;46;1;land;false;plains;2
14523;95;96;1;land;false;plains;2
14524;56;72;1;land;false;plains;2
14525;58;181;1;land;false;plains;2
14526;27;176;1;land;false;plains;2
14527;54;165;1;land;false;plains;2
14528;29;181;1;land;false;plains;2
14529;57;240;1;land;false;plains;2
14530;0;164;1;land;false;plains;2
14531;26;94;1;land;false;plains;2
14532;46;94;1;land;false;plains;2
14533;34;75;1;land;false;plains;2
14534;178;176;1;land;false;desert;2
14535;181;171;1;land;false;desert;2
14536;183;150;1;land;false;desert;2
14537;216;162;1;land;false;desert;2
14538;212;197;1;land;false;desert;2
14539;210;187;1;land;false;desert;2
14540;162;155;1;land;true;desert;2
14541;193;152;1;land;false;desert;2
14542;200;211;1;land;false;desert;2
14543;209;170;1;land;false;desert;2
14544;187;207;1;land;false;desert;2
14545;216;211;1;land;false;desert;2
14546;211;203;1;land;false;desert;2
14547;169;134;1;land;false;desert;2
14548;174;189;1;land;false;desert;2
14549;187;158;1;land;false;desert;2
14550;159;173;1;land;false;desert;2
14551;237;139;1;land;false;desert;2
14552;184;168;1;land;false;desert;2
14553;174;135;1;land;false;desert;2
14554;215;171;1;land;false;desert;2
14555;235;205;1;land;false;desert;2
14556;194;184;1;land;false;desert;2
14557;209;165;1;land;false;desert;2
14558;191;195;1;land;false;desert;2
14559;209;176;1;land;false;desert;2
14560;184;144;1;land;true;desert;2
14561;172;172;1;land;false;desert;2
14562;234;135;1;land;false;desert;2
14563;228;141;1;land;false;desert;2
14564;185;164;1;land;false;desert;2
14565;218;175;1;land;false;desert;2
14566;212;183;1;land;false;desert;2
14567;236;209;1;land;false;desert;2
14568;169;150;1;land;false;desert;2
14569;216;180;1;land;false;desert;2
14570;216;192;1;land;false;desert;2
14571;206;187;1;land;false;desert;2
14572;224;151;1;land;true;desert;2
14573;218;161;1;land;false;desert;2
14574;182;140;1;land;false;desert;2
14575;181;149;1;land;false;desert;2
14576;214;206;1;land;false;desert;2
14577;170;187;1;land;false;desert;2
14578;215;166;1;land;false;desert;2
14579;166;209;1;land;false;desert;2
14580;183;186;1;land;false;desert;2
14581;227;171;1;land;false;desert;2
14582;233;160;1;land;false;desert;2
14583;208;162;1;land;false;desert;2
14584;206;158;1;land;false;desert;2
14585;173;153;1;land;false;desert;2
14586;225;162;1;land;false;desert;2
14587;229;153;1;land;false;desert;2
14588;222;179;1;land;false;desert;2
14589;165;167;1;land;false;desert;2
14590;160;177;1;land;false;desert;2
14591;160;149;1;land;false;desert;2
14592;189;161;1;land;false;desert;2
14593;233;201;1;land;false;desert;2
14594;178;136;1;land;false;desert;2
14595;194;159;1;land;false;desert;2
14596;210;155;1;land;false;desert;2
14597;179;131;1;land;false;desert;2
14598;198;161;1;land;true;desert;2
14599;168;169;1;land;false;desert;2
14600;199;162;1;land;false;desert;2
14601;211;136;1;land;false;desert;2
14602;161;168;1;land;false;desert;2
14603;229;142;1;land;false;desert;2
14604;161;185;1;land;false;desert;2
14605;172;205;1;land;false;desert;2
14606;204;144;1;land;false;desert;2
14607;227;155;1;land;false;desert;2
14608;226;197;1;land;true;desert;2
14609;220;172;1;land;false;desert;2
14610;173;199;1;land;true;desert;2
14611;213;160;1;land;false;desert;2
14612;183;170;1;land;false;desert;2
14613;191;190;1;land;false;desert;2
14614;177;170;1;land;false;desert;2
14615;161;187;1;land;false;desert;2
14616;163;134;1;land;false;desert;2
14617;220;180;1;land;false;desert;2
14618;171;213;1;land;false;desert;2
14619;214;210;1;land;false;desert;2
14620;178;172;1;land;false;desert;2
14621;233;158;1;land;false;desert;2
14622;193;202;1;land;true;desert;2
14623;160;182;1;land;false;desert;2
14624;216;173;1;land;false;desert;2
14625;160;167;1;land;false;desert;2
14626;172;196;1;land;false;desert;2
14627;168;175;1;land;false;desert;2
14628;212;154;1;land;false;desert;2
14629;201;133;1;land;false;desert;2
14630;193;146;1;land;false;desert;2
14631;215;157;1;land;false;desert;2
14632;186;169;1;land;false;desert;2
14633;184;169;1;land;false;desert;2
14634;188;190;1;land;false;desert;2
14635;196;158;1;land;false;desert;2
14636;191;158;1;land;true;desert;2
14637;231;203;1;land;false;desert;2
14638;225;179;1;land;false;desert;2
14639;191;193;1;land;false;desert;2
14640;213;189;1;land;false;desert;2
14641;177;151;1;land;false;desert;2
14642;226;176;1;land;false;desert;2
14643;186;143;1;land;false;desert;2
14644;178;174;1;land;false;desert;2
14645;158;208;1;land;false;desert;2
14646;184;202;1;land;false;desert;2
14647;215;145;1;land;false;desert;2
14648;198;205;1;land;false;desert;2
14649;224;180;1;land;false;desert;2
14650;168;134;1;land;false;desert;2
14651;172;146;1;land;false;desert;2
14652;158;151;1;land;false;desert;2
14653;166;176;1;land;false;desert;2
14654;164;168;1;land;false;desert;2
14655;183;179;1;land;false;desert;2
14656;208;180;1;land;false;desert;2
14657;181;186;1;land;false;desert;2
14658;227;149;1;land;false;desert;2
14659;174;200;1;land;false;desert;2
14660;200;141;1;land;false;desert;2
14661;229;193;1;land;false;desert;2
14662;213;199;1;land;false;desert;2
14663;160;137;1;land;false;desert;2
14664;200;210;1;land;false;desert;2
14665;190;178;1;land;false;desert;2
14666;223;202;1;land;false;desert;2
14667;160;138;1;land;false;desert;2
14668;210;193;1;land;false;desert;2
14669;158;196;1;land;false;desert;2
14670;158;201;1;land;true;desert;2
14671;222;185;1;land;false;desert;2
14672;175;195;1;land;false;desert;2
14673;173;147;1;land;false;desert;2
14674;216;146;1;land;false;desert;2
14675;181;150;1;land;false;desert;2
14676;183;136;1;land;true;desert;2
14677;189;132;1;land;false;desert;2
14678;161;196;1;land;false;desert;2
14679;211;151;1;land;false;desert;2
14680;46;71;1;land;false;hills;2
14681;30;74;1;land;false;plains;2
14682;29;44;1;land;false;plains;2
14683;58;24;1;land;false;plains;2
14684;99;35;1;land;false;hills;2
14685;23;48;1;land;false;plains;2
14686;27;35;1;land;false;plains;2
14687;44;35;1;land;false;plains;2
14688;63;36;1;land;false;mountain;2
14689;96;46;1;land;false;plains;2
14690;62;14;1;land;false;plains;2
14691;33;47;1;land;false;hills;2
14692;48;35;1;land;false;plains;2
14693;86;20;1;land;false;plains;2
14694;211;17;1;land;false;plains;2
14695;219;6;1;land;false;plains;2
14696;232;49;1;land;false;plains;2
14697;214;33;1;land;false;plains;2
14698;12;174;1;land;false;forest;2
14699;6;200;1;land;false;plains;2
14700;33;192;1;land;false;forest;2
14701;3;190;1;land;false;forest;2
14702;42;166;1;land;false;forest;2
14703;0;182;1;land;false;plains;2
14704;23;160;1;land;false;plains;2
14705;68;166;1;land;false;forest;2
14706;35;230;1;land;false;plains;2
14707;74;82;1;land;false;forest;2
14708;23;62;1;land;false;forest;2
14709;61;82;1;land;false;forest;2
14710;79;33;1;land;false;forest;2
14711;47;53;1;land;false;forest;2
14712;3;46;1;land;false;forest;2
14713;34;58;1;land;false;forest;2
14714;65;88;1;land;false;forest;2
14715;31;75;1;land;false;forest;2
14716;59;131;1;land;false;plains;2
14717;131;139;1;land;false;plains;2
14718;109;165;1;land;false;plains;2
14719;170;28;1;land;false;plains;2
14720;158;11;1;land;false;plains;2
14721;148;30;1;land;false;plains;2
14722;140;24;1;land;false;plains;2
14723;153;8;1;land;false;plains;2
14724;112;27;1;land;false;plains;2
14725;172;19;1;land;false;plains;2
14726;171;11;1;land;false;plains;2
14727;127;26;1;land;false;plains;2
14728;24;130;1;land;false;forest;2
14729;38;139;1;land;false;forest;2
14730;13;125;1;land;false;forest;2
14731;52;99;1;land;false;plains;2
14732;57;96;1;land;false;plains;2
14733;40;122;1;land;false;plains;2
14734;190;69;1;land;false;mountain;2
14735;163;40;1;land;false;plains;2
14736;182;76;1;land;false;plains;2
14737;156;51;1;land;false;plains;2
14738;192;37;1;land;false;plains;2
14739;224;115;1;land;false;plains;2
14740;151;111;1;land;false;plains;2
14741;167;59;1;land;false;plains;2
14742;181;68;1;land;false;plains;2
14743;216;67;1;land;false;jungle;2
14744;215;76;1;land;false;plains;2
14745;247;81;1;land;false;plains;2
14746;237;127;1;land;false;plains;2
14747;224;106;1;land;false;plains;2
14748;208;193;1;land;false;hills;2
14749;245;244;1;land;false;plains;2
14750;245;171;1;land;false;plains;2
14751;221;201;1;land;false;plains;2
14752;237;214;1;land;false;plains;2
14753;237;228;1;land;false;plains;2
14754;207;203;1;land;false;plains;2
14755;245;213;1;land;false;plains;2
14756;196;148;1;land;false;forest;2
14757;135;160;1;land;false;plains;2
14758;133;219;1;land;false;forest;2
14759;72;6;1;land;false;jungle;2
14760;53;20;1;land;false;forest;2
14761;56;1;1;land;false;jungle;2
14762;42;11;1;land;false;forest;2
14763;39;19;1;land;false;forest;2
14764;38;70;1;land;false;plains;2
14765;85;79;1;land;false;plains;2
14766;54;17;1;land;false;plains;2
14767;97;69;1;land;false;plains;2
14768;105;42;1;land;false;plains;2
14769;104;19;1;land;false;plains;2
14770;130;47;1;land;false;plains;2
14771;29;11;1;land;false;mountain;2
14772;45;28;1;land;false;plains;2
14773;25;48;1;land;false;plains;2
14774;36;48;1;land;false;mountain;2
14775;30;30;1;land;false;mountain;2
14776;35;33;1;land;false;hills;2
14777;48;20;1;land;false;plains;2
14778;19;98;1;land;false;forest;2
14779;22;164;1;land;false;forest;2
14780;3;98;1;land;false;forest;2
14781;14;98;1;land;false;forest;2
14782;1;156;1;land;false;forest;2
14783;46;117;1;land;false;forest;2
14784;55;170;1;land;false;forest;2
14785;35;136;1;land;false;forest;2
14786;56;105;1;land;false;forest;2
14787;174;252;1;land;true;forest;2
14788;133;209;1;land;true;forest;2
14789;172;226;1;land;true;forest;2
14790;155;245;1;land;true;forest;2
14791;138;209;1;land;false;forest;2
14792;137;227;1;land;true;forest;2
14793;114;201;1;land;false;forest;2
14794;190;90;1;land;false;plains;2
14795;167;243;1;land;false;plains;2
14796;172;250;1;land;false;plains;2
14797;162;223;1;land;false;plains;2
14798;179;213;1;land;false;plains;2
14799;144;214;1;land;false;hills;2
14800;222;253;1;land;false;desert;2
14801;202;251;1;land;false;plains;2
14802;216;210;1;land;false;plains;2
14803;157;244;1;land;false;plains;2
14804;215;210;1;land;false;plains;2
14805;217;241;1;land;false;plains;2
14806;143;208;1;land;false;plains;2
14807;163;213;1;land;false;desert;2
14808;166;233;1;land;false;plains;2
14809;150;226;1;land;false;plains;2
14810;211;247;1;land;false;plains;2
14811;169;220;1;land;false;plains;2
14812;186;244;1;land;false;desert;2
14813;209;235;1;land;false;plains;2
14814;219;252;1;land;false;plains;2
14815;169;208;1;land;false;plains;2
14816;143;218;1;land;false;plains;2
14817;214;250;1;land;false;plains;2
14818;181;5;1;land;false;plains;2
14819;210;31;1;land;false;plains;2
14820;236;41;1;land;false;plains;2
14821;207;24;1;land;false;plains;2
14822;233;37;1;land;false;plains;2
14823;220;197;1;land;false;forest;2
14824;244;181;1;land;false;forest;2
14825;246;215;1;land;false;forest;2
14826;26;21;1;land;false;plains;2
14827;23;27;1;land;false;forest;2
14828;22;7;1;land;false;forest;2
14829;36;71;1;land;false;forest;2
14830;15;31;1;land;false;forest;2
14831;11;32;1;land;false;forest;2
14832;109;120;1;land;false;plains;2
14833;155;112;1;land;false;plains;2
14834;146;140;1;land;false;plains;2
14835;86;159;1;land;false;plains;2
14836;73;122;1;land;false;plains;2
14837;32;81;1;land;false;plains;2
14838;7;92;1;land;false;plains;2
14839;59;143;1;land;false;plains;2
14840;67;122;1;land;false;plains;2
14841;50;96;1;land;false;plains;2
14842;99;108;1;land;false;forest;2
14843;62;164;1;land;false;plains;2
14844;107;128;1;land;false;forest;2
14845;97;148;1;land;false;forest;2
14846;87;116;1;land;false;forest;2
14847;95;121;1;land;false;plains;2
14848;61;96;1;land;false;plains;2
14849;62;133;1;land;false;plains;2
14850;103;117;1;land;false;forest;2
14851;59;113;1;land;false;forest;2
14852;85;124;1;land;false;forest;2
14853;86;89;1;land;false;plains;2
14854;68;111;1;land;false;forest;2
14855;62;168;1;land;false;forest;2
14856;192;72;1;land;false;plains;2
14857;208;47;1;land;false;hills;2
14858;252;79;1;land;false;plains;2
14859;253;74;1;land;false;hills;2
14860;184;104;1;land;false;hills;2
14861;8;133;1;land;false;plains;2
14862;33;117;1;land;false;mountain;2
14863;36;62;1;land;false;hills;2
14864;17;120;1;land;false;mountain;2
14865;36;104;1;land;false;hills;2
14866;16;119;1;land;false;plains;2
14867;32;90;1;land;false;hills;2
14868;8;103;1;land;false;mountain;2
14869;36;106;1;land;false;hills;2
14870;34;134;1;land;false;mountain;2
14871;29;121;1;land;false;mountain;2
14872;8;119;1;land;false;hills;2
14873;30;73;1;land;false;hills;2
14874;9;92;1;land;false;mountain;2
14875;22;133;1;land;false;hills;2
14876;17;69;1;land;false;hills;2
14877;32;113;1;land;false;plains;2
14878;8;66;1;land;false;hills;2
14879;12;132;1;land;false;mountain;2
14880;36;101;1;land;false;hills;2
14881;19;105;1;land;false;mountain;2
14882;4;69;1;land;false;plains;2
14883;6;111;1;land;false;hills;2
14884;39;68;1;land;false;hills;2
14885;15;85;1;land;false;mountain;2
14886;14;118;1;land;false;hills;2
14887;25;112;1;land;false;mountain;2
14888;236;174;1;land;false;plains;2
14889;215;218;1;land;false;plains;2
14890;222;218;1;land;false;plains;2
14891;246;240;1;land;false;plains;2
14892;226;235;1;land;false;plains;2
14893;223;251;1;land;false;plains;2
14894;218;184;1;land;false;plains;2
14895;215;235;1;land;false;plains;2
14896;169;32;1;land;false;plains;2
14897;136;67;1;land;false;plains;2
14898;148;92;1;land;false;plains;2
14899;134;76;1;land;false;plains;2
14900;132;82;1;land;false;plains;2
14901;168;99;1;land;false;plains;2
14902;181;99;1;land;false;plains;2
14903;141;105;1;land;false;plains;2
14904;123;76;1;land;false;plains;2
14905;160;88;1;land;false;plains;2
14906;153;44;1;land;false;plains;2
14907;166;61;1;land;false;plains;2
14908;56;2;1;land;false;forest;2
14909;106;29;1;land;false;forest;2
14910;47;45;1;land;false;forest;2
14911;147;76;1;land;false;plains;2
14912;88;92;1;land;false;plains;2
14913;112;63;1;land;false;plains;2
14914;107;56;1;land;false;plains;2
14915;141;56;1;land;false;plains;2
14916;99;30;1;land;false;plains;2
14917;139;62;1;land;false;plains;2
14918;129;168;1;land;false;forest;2
14919;98;158;1;land;false;hills;2
14920;123;161;1;land;false;plains;2
14921;102;144;1;land;false;plains;2
14922;139;194;1;land;false;plains;2
14923;133;149;1;land;false;plains;2
14924;147;138;1;land;false;plains;2
14925;134;176;1;land;false;mountain;2
14926;111;153;1;land;false;plains;2
14927;96;149;1;land;false;plains;2
14928;163;149;1;land;false;plains;2
14929;115;160;1;land;false;plains;2
14930;146;202;1;land;false;hills;2
14931;34;49;1;land;false;plains;2
14932;56;63;1;land;false;plains;2
14933;15;43;1;land;false;plains;2
14934;0;52;1;land;false;plains;2
14935;8;25;1;land;false;plains;2
14936;1;37;1;land;false;plains;2
14937;36;17;1;land;false;plains;2
14938;28;59;1;land;false;plains;2
14939;2;46;1;land;false;plains;2
14940;18;63;1;land;false;plains;2
14941;70;47;1;land;false;hills;2
14942;60;54;1;land;false;plains;2
14943;39;66;1;land;false;plains;2
14944;36;28;1;land;false;plains;2
14945;70;107;1;land;false;forest;2
14946;45;174;1;land;false;forest;2
14947;83;152;1;land;false;forest;2
14948;60;216;1;land;false;plains;2
14949;78;237;1;land;false;plains;2
14950;61;226;1;land;false;forest;2
14951;56;229;1;land;false;plains;2
14952;224;30;1;land;false;jungle;2
14953;217;54;1;land;false;forest;2
14954;245;60;1;land;false;plains;2
14955;190;164;1;land;false;forest;2
14956;231;136;1;land;false;forest;2
14957;153;127;1;land;false;forest;2
14958;230;181;1;land;false;forest;2
14959;159;180;1;land;false;hills;2
14960;134;106;1;land;false;hills;2
14961;143;132;1;land;false;hills;2
14962;104;170;1;land;false;hills;2
14963;145;128;1;land;false;plains;2
14964;4;125;1;land;false;forest;2
14965;28;78;1;land;false;forest;2
14966;46;77;1;land;false;forest;2
14967;30;96;1;land;false;forest;2
14968;3;68;1;land;false;forest;2
14969;210;85;1;land;false;forest;2
14970;180;115;1;land;false;forest;2
14971;167;225;1;land;false;plains;2
14972;215;187;1;land;false;plains;2
14973;169;218;1;land;false;plains;2
14974;205;116;1;land;false;plains;2
14975;249;91;1;land;true;plains;2
14976;197;96;1;land;false;plains;2
14977;220;79;1;land;false;plains;2
14978;245;126;1;land;true;plains;2
14979;199;54;1;land;true;plains;2
14980;134;36;1;land;false;plains;2
14981;85;68;1;land;false;plains;2
14982;129;79;1;land;false;plains;2
14983;99;130;1;land;false;plains;2
14984;99;135;1;land;false;plains;2
14985;101;132;1;land;false;plains;2
14986;168;49;1;land;false;mountain;2
14987;161;61;1;land;false;plains;2
14988;142;96;1;land;false;hills;2
14989;118;79;1;land;false;plains;2
14990;159;55;1;land;false;hills;2
14991;157;81;1;land;false;plains;2
14992;114;86;1;land;false;plains;2
14993;147;80;1;land;false;hills;2
14994;135;222;1;land;false;plains;2
14995;164;215;1;land;false;plains;2
14996;175;254;1;land;false;plains;2
14997;201;202;1;land;false;plains;2
14998;130;215;1;land;false;plains;2
14999;242;40;1;land;false;forest;2
15000;220;17;1;land;false;plains;2
15001;67;183;1;land;false;plains;2
15002;55;222;1;land;false;mountain;2
15003;97;226;1;land;false;plains;2
15004;118;253;1;land;false;hills;2
15005;97;245;1;land;false;plains;2
15006;117;185;1;land;false;plains;2
15007;106;178;1;land;false;plains;2
15008;78;253;1;land;false;hills;2
15009;126;212;1;land;false;mountain;2
15010;64;223;1;land;false;hills;2
15011;128;194;1;land;false;mountain;2
15012;106;229;1;land;false;plains;2
15013;84;180;1;land;false;mountain;2
15014;60;178;1;land;false;hills;2
15015;101;220;1;land;false;plains;2
15016;125;36;1;land;false;plains;2
15017;110;93;1;land;false;plains;2
15018;130;64;1;land;false;plains;2
15019;119;64;1;land;false;plains;2
15020;70;100;1;land;false;plains;2
15021;61;66;1;land;false;plains;2
15022;83;94;1;land;false;desert;2
15023;113;36;1;land;false;plains;2
15024;82;51;1;land;false;plains;2
15025;114;34;1;land;false;plains;2
15026;107;87;1;land;false;plains;2
15027;132;54;1;land;false;desert;2
15028;140;97;1;land;false;plains;2
15029;111;190;1;land;false;mountain;2
15030;121;190;1;land;false;plains;2
15031;164;208;1;land;false;hills;2
15032;146;212;1;land;false;hills;2
15033;132;211;1;land;false;mountain;2
15034;130;192;1;land;false;hills;2
15035;123;192;1;land;false;plains;2
15036;110;237;1;land;false;hills;2
15037;97;221;1;land;false;plains;2
15038;115;248;1;land;false;plains;2
15039;155;228;1;land;false;plains;2
15040;152;212;1;land;false;mountain;2
15041;126;249;1;land;false;hills;2
15042;136;214;1;land;false;hills;2
15043;161;189;1;land;false;hills;2
15044;135;224;1;land;false;plains;2
15045;123;53;1;land;false;forest;2
15046;157;73;1;land;false;plains;2
15047;181;56;1;land;false;plains;2
15048;149;123;1;land;false;forest;2
15049;158;50;1;land;false;plains;2
15050;126;100;1;land;false;plains;2
15051;49;35;1;land;false;plains;2
15052;28;27;1;land;false;plains;2
15053;35;64;1;land;false;plains;2
15054;16;67;1;land;false;plains;2
15055;188;14;1;land;false;forest;2
15056;231;3;1;land;false;plains;2
15057;192;12;1;land;false;forest;2
15058;193;23;1;land;false;forest;2
15059;175;52;1;land;false;plains;2
15060;159;17;1;land;false;forest;2
15061;240;156;1;land;false;mountain;2
15062;229;178;1;land;false;plains;2
15063;185;173;1;land;false;hills;2
15064;249;188;1;land;false;hills;2
15065;235;154;1;land;false;plains;2
15066;239;201;1;land;false;hills;2
15067;252;25;1;land;false;plains;2
15068;201;59;1;land;false;plains;2
15069;233;35;1;land;false;plains;2
15070;201;28;1;land;false;plains;2
15071;221;17;1;land;false;plains;2
15072;206;233;1;land;false;plains;2
15073;179;237;1;land;false;plains;2
15074;207;254;1;land;false;plains;2
15075;231;224;1;land;false;plains;2
15076;69;29;1;land;false;plains;2
15077;101;10;1;land;false;plains;2
15078;93;29;1;land;false;plains;2
15079;39;49;1;land;false;plains;2
15080;35;28;1;land;false;plains;2
15081;19;68;1;land;false;plains;2
15082;49;87;1;land;false;plains;2
15083;21;88;1;land;false;plains;2
15084;8;32;1;land;false;plains;2
15085;17;59;1;land;false;plains;2
15086;138;129;1;land;false;plains;2
15087;156;81;1;land;false;mountain;2
15088;142;111;1;land;false;hills;2
15089;138;79;1;land;false;mountain;2
15090;150;109;1;land;false;hills;2
15091;123;105;1;land;false;mountain;2
15092;133;76;1;land;false;plains;2
15093;164;115;1;land;false;mountain;2
15094;138;138;1;land;false;plains;2
15095;178;89;1;land;false;plains;2
15096;173;113;1;land;false;mountain;2
15097;110;70;1;land;false;mountain;2
15098;150;146;1;land;false;plains;2
15099;110;144;1;land;false;mountain;2
15100;140;125;1;land;false;plains;2
15101;248;226;1;land;false;jungle;2
15102;215;245;1;land;false;forest;2
15103;92;171;1;land;false;plains;2
15104;80;232;1;land;false;plains;2
15105;43;219;1;land;false;plains;2
15106;31;234;1;land;false;plains;2
15107;71;172;1;land;false;plains;2
15108;82;234;1;land;false;plains;2
15109;64;227;1;land;false;plains;2
15110;94;231;1;land;false;plains;2
15111;76;166;1;land;false;plains;2
15112;80;184;1;land;false;plains;2
15113;94;166;1;land;false;plains;2
15114;29;218;1;land;false;plains;2
15115;25;224;1;land;false;plains;2
15116;41;229;1;land;false;plains;2
15117;36;175;1;land;false;plains;2
15118;84;214;1;land;false;plains;2
15119;180;211;1;land;false;forest;2
15120;162;218;1;land;false;forest;2
15121;127;188;1;land;false;forest;2
15122;111;38;1;land;false;plains;2
15123;154;36;1;land;false;plains;2
15124;160;54;1;land;false;plains;2
15125;213;84;1;land;false;desert;2
15126;210;52;1;land;true;desert;2
15127;213;50;1;land;false;desert;2
15128;234;83;1;land;false;desert;2
15129;198;77;1;land;true;desert;2
15130;246;23;1;land;false;desert;2
15131;230;94;1;land;false;desert;2
15132;243;41;1;land;true;desert;2
15133;246;29;1;land;false;desert;2
15134;220;55;1;land;false;desert;2
15135;210;87;1;land;true;desert;2
15136;243;63;1;land;false;desert;2
15137;199;75;1;land;true;desert;2
15138;210;59;1;land;false;desert;2
15139;249;94;1;land;false;desert;2
15140;157;82;1;land;false;forest;2
15141;176;66;1;land;false;forest;2
15142;161;72;1;land;false;hills;2
15143;125;67;1;land;false;forest;2
15144;146;92;1;land;false;forest;2
15145;167;94;1;land;false;forest;2
15146;76;209;1;land;false;forest;2
15147;91;190;1;land;false;plains;2
15148;91;173;1;land;false;forest;2
15149;130;220;1;land;false;plains;2
15150;133;211;1;land;false;plains;2
15151;75;188;1;land;false;forest;2
15152;108;170;1;land;false;forest;2
15153;81;148;1;land;false;plains;2
15154;117;192;1;land;false;forest;2
15155;115;193;1;land;false;plains;2
15156;121;185;1;land;false;plains;2
15157;95;178;1;land;false;forest;2
15158;144;203;1;land;false;forest;2
15159;198;13;1;land;false;plains;2
15160;200;37;1;land;false;plains;2
15161;150;46;1;land;false;plains;2
15162;145;3;1;land;false;plains;2
15163;217;33;1;land;false;plains;2
15164;184;18;1;land;false;plains;2
15165;165;45;1;land;false;plains;2
15166;199;58;1;land;false;plains;2
15167;169;70;1;land;false;plains;2
15168;32;170;1;land;false;plains;2
15169;2;149;1;land;false;desert;2
15170;15;174;1;land;false;plains;2
15171;7;136;1;land;false;plains;2
15172;52;174;1;land;false;plains;2
15173;17;191;1;land;false;plains;2
15174;50;156;1;land;false;plains;2
15175;35;152;1;land;false;plains;2
15176;1;173;1;land;false;plains;2
15177;42;139;1;land;false;plains;2
15178;25;123;1;land;false;plains;2
15179;1;188;1;land;false;plains;2
15180;46;162;1;land;false;desert;2
15181;22;121;1;land;false;plains;2
15182;56;152;1;land;false;plains;2
15183;66;139;1;land;false;plains;2
15184;67;194;1;land;false;desert;2
15185;25;133;1;land;false;desert;2
15186;53;163;1;land;false;plains;2
15187;44;184;1;land;false;plains;2
15188;45;129;1;land;false;plains;2
15189;1;186;1;land;false;desert;2
15190;25;152;1;land;false;plains;2
15191;43;175;1;land;false;plains;2
15192;11;157;1;land;false;plains;2
15193;57;156;1;land;false;desert;2
15194;49;189;1;land;false;plains;2
15195;65;153;1;land;false;plains;2
15196;70;183;1;land;false;plains;2
15197;186;200;1;land;false;plains;2
15198;144;236;1;land;false;forest;2
15199;174;224;1;land;false;forest;2
15200;33;80;1;land;false;plains;2
15201;10;132;1;land;false;plains;2
15202;4;138;1;land;false;plains;2
15203;53;116;1;land;false;plains;2
15204;14;251;1;land;false;forest;2
15205;23;232;1;land;false;forest;2
15206;30;198;1;land;false;plains;2
15207;24;208;1;land;false;forest;2
15208;119;132;1;land;false;plains;2
15209;147;118;1;land;false;plains;2
15210;106;127;1;land;false;plains;2
15211;149;112;1;land;false;plains;2
15212;236;157;1;land;false;plains;2
15213;209;174;1;land;false;plains;2
15214;209;134;1;land;false;plains;2
15215;194;136;1;land;false;plains;2
15216;195;207;1;land;false;plains;2
15217;216;200;1;land;false;plains;2
15218;230;193;1;land;false;plains;2
15219;211;194;1;land;false;plains;2
15220;205;191;1;land;false;plains;2
15221;242;145;1;land;false;plains;2
15222;245;166;1;land;false;plains;2
15223;232;154;1;land;false;plains;2
15224;215;198;1;land;false;plains;2
15225;235;165;1;land;false;plains;2
15226;208;168;1;land;false;plains;2
15227;160;172;1;land;false;forest;2
15228;110;155;1;land;false;forest;2
15229;148;183;1;land;false;forest;2
15230;183;120;1;land;false;forest;2
15231;142;13;1;land;false;desert;2
15232;115;20;1;land;false;plains;2
15233;129;13;1;land;false;desert;2
15234;98;52;1;land;false;desert;2
15235;131;34;1;land;false;plains;2
15236;105;17;1;land;false;desert;2
15237;70;35;1;land;false;desert;2
15238;109;44;1;land;false;desert;2
15239;83;3;1;land;false;desert;2
15240;128;31;1;land;false;desert;2
15241;143;37;1;land;false;desert;2
15242;90;16;1;land;false;plains;2
15243;78;32;1;land;false;plains;2
15244;142;23;1;land;false;plains;2
15245;97;7;1;land;false;desert;2
15246;107;43;1;land;false;desert;2
15247;129;25;1;land;false;desert;2
15248;133;5;1;land;false;desert;2
15249;81;26;1;land;false;desert;2
15250;76;22;1;land;false;desert;2
15251;73;44;1;land;false;desert;2
15252;65;9;1;land;false;plains;2
15253;79;32;1;land;false;plains;2
15254;92;50;1;land;false;desert;2
15255;138;20;1;land;false;plains;2
15256;120;38;1;land;false;desert;2
15257;71;12;1;land;false;plains;2
15258;79;45;1;land;false;plains;2
15259;184;109;1;land;false;plains;2
15260;130;90;1;land;false;plains;2
15261;154;140;1;land;false;plains;2
15262;199;145;1;land;false;plains;2
15263;175;112;1;land;false;plains;2
15264;169;140;1;land;false;plains;2
15265;48;203;1;land;false;forest;2
15266;4;206;1;land;false;forest;2
15267;56;233;1;land;false;forest;2
15268;17;216;1;land;false;forest;2
15269;17;248;1;land;false;forest;2
15270;32;220;1;land;false;forest;2
15271;22;237;1;land;false;forest;2
15272;18;247;1;land;false;forest;2
15273;0;243;1;land;false;forest;2
15274;32;78;1;land;false;plains;2
15275;13;134;1;land;false;plains;2
15276;2;73;1;land;false;jungle;2
15277;50;100;1;land;false;forest;2
15278;43;108;1;land;false;hills;2
15279;35;121;1;land;false;plains;2
15280;51;125;1;land;false;hills;2
15281;12;122;1;land;false;plains;2
15282;43;71;1;land;false;jungle;2
15283;154;224;1;land;false;plains;2
15284;133;206;1;land;false;plains;2
15285;215;244;1;land;false;plains;2
15286;188;187;1;land;false;plains;2
15287;192;222;1;land;false;plains;2
15288;211;193;1;land;false;plains;2
15289;220;243;1;land;false;plains;2
15290;223;233;1;land;false;plains;2
15291;138;175;1;land;false;forest;2
15292;135;213;1;land;false;forest;2
15293;107;217;1;land;false;plains;2
15294;107;199;1;land;false;forest;2
15295;119;232;1;land;false;forest;2
15296;158;168;1;land;false;plains;2
15297;128;158;1;land;false;forest;2
15298;93;47;1;land;false;plains;2
15299;92;12;1;land;false;plains;2
15300;96;37;1;land;false;plains;2
15301;124;60;1;land;false;plains;2
15302;147;22;1;land;true;forest;2
15303;130;26;1;land;false;jungle;2
15304;121;33;1;land;false;forest;2
15305;131;2;1;land;false;forest;2
15306;129;8;1;land;false;forest;2
15307;136;15;1;land;false;forest;2
15308;132;46;1;land;false;forest;2
15309;135;21;1;land;false;forest;2
15310;112;11;1;land;false;forest;2
15311;161;37;1;land;false;jungle;2
15312;143;28;1;land;false;forest;2
15313;157;51;1;land;true;forest;2
15314;145;8;1;land;false;jungle;2
15315;159;23;1;land;false;mountain;2
15316;166;54;1;land;false;mountain;2
15317;116;22;1;land;true;forest;2
15318;157;26;1;land;false;jungle;2
15319;110;15;1;land;false;forest;2
15320;96;42;1;land;false;forest;2
15321;141;11;1;land;false;forest;2
15322;92;37;1;land;false;mountain;2
15323;142;52;1;land;false;forest;2
15324;130;55;1;land;false;forest;2
15325;163;48;1;land;false;jungle;2
15326;173;44;1;land;false;mountain;2
15327;168;84;1;land;false;hills;2
15328;231;79;1;land;false;plains;2
15329;201;104;1;land;false;hills;2
15330;92;143;1;land;false;mountain;2
15331;87;176;1;land;false;hills;2
15332;134;152;1;land;false;hills;2
15333;122;152;1;land;false;hills;2
15334;118;207;1;land;false;plains;2
15335;110;176;1;land;false;hills;2
15336;97;164;1;land;false;mountain;2
15337;96;176;1;land;false;plains;2
15338;131;186;1;land;false;mountain;2
15339;122;159;1;land;false;hills;2
15340;103;221;1;land;false;plains;2
15341;124;157;1;land;false;plains;2
15342;136;153;1;land;false;mountain;2
15343;97;197;1;land;false;plains;2
15344;188;12;1;land;false;desert;2
15345;226;67;1;land;false;desert;2
15346;188;25;1;land;false;desert;2
15347;221;58;1;land;false;desert;2
15348;213;24;1;land;false;desert;2
15349;206;52;1;land;false;desert;2
15350;210;15;1;land;false;desert;2
15351;231;10;1;land;false;desert;2
15352;229;44;1;land;false;desert;2
15353;177;15;1;land;true;desert;2
15354;244;79;1;land;false;desert;2
15355;214;38;1;land;false;desert;2
15356;241;86;1;land;true;desert;2
15357;254;57;1;land;false;desert;2
15358;254;87;1;land;false;desert;2
15359;176;42;1;land;false;desert;2
15360;191;77;1;land;true;desert;2
15361;221;11;1;land;true;desert;2
15362;215;29;1;land;true;desert;2
15363;225;69;1;land;false;desert;2
15364;190;42;1;land;true;desert;2
15365;246;46;1;land;false;desert;2
15366;194;73;1;land;false;desert;2
15367;241;73;1;land;false;desert;2
15368;235;8;1;land;false;desert;2
15369;250;66;1;land;false;desert;2
15370;176;58;1;land;true;desert;2
15371;226;71;1;land;true;desert;2
15372;227;54;1;land;false;desert;2
15373;237;57;1;land;false;desert;2
15374;182;59;1;land;false;desert;2
15375;194;22;1;land;false;desert;2
15376;248;47;1;land;false;desert;2
15377;218;76;1;land;false;desert;2
15378;197;39;1;land;true;desert;2
15379;226;12;1;land;false;desert;2
15380;207;59;1;land;true;desert;2
15381;203;44;1;land;false;desert;2
15382;250;27;1;land;false;desert;2
15383;249;24;1;land;false;desert;2
15384;212;23;1;land;false;desert;2
15385;211;57;1;land;false;desert;2
15386;179;85;1;land;false;desert;2
15387;233;11;1;land;false;desert;2
15388;203;50;1;land;false;desert;2
15389;220;16;1;land;true;desert;2
15390;203;26;1;land;true;desert;2
15391;253;65;1;land;false;desert;2
15392;190;20;1;land;false;desert;2
15393;233;52;1;land;false;desert;2
15394;98;43;1;land;false;plains;2
15395;171;239;1;land;false;forest;2
15396;175;250;1;land;false;forest;2
15397;190;218;1;land;false;forest;2
15398;219;234;1;land;false;forest;2
15399;233;252;1;land;false;forest;2
15400;179;232;1;land;false;forest;2
15401;187;254;1;land;false;forest;2
15402;54;226;1;land;false;plains;2
15403;83;228;1;land;false;plains;2
15404;2;139;1;land;false;plains;2
15405;53;77;1;land;false;mountain;2
15406;18;100;1;land;false;mountain;2
15407;27;72;1;land;false;mountain;2
15408;30;130;1;land;false;mountain;2
15409;25;102;1;land;false;hills;2
15410;39;99;1;land;false;mountain;2
15411;63;86;1;land;false;hills;2
15412;27;97;1;land;false;forest;2
15413;136;229;1;land;false;plains;2
15414;194;165;1;land;false;hills;2
15415;200;209;1;land;false;plains;2
15416;138;184;1;land;false;plains;2
15417;191;208;1;land;false;plains;2
15418;140;222;1;land;false;plains;2
15419;181;176;1;land;false;mountain;2
15420;192;170;1;land;false;plains;2
15421;193;187;1;land;false;plains;2
15422;140;229;1;land;false;mountain;2
15423;178;215;1;land;false;plains;2
15424;221;89;1;land;false;forest;2
15425;234;72;1;land;false;hills;2
15426;207;37;1;land;false;forest;2
15427;85;133;1;land;false;forest;2
15428;11;103;1;land;false;forest;2
15429;27;83;1;land;false;forest;2
15430;57;71;1;land;false;forest;2
15431;12;144;1;land;false;forest;2
15432;15;99;1;land;false;forest;2
15433;181;104;1;land;false;plains;2
15434;190;80;1;land;false;plains;2
15435;128;80;1;land;false;plains;2
15436;123;80;1;land;false;plains;2
15437;95;225;1;land;false;desert;2
15438;138;252;1;land;true;desert;2
15439;79;242;1;land;false;desert;2
15440;113;187;1;land;false;desert;2
15441;122;191;1;land;true;desert;2
15442;151;197;1;land;true;desert;2
15443;133;204;1;land;false;desert;2
15444;136;182;1;land;false;desert;2
15445;138;213;1;land;false;desert;2
15446;114;206;1;land;false;desert;2
15447;100;241;1;land;false;desert;2
15448;112;236;1;land;true;desert;2
15449;152;226;1;land;false;desert;2
15450;108;217;1;land;true;desert;2
15451;104;220;1;land;false;desert;2
15452;151;250;1;land;false;desert;2
15453;130;202;1;land;false;desert;2
15454;148;209;1;land;false;desert;2
15455;95;203;1;land;true;desert;2
15456;149;202;1;land;true;desert;2
15457;134;192;1;land;true;desert;2
15458;241;59;1;land;false;plains;2
15459;184;76;1;land;false;plains;2
15460;227;61;1;land;false;plains;2
15461;228;119;1;land;false;plains;2
15462;209;75;1;land;false;plains;2
15463;245;67;1;land;false;forest;2
15464;218;96;1;land;false;desert;2
15465;229;63;1;land;false;desert;2
15466;251;53;1;land;false;desert;2
15467;216;36;1;land;false;desert;2
15468;246;73;1;land;false;desert;2
15469;239;62;1;land;false;desert;2
15470;217;16;1;land;false;desert;2
15471;229;40;1;land;false;desert;2
15472;223;63;1;land;false;desert;2
15473;253;27;1;land;false;desert;2
15474;240;51;1;land;false;hills;2
15475;220;42;1;land;false;desert;2
15476;254;81;1;land;false;desert;2
15477;226;33;1;land;false;desert;2
15478;213;34;1;land;false;plains;2
15479;212;125;1;land;false;plains;2
15480;184;149;1;land;false;plains;2
15481;207;144;1;land;false;plains;2
15482;35;192;1;land;false;plains;2
15483;79;155;1;land;false;plains;2
15484;81;131;1;land;false;plains;2
15485;65;167;1;land;false;plains;2
15486;240;237;1;land;false;forest;2
15487;254;249;1;land;false;forest;2
15488;236;252;1;land;false;forest;2
15489;254;243;1;land;false;forest;2
15490;214;253;1;land;false;plains;2
15491;204;248;1;land;false;forest;2
15492;101;34;1;land;false;plains;2
15493;95;34;1;land;false;plains;2
15494;81;19;1;land;false;plains;2
15495;74;40;1;land;false;forest;2
15496;146;245;1;land;false;plains;2
15497;168;206;1;land;false;desert;2
15498;186;214;1;land;false;plains;2
15499;145;233;1;land;false;plains;2
15500;132;226;1;land;false;plains;2
15501;193;238;1;land;false;desert;2
15502;175;207;1;land;false;desert;2
15503;129;218;1;land;false;plains;2
15504;139;243;1;land;false;plains;2
15505;28;65;1;land;false;plains;2
15506;20;103;1;land;false;plains;2
15507;30;72;1;land;false;forest;2
15508;34;80;1;land;false;forest;2
15509;14;123;1;land;false;plains;2
15510;101;79;1;land;false;mountain;2
15511;101;119;1;land;false;plains;2
15512;147;70;1;land;false;mountain;2
15513;147;132;1;land;false;hills;2
15514;126;67;1;land;false;hills;2
15515;92;75;1;land;false;mountain;2
15516;128;94;1;land;false;plains;2
15517;95;99;1;land;false;hills;2
15518;100;117;1;land;false;plains;2
15519;123;75;1;land;false;hills;2
15520;81;74;1;land;false;hills;2
15521;25;31;1;land;false;plains;2
15522;25;85;1;land;false;plains;2
15523;15;92;1;land;false;plains;2
15524;65;33;1;land;false;plains;2
15525;65;83;1;land;false;plains;2
15526;228;24;1;land;false;forest;2
15527;248;29;1;land;false;forest;2
15528;238;40;1;land;false;forest;2
15529;252;39;1;land;false;forest;2
15530;251;8;1;land;false;forest;2
15531;219;20;1;land;false;forest;2
15532;224;24;1;land;false;forest;2
15533;6;213;1;land;false;plains;2
15534;26;206;1;land;false;plains;2
15535;40;238;1;land;false;plains;2
15536;15;223;1;land;false;plains;2
15537;7;231;1;land;false;plains;2
15538;35;198;1;land;false;plains;2
15539;246;50;1;land;false;plains;2
15540;222;95;1;land;false;plains;2
15541;209;117;1;land;false;plains;2
15542;203;109;1;land;false;plains;2
15543;51;72;1;land;false;plains;2
15544;78;60;1;land;false;plains;2
15545;59;83;1;land;false;plains;2
15546;115;62;1;land;false;plains;2
15547;44;62;1;land;false;plains;2
15548;174;227;1;land;false;forest;2
15549;154;54;1;land;false;plains;2
15550;185;81;1;land;false;plains;2
15551;138;25;1;land;false;plains;2
15552;210;170;1;land;true;jungle;2
15553;208;189;1;land;false;jungle;2
15554;208;121;1;land;true;forest;2
15555;208;119;1;land;true;forest;2
15556;174;219;1;land;false;plains;2
15557;178;214;1;land;false;plains;2
15558;222;207;1;land;false;plains;2
15559;158;221;1;land;false;plains;2
15560;201;207;1;land;false;plains;2
15561;162;202;1;land;false;plains;2
15562;223;244;1;land;false;plains;2
15563;168;199;1;land;false;plains;2
15564;222;237;1;land;false;plains;2
15565;172;227;1;land;false;plains;2
15566;22;87;1;land;false;forest;2
15567;19;210;1;land;false;plains;2
15568;46;234;1;land;false;forest;2
15569;57;238;1;land;false;plains;2
15570;76;226;1;land;false;plains;2
15571;40;242;1;land;false;forest;2
15572;65;4;1;land;false;plains;2
15573;114;63;1;land;false;plains;2
15574;118;34;1;land;false;plains;2
15575;11;16;1;land;false;plains;2
15576;3;16;1;land;false;plains;2
15577;10;17;1;land;false;plains;2
15578;12;32;1;land;false;plains;2
15579;27;3;1;land;false;plains;2
15580;175;224;1;land;false;plains;2
15581;186;249;1;land;false;plains;2
15582;232;205;1;land;false;plains;2
15583;224;230;1;land;false;plains;2
15584;234;248;1;land;false;plains;2
15585;223;236;1;land;false;plains;2
15586;177;242;1;land;false;plains;2
15587;235;213;1;land;false;plains;2
15588;184;215;1;land;false;plains;2
15589;150;220;1;land;false;plains;2
15590;121;233;1;land;false;desert;2
15591;96;181;1;land;false;desert;2
15592;100;179;1;land;false;desert;2
15593;115;224;1;land;false;desert;2
15594;112;219;1;land;false;desert;2
15595;85;177;1;land;false;desert;2
15596;130;236;1;land;false;desert;2
15597;149;224;1;land;false;desert;2
15598;92;176;1;land;false;desert;2
15599;78;182;1;land;false;desert;2
15600;152;219;1;land;false;desert;2
15601;102;172;1;land;false;desert;2
15602;151;228;1;land;false;desert;2
15603;76;196;1;land;false;plains;2
15604;118;222;1;land;false;desert;2
15605;153;194;1;land;false;desert;2
15606;131;171;1;land;false;desert;2
15607;129;200;1;land;false;desert;2
15608;156;214;1;land;false;plains;2
15609;106;247;1;land;false;plains;2
15610;152;209;1;land;false;plains;2
15611;125;222;1;land;false;plains;2
15612;141;215;1;land;false;plains;2
15613;91;175;1;land;false;forest;2
15614;100;159;1;land;false;forest;2
15615;154;184;1;land;false;forest;2
15616;159;189;1;land;false;plains;2
15617;131;164;1;land;false;forest;2
15618;185;194;1;land;false;forest;2
15619;149;211;1;land;false;jungle;2
15620;168;213;1;land;false;jungle;2
15621;158;172;1;land;false;forest;2
15622;164;214;1;land;false;plains;2
15623;205;231;1;land;false;plains;2
15624;222;166;1;land;false;forest;2
15625;199;154;1;land;false;forest;2
15626;202;185;1;land;false;forest;2
15627;46;159;1;land;false;plains;2
15628;66;144;1;land;false;plains;2
15629;105;170;1;land;false;plains;2
15630;64;182;1;land;false;plains;2
15631;114;153;1;land;false;plains;2
15632;103;144;1;land;false;plains;2
15633;104;160;1;land;false;plains;2
15634;99;206;1;land;false;plains;2
15635;85;196;1;land;false;plains;2
15636;99;167;1;land;false;plains;2
15637;62;170;1;land;false;plains;2
15638;81;142;1;land;false;plains;2
15639;119;149;1;land;false;plains;2
15640;94;187;1;land;false;plains;2
15641;102;185;1;land;false;plains;2
15642;121;192;1;land;false;plains;2
15643;118;131;1;land;false;plains;2
15644;161;52;1;land;false;forest;2
15645;14;103;1;land;true;forest;2
15646;31;121;1;land;false;forest;2
15647;8;111;1;land;false;forest;2
15648;4;105;1;land;false;forest;2
15649;2;163;1;land;false;forest;2
15650;18;137;1;land;false;forest;2
15651;16;178;1;land;true;forest;2
15652;40;140;1;land;false;forest;2
15653;6;139;1;land;false;forest;2
15654;7;119;1;land;false;forest;2
15655;23;128;1;land;false;forest;2
15656;23;138;1;land;false;forest;2
15657;30;115;1;land;true;forest;2
15658;82;203;1;land;false;forest;2
15659;143;184;1;land;false;forest;2
15660;101;178;1;land;false;forest;2
15661;245;45;1;land;false;plains;2
15662;206;75;1;land;false;plains;2
15663;213;61;1;land;false;desert;2
15664;249;112;1;land;false;plains;2
15665;203;97;1;land;false;plains;2
15666;249;50;1;land;false;desert;2
15667;246;89;1;land;false;plains;2
15668;234;54;1;land;false;plains;2
15669;182;82;1;land;false;plains;2
15670;182;104;1;land;false;desert;2
15671;163;161;1;land;false;plains;2
15672;100;173;1;land;false;plains;2
15673;210;40;1;land;false;plains;2
15674;248;52;1;land;false;plains;2
15675;198;141;1;land;false;plains;2
15676;185;137;1;land;false;plains;2
15677;205;188;1;land;false;plains;2
15678;210;154;1;land;false;plains;2
15679;226;159;1;land;false;plains;2
15680;169;157;1;land;false;plains;2
15681;60;193;1;land;false;plains;2
15682;73;160;1;land;false;plains;2
15683;12;119;1;land;false;plains;2
15684;42;191;1;land;false;hills;2
15685;113;121;1;land;false;mountain;2
15686;158;121;1;land;false;hills;2
15687;169;155;1;land;false;hills;2
15688;166;131;1;land;false;mountain;2
15689;141;128;1;land;false;mountain;2
15690;186;157;1;land;false;hills;2
15691;133;228;1;land;false;plains;2
15692;148;217;1;land;false;plains;2
15693;188;254;1;land;false;plains;2
15694;148;224;1;land;false;plains;2
15695;139;231;1;land;false;plains;2
15696;27;241;1;land;true;plains;2
15697;34;227;1;land;true;plains;2
15698;15;207;1;land;false;plains;2
15699;56;241;1;land;false;plains;2
15700;39;232;1;land;false;plains;2
15701;7;202;1;land;true;plains;2
15702;25;251;1;land;false;plains;2
15703;33;218;1;land;false;plains;2
15704;5;244;1;land;true;plains;2
15705;2;233;1;land;false;plains;2
15706;48;193;1;land;true;plains;2
15707;34;198;1;land;true;plains;2
15708;41;193;1;land;false;plains;2
15709;91;229;1;land;false;plains;2
15710;113;215;1;land;false;plains;2
15711;62;198;1;land;false;plains;2
15712;97;227;1;land;false;plains;2
15713;96;201;1;land;false;plains;2
15714;71;204;1;land;false;plains;2
15715;83;201;1;land;false;plains;2
15716;97;212;1;land;false;plains;2
15717;175;28;1;land;false;forest;2
15718;158;62;1;land;false;forest;2
15719;129;91;1;land;false;forest;2
15720;153;55;1;land;false;forest;2
15721;120;26;1;land;false;forest;2
15722;220;248;1;land;false;desert;2
15723;213;228;1;land;false;desert;2
15724;192;205;1;land;false;desert;2
15725;183;247;1;land;false;desert;2
15726;211;220;1;land;false;desert;2
15727;216;254;1;land;false;desert;2
15728;241;251;1;land;false;desert;2
15729;217;234;1;land;false;desert;2
15730;240;205;1;land;false;desert;2
15731;238;238;1;land;false;desert;2
15732;231;222;1;land;false;desert;2
15733;212;207;1;land;false;desert;2
15734;246;221;1;land;false;desert;2
15735;236;210;1;land;false;desert;2
15736;209;205;1;land;false;desert;2
15737;199;207;1;land;false;desert;2
15738;182;210;1;land;false;desert;2
15739;227;206;1;land;false;desert;2
15740;191;252;1;land;false;desert;2
15741;226;229;1;land;false;desert;2
15742;199;224;1;land;false;desert;2
15743;216;229;1;land;false;desert;2
15744;207;220;1;land;false;desert;2
15745;199;211;1;land;true;desert;2
15746;209;219;1;land;false;desert;2
15747;213;217;1;land;false;desert;2
15748;229;235;1;land;true;desert;2
15749;212;215;1;land;false;desert;2
15750;211;218;1;land;false;desert;2
15751;254;211;1;land;false;desert;2
15752;217;248;1;land;false;desert;2
15753;240;227;1;land;false;desert;2
15754;227;209;1;land;false;desert;2
15755;213;230;1;land;false;desert;2
15756;198;208;1;land;false;desert;2
15757;193;225;1;land;false;desert;2
15758;186;206;1;land;false;desert;2
15759;184;248;1;land;false;desert;2
15760;238;254;1;land;false;desert;2
15761;193;222;1;land;true;desert;2
15762;215;211;1;land;false;desert;2
15763;252;205;1;land;false;desert;2
15764;247;208;1;land;false;desert;2
15765;236;224;1;land;false;desert;2
15766;253;225;1;land;false;desert;2
15767;216;206;1;land;false;desert;2
15768;181;247;1;land;false;desert;2
15769;204;211;1;land;true;desert;2
15770;228;207;1;land;true;desert;2
15771;244;209;1;land;false;desert;2
15772;213;249;1;land;false;desert;2
15773;201;247;1;land;false;desert;2
15774;212;252;1;land;false;desert;2
15775;188;210;1;land;false;desert;2
15776;207;251;1;land;false;desert;2
15777;228;211;1;land;false;desert;2
15778;195;206;1;land;false;desert;2
15779;189;223;1;land;false;desert;2
15780;222;212;1;land;false;desert;2
15781;235;247;1;land;false;desert;2
15782;202;252;1;land;false;desert;2
15783;183;207;1;land;false;desert;2
15784;181;228;1;land;false;desert;2
15785;201;252;1;land;false;desert;2
15786;207;244;1;land;false;desert;2
15787;207;242;1;land;false;desert;2
15788;253;235;1;land;false;desert;2
15789;202;223;1;land;false;desert;2
15790;245;248;1;land;false;desert;2
15791;224;240;1;land;false;desert;2
15792;199;238;1;land;false;desert;2
15793;183;215;1;land;false;desert;2
15794;187;248;1;land;false;desert;2
15795;214;241;1;land;false;desert;2
15796;215;208;1;land;true;desert;2
15797;199;233;1;land;false;desert;2
15798;226;211;1;land;false;desert;2
15799;214;218;1;land;false;desert;2
15800;251;233;1;land;false;desert;2
15801;249;239;1;land;false;desert;2
15802;182;225;1;land;false;desert;2
15803;195;253;1;land;false;desert;2
15804;230;222;1;land;false;desert;2
15805;254;241;1;land;false;desert;2
15806;226;247;1;land;false;desert;2
15807;241;229;1;land;false;desert;2
15808;190;216;1;land;false;desert;2
15809;243;242;1;land;false;desert;2
15810;181;240;1;land;false;desert;2
15811;194;252;1;land;false;desert;2
15812;220;227;1;land;false;desert;2
15813;253;234;1;land;false;desert;2
15814;216;243;1;land;false;desert;2
15815;233;227;1;land;false;desert;2
15816;251;246;1;land;false;desert;2
15817;214;243;1;land;false;desert;2
15818;250;218;1;land;true;desert;2
15819;254;220;1;land;false;desert;2
15820;245;214;1;land;false;desert;2
15821;184;254;1;land;true;desert;2
15822;214;248;1;land;false;forest;2
15823;229;206;1;land;false;forest;2
15824;166;92;1;land;false;plains;2
15825;129;77;1;land;false;plains;2
15826;182;74;1;land;false;plains;2
15827;195;216;1;land;false;forest;2
15828;144;171;1;land;false;forest;2
15829;185;160;1;land;false;forest;2
15830;66;30;1;land;false;forest;2
15831;104;57;1;land;false;forest;2
15832;106;24;1;land;false;forest;2
15833;71;64;1;land;false;forest;2
15834;64;14;1;land;false;forest;2
15835;77;17;1;land;false;forest;2
15836;83;59;1;land;false;forest;2
15837;50;161;1;land;false;plains;2
15838;104;158;1;land;false;plains;2
15839;57;181;1;land;false;plains;2
15840;71;149;1;land;false;plains;2
15841;112;185;1;land;false;plains;2
15842;59;165;1;land;false;plains;2
15843;110;177;1;land;false;plains;2
15844;52;138;1;land;false;plains;2
15845;49;181;1;land;false;plains;2
15846;82;130;1;land;false;plains;2
15847;60;203;1;land;false;plains;2
15848;95;127;1;land;false;plains;2
15849;89;137;1;land;false;plains;2
15850;73;167;1;land;false;plains;2
15851;90;147;1;land;false;plains;2
15852;53;168;1;land;false;plains;2
15853;70;128;1;land;false;plains;2
15854;117;163;1;land;false;plains;2
15855;186;6;1;land;false;plains;2
15856;219;53;1;land;false;plains;2
15857;183;23;1;land;false;plains;2
15858;161;23;1;land;false;plains;2
15859;171;69;1;land;false;plains;2
15860;184;25;1;land;false;plains;2
15861;156;32;1;land;false;plains;2
15862;218;13;1;land;false;plains;2
15863;54;21;1;land;false;plains;2
15864;79;37;1;land;false;mountain;2
15865;70;18;1;land;false;mountain;2
15866;83;6;1;land;false;plains;2
15867;70;54;1;land;false;mountain;2
15868;108;1;1;land;false;mountain;2
15869;89;19;1;land;false;mountain;2
15870;54;33;1;land;false;plains;2
15871;95;24;1;land;false;plains;2
15872;226;68;1;land;false;plains;2
15873;233;32;1;land;false;plains;2
15874;221;22;1;land;false;plains;2
15875;24;115;1;land;false;desert;2
15876;31;129;1;land;false;plains;2
15877;32;154;1;land;false;plains;2
15878;60;151;1;land;false;plains;2
15879;18;128;1;land;false;plains;2
15880;30;137;1;land;false;plains;2
15881;17;135;1;land;false;desert;2
15882;60;129;1;land;false;desert;2
15883;21;78;1;land;false;plains;2
15884;32;101;1;land;false;desert;2
15885;18;76;1;land;false;desert;2
15886;31;132;1;land;false;desert;2
15887;13;138;1;land;false;plains;2
15888;55;142;1;land;false;desert;2
15889;43;135;1;land;false;desert;2
15890;28;130;1;land;false;plains;2
15891;16;139;1;land;false;plains;2
15892;22;102;1;land;false;plains;2
15893;40;134;1;land;false;desert;2
15894;13;111;1;land;false;desert;2
15895;8;154;1;land;false;plains;2
15896;11;115;1;land;false;plains;2
15897;15;91;1;land;false;desert;2
15898;141;13;1;land;false;forest;2
15899;103;0;1;land;false;forest;2
15900;131;25;1;land;false;forest;2
15901;87;24;1;land;false;forest;2
15902;96;15;1;land;false;forest;2
15903;128;2;1;land;false;plains;2
15904;167;234;1;land;false;forest;2
15905;169;235;1;land;false;forest;2
15906;208;237;1;land;false;forest;2
15907;170;226;1;land;false;forest;2
15908;43;206;1;land;false;forest;2
15909;81;47;1;land;true;forest;2
15910;140;79;1;land;false;forest;2
15911;127;79;1;land;false;jungle;2
15912;153;58;1;land;false;forest;2
15913;126;40;1;land;false;forest;2
15914;124;100;1;land;false;jungle;2
15915;89;85;1;land;false;jungle;2
15916;145;45;1;land;true;jungle;2
15917;134;100;1;land;true;forest;2
15918;132;42;1;land;false;forest;2
15919;129;57;1;land;true;forest;2
15920;138;72;1;land;false;forest;2
15921;146;61;1;land;false;forest;2
15922;117;61;1;land;true;forest;2
15923;224;175;1;land;false;forest;2
15924;217;167;1;land;false;forest;2
15925;154;249;1;land;false;plains;2
15926;194;251;1;land;false;plains;2
15927;156;232;1;land;false;plains;2
15928;206;249;1;land;false;plains;2
15929;44;17;1;land;false;plains;2
15930;10;8;1;land;false;plains;2
15931;52;38;1;land;false;hills;2
15932;13;39;1;land;false;plains;2
15933;2;16;1;land;false;plains;2
15934;28;6;1;land;false;plains;2
15935;16;29;1;land;false;plains;2
15936;33;11;1;land;false;plains;2
15937;26;10;1;land;false;plains;2
15938;23;1;1;land;false;hills;2
15939;3;26;1;land;false;plains;2
15940;23;15;1;land;false;plains;2
15941;40;33;1;land;false;plains;2
15942;39;7;1;land;false;plains;2
15943;117;90;1;land;false;plains;2
15944;46;79;1;land;false;desert;2
15945;48;147;1;land;false;plains;2
15946;50;125;1;land;false;plains;2
15947;105;137;1;land;false;plains;2
15948;75;121;1;land;false;plains;2
15949;111;112;1;land;false;plains;2
15950;80;99;1;land;false;plains;2
15951;99;100;1;land;false;plains;2
15952;105;84;1;land;false;desert;2
15953;101;127;1;land;false;desert;2
15954;109;145;1;land;false;plains;2
15955;79;106;1;land;false;plains;2
15956;44;143;1;land;false;plains;2
15957;106;102;1;land;false;desert;2
15958;122;115;1;land;false;plains;2
15959;101;142;1;land;false;plains;2
15960;79;112;1;land;false;plains;2
15961;119;119;1;land;false;plains;2
15962;95;134;1;land;false;plains;2
15963;113;82;1;land;false;desert;2
15964;42;121;1;land;false;desert;2
15965;57;102;1;land;false;plains;2
15966;111;94;1;land;false;plains;2
15967;116;96;1;land;false;plains;2
15968;82;140;1;land;false;desert;2
15969;93;112;1;land;false;plains;2
15970;101;109;1;land;false;plains;2
15971;56;98;1;land;false;plains;2
15972;114;133;1;land;false;plains;2
15973;75;146;1;land;false;plains;2
15974;94;133;1;land;false;plains;2
15975;56;123;1;land;false;plains;2
15976;95;91;1;land;false;desert;2
15977;100;86;1;land;false;plains;2
15978;87;186;1;land;false;plains;2
15979;132;249;1;land;false;plains;2
15980;79;193;1;land;false;plains;2
15981;117;208;1;land;false;plains;2
15982;66;198;1;land;false;plains;2
15983;101;245;1;land;false;plains;2
15984;67;226;1;land;false;plains;2
15985;86;235;1;land;false;plains;2
15986;104;193;1;land;false;plains;2
15987;209;224;1;land;false;plains;2
15988;191;196;1;land;false;plains;2
15989;22;45;1;land;false;plains;2
15990;6;77;1;land;false;plains;2
15991;41;114;1;land;false;plains;2
15992;31;52;1;land;false;plains;2
15993;33;230;1;land;false;forest;2
15994;16;164;1;land;false;forest;2
15995;43;222;1;land;false;forest;2
15996;76;100;1;land;false;forest;2
15997;62;58;1;land;false;forest;2
15998;72;35;1;land;false;forest;2
15999;75;86;1;land;false;forest;2
16000;59;199;1;land;false;plains;2
16001;95;215;1;land;false;plains;2
16002;53;193;1;land;false;plains;2
16003;59;182;1;land;false;plains;2
16004;98;197;1;land;false;plains;2
16005;52;151;1;land;true;plains;2
16006;57;154;1;land;false;plains;2
16007;74;196;1;land;true;plains;2
16008;38;186;1;land;true;plains;2
16009;40;218;1;land;true;plains;2
16010;64;131;1;land;false;plains;2
16011;47;115;1;land;false;mountain;2
16012;64;103;1;land;false;mountain;2
16013;24;124;1;land;false;forest;2
16014;28;113;1;land;false;hills;2
16015;47;121;1;land;false;forest;2
16016;65;133;1;land;false;mountain;2
16017;64;157;1;land;false;mountain;2
16018;34;136;1;land;false;plains;2
16019;12;156;1;land;false;mountain;2
16020;108;34;1;land;false;mountain;2
16021;154;35;1;land;false;mountain;2
16022;174;33;1;land;false;mountain;2
16023;151;3;1;land;false;hills;2
16024;166;32;1;land;false;desert;2
16025;118;5;1;land;false;mountain;2
16026;185;40;1;land;false;desert;2
16027;131;1;1;land;false;desert;2
16028;146;45;1;land;false;desert;2
16029;168;1;1;land;false;desert;2
16030;169;21;1;land;false;desert;2
16031;140;37;1;land;false;desert;2
16032;108;20;1;land;false;desert;2
16033;174;39;1;land;false;desert;2
16034;157;1;1;land;false;desert;2
16035;130;8;1;land;false;desert;2
16036;155;25;1;land;false;hills;2
16037;181;11;1;land;false;desert;2
16038;174;15;1;land;false;mountain;2
16039;125;0;1;land;false;desert;2
16040;118;9;1;land;false;desert;2
16041;154;8;1;land;false;desert;2
16042;157;42;1;land;false;desert;2
16043;177;44;1;land;false;desert;2
16044;181;27;1;land;false;desert;2
16045;148;41;1;land;false;desert;2
16046;182;28;1;land;false;hills;2
16047;111;41;1;land;false;desert;2
16048;166;33;1;land;false;desert;2
16049;114;9;1;land;false;desert;2
16050;162;12;1;land;false;hills;2
16051;157;24;1;land;false;desert;2
16052;126;46;1;land;false;desert;2
16053;112;40;1;land;false;desert;2
16054;111;7;1;land;false;desert;2
16055;150;38;1;land;false;desert;2
16056;184;28;1;land;false;desert;2
16057;120;43;1;land;false;plains;2
16058;150;30;1;land;false;desert;2
16059;162;49;1;land;false;mountain;2
16060;136;8;1;land;false;desert;2
16061;110;41;1;land;false;desert;2
16062;133;40;1;land;false;desert;2
16063;175;5;1;land;false;desert;2
16064;105;47;1;land;false;mountain;2
16065;148;2;1;land;false;desert;2
16066;112;34;1;land;false;mountain;2
16067;154;26;1;land;false;desert;2
16068;121;38;1;land;false;desert;2
16069;178;21;1;land;false;hills;2
16070;115;34;1;land;false;desert;2
16071;113;5;1;land;false;desert;2
16072;135;5;1;land;false;desert;2
16073;179;37;1;land;false;hills;2
16074;154;41;1;land;false;desert;2
16075;138;46;1;land;false;desert;2
16076;158;26;1;land;false;hills;2
16077;135;27;1;land;false;desert;2
16078;153;33;1;land;false;desert;2
16079;174;7;1;land;false;desert;2
16080;153;43;1;land;false;hills;2
16081;170;16;1;land;false;desert;2
16082;164;44;1;land;false;plains;2
16083;117;26;1;land;false;mountain;2
16084;183;14;1;land;false;plains;2
16085;211;18;1;land;false;plains;2
16086;176;18;1;land;false;plains;2
16087;43;33;1;land;false;plains;2
16088;20;48;1;land;false;plains;2
16089;74;0;1;land;false;plains;2
16090;71;28;1;land;false;plains;2
16091;84;25;1;land;false;plains;2
16092;138;217;1;land;false;forest;2
16093;137;197;1;land;false;plains;2
16094;166;213;1;land;false;plains;2
16095;181;249;1;land;false;plains;2
16096;177;226;1;land;false;plains;2
16097;163;248;1;land;false;plains;2
16098;212;186;1;land;false;plains;2
16099;231;208;1;land;false;plains;2
16100;253;161;1;land;false;plains;2
16101;211;179;1;land;false;plains;2
16102;249;207;1;land;false;plains;2
16103;214;224;1;land;false;plains;2
16104;25;54;1;land;false;forest;2
16105;211;228;1;land;false;plains;2
16106;239;199;1;land;false;plains;2
16107;223;207;1;land;false;plains;2
16108;205;223;1;land;false;plains;2
16109;207;205;1;land;false;plains;2
16110;201;241;1;land;false;plains;2
16111;66;217;1;land;false;plains;2
16112;18;186;1;land;true;plains;2
16113;20;214;1;land;false;plains;2
16114;16;157;1;land;false;plains;2
16115;20;178;1;land;true;plains;2
16116;57;184;1;land;true;plains;2
16117;81;214;1;land;false;plains;2
16118;14;212;1;land;true;plains;2
16119;193;13;1;land;false;plains;2
16120;191;63;1;land;false;plains;2
16121;190;37;1;land;false;plains;2
16122;126;76;1;land;false;plains;2
16123;170;6;1;land;false;plains;2
16124;187;70;1;land;false;plains;2
16125;174;49;1;land;false;plains;2
16126;130;77;1;land;false;plains;2
16127;170;55;1;land;false;plains;2
16128;154;39;1;land;false;plains;2
16129;145;57;1;land;false;plains;2
16130;177;40;1;land;false;plains;2
16131;140;31;1;land;false;plains;2
16132;157;58;1;land;false;plains;2
16133;159;73;1;land;false;plains;2
16134;160;42;1;land;false;plains;2
16135;177;26;1;land;false;plains;2
16136;169;11;1;land;false;plains;2
16137;151;59;1;land;false;plains;2
16138;202;17;1;land;false;plains;2
16139;128;22;1;land;false;plains;2
16140;148;67;1;land;false;plains;2
16141;199;118;1;land;true;forest;2
16142;200;115;1;land;false;forest;2
16143;215;126;1;land;false;forest;2
16144;197;187;1;land;false;forest;2
16145;222;117;1;land;true;forest;2
16146;199;131;1;land;true;forest;2
16147;200;118;1;land;true;forest;2
16148;184;127;1;land;true;forest;2
16149;203;114;1;land;false;forest;2
16150;192;184;1;land;true;forest;2
16151;226;10;1;land;false;plains;2
16152;240;27;1;land;false;desert;2
16153;198;0;1;land;false;plains;2
16154;231;4;1;land;false;desert;2
16155;198;5;1;land;false;desert;2
16156;219;26;1;land;false;desert;2
16157;218;44;1;land;false;plains;2
16158;247;28;1;land;false;desert;2
16159;218;48;1;land;false;plains;2
16160;218;38;1;land;false;desert;2
16161;224;8;1;land;false;desert;2
16162;208;31;1;land;false;desert;2
16163;231;23;1;land;false;plains;2
16164;226;49;1;land;false;plains;2
16165;248;19;1;land;false;desert;2
16166;206;36;1;land;false;plains;2
16167;36;122;1;land;false;plains;2
16168;4;243;1;land;false;plains;2
16169;93;75;1;land;false;plains;2
16170;66;71;1;land;false;plains;2
16171;127;245;1;land;false;plains;2
16172;121;206;1;land;false;plains;2
16173;112;191;1;land;false;plains;2
16174;84;247;1;land;false;plains;2
16175;193;143;1;land;false;mountain;2
16176;176;129;1;land;false;hills;2
16177;188;138;1;land;false;plains;2
16178;196;122;1;land;false;plains;2
16179;164;95;1;land;false;plains;2
16180;214;92;1;land;false;mountain;2
16181;163;143;1;land;false;hills;2
16182;217;102;1;land;false;plains;2
16183;225;109;1;land;false;mountain;2
16184;191;118;1;land;false;plains;2
16185;189;86;1;land;false;plains;2
16186;181;134;1;land;false;mountain;2
16187;175;135;1;land;false;plains;2
16188;226;133;1;land;false;hills;2
16189;40;72;1;land;false;plains;2
16190;45;97;1;land;false;plains;2
16191;150;77;1;land;false;plains;2
16192;134;84;1;land;false;plains;2
16193;86;111;1;land;false;plains;2
16194;99;73;1;land;false;plains;2
16195;65;18;1;land;false;forest;2
16196;67;71;1;land;false;forest;2
16197;57;58;1;land;false;forest;2
16198;31;54;1;land;false;forest;2
16199;44;141;1;land;false;plains;2
16200;13;207;1;land;false;plains;2
16201;52;211;1;land;false;plains;2
16202;59;133;1;land;false;plains;2
16203;124;215;1;land;false;plains;2
16204;129;222;1;land;false;plains;2
16205;169;254;1;land;false;plains;2
16206;141;209;1;land;false;plains;2
16207;10;114;1;land;false;forest;2
16208;7;116;1;land;false;plains;2
16209;3;66;1;land;false;forest;2
16210;24;47;1;land;false;plains;2
16211;10;62;1;land;false;plains;2
16212;29;110;1;land;false;plains;2
16213;21;60;1;land;false;plains;2
16214;159;155;1;land;false;forest;2
16215;158;174;1;land;false;forest;2
16216;148;193;1;land;false;forest;2
16217;150;185;1;land;false;forest;2
16218;221;161;1;land;false;plains;2
16219;227;196;1;land;false;plains;2
16220;7;8;1;land;false;forest;2
16221;19;30;1;land;false;plains;2
16222;21;13;1;land;false;forest;2
16223;27;47;1;land;false;plains;2
16224;0;16;1;land;false;plains;2
16225;79;61;1;land;true;jungle;2
16226;103;30;1;land;false;jungle;2
16227;137;15;1;land;true;jungle;2
16228;154;60;1;land;false;jungle;2
16229;162;133;1;land;false;forest;2
16230;134;129;1;land;false;plains;2
16231;157;154;1;land;false;plains;2
16232;140;129;1;land;false;plains;2
16233;117;132;1;land;false;plains;2
16234;160;152;1;land;false;plains;2
16235;201;17;1;land;false;plains;2
16236;231;24;1;land;false;desert;2
16237;252;14;1;land;false;plains;2
16238;229;61;1;land;false;plains;2
16239;193;56;1;land;false;mountain;2
16240;228;60;1;land;false;plains;2
16241;241;23;1;land;false;plains;2
16242;231;20;1;land;false;desert;2
16243;225;63;1;land;false;plains;2
16244;193;8;1;land;false;plains;2
16245;212;36;1;land;false;desert;2
16246;233;66;1;land;false;desert;2
16247;216;37;1;land;false;desert;2
16248;201;2;1;land;false;desert;2
16249;211;12;1;land;false;desert;2
16250;231;57;1;land;false;hills;2
16251;221;24;1;land;false;plains;2
16252;210;8;1;land;false;desert;2
16253;215;44;1;land;false;plains;2
16254;201;36;1;land;false;plains;2
16255;206;62;1;land;false;desert;2
16256;234;48;1;land;false;desert;2
16257;240;5;1;land;false;plains;2
16258;239;11;1;land;false;plains;2
16259;249;69;1;land;false;hills;2
16260;254;16;1;land;false;plains;2
16261;242;25;1;land;false;mountain;2
16262;193;49;1;land;false;desert;2
16263;226;28;1;land;false;plains;2
16264;207;16;1;land;false;desert;2
16265;211;56;1;land;false;plains;2
16266;208;65;1;land;false;mountain;2
16267;214;68;1;land;false;plains;2
16268;242;9;1;land;false;plains;2
16269;123;42;1;land;true;forest;2
16270;167;16;1;land;false;forest;2
16271;180;21;1;land;false;forest;2
16272;155;29;1;land;true;forest;2
16273;177;18;1;land;false;forest;2
16274;166;2;1;land;false;forest;2
16275;140;36;1;land;false;forest;2
16276;107;33;1;land;true;forest;2
16277;119;28;1;land;true;forest;2
16278;143;26;1;land;false;forest;2
16279;193;209;1;land;false;forest;2
16280;189;222;1;land;false;forest;2
16281;179;196;1;land;false;forest;2
16282;225;78;1;land;false;desert;2
16283;188;94;1;land;false;desert;2
16284;205;83;1;land;false;desert;2
16285;225;57;1;land;false;desert;2
16286;228;55;1;land;true;desert;2
16287;236;127;1;land;false;desert;2
16288;253;108;1;land;false;desert;2
16289;204;90;1;land;false;desert;2
16290;242;76;1;land;false;desert;2
16291;248;129;1;land;false;desert;2
16292;230;52;1;land;false;desert;2
16293;246;59;1;land;false;desert;2
16294;248;95;1;land;false;desert;2
16295;235;95;1;land;false;desert;2
16296;249;60;1;land;false;desert;2
16297;222;55;1;land;false;desert;2
16298;218;52;1;land;false;desert;2
16299;251;78;1;land;false;desert;2
16300;201;92;1;land;false;desert;2
16301;232;90;1;land;false;desert;2
16302;246;110;1;land;false;desert;2
16303;209;71;1;land;true;desert;2
16304;239;128;1;land;false;desert;2
16305;215;119;1;land;false;desert;2
16306;214;79;1;land;true;desert;2
16307;183;64;1;land;true;desert;2
16308;221;126;1;land;true;desert;2
16309;186;117;1;land;false;desert;2
16310;208;105;1;land;false;desert;2
16311;227;93;1;land;false;desert;2
16312;251;126;1;land;false;desert;2
16313;206;77;1;land;true;desert;2
16314;222;56;1;land;false;desert;2
16315;184;107;1;land;false;desert;2
16316;254;73;1;land;false;desert;2
16317;183;63;1;land;false;desert;2
16318;218;58;1;land;false;desert;2
16319;228;113;1;land;false;desert;2
16320;212;57;1;land;true;desert;2
16321;225;127;1;land;true;desert;2
16322;207;89;1;land;false;desert;2
16323;186;125;1;land;false;desert;2
16324;219;66;1;land;false;desert;2
16325;185;115;1;land;false;desert;2
16326;193;97;1;land;false;desert;2
16327;247;100;1;land;true;desert;2
16328;191;51;1;land;false;desert;2
16329;195;111;1;land;true;desert;2
16330;242;111;1;land;false;desert;2
16331;237;59;1;land;true;desert;2
16332;183;98;1;land;false;desert;2
16333;222;126;1;land;false;desert;2
16334;205;112;1;land;false;desert;2
16335;209;67;1;land;true;desert;2
16336;217;52;1;land;false;desert;2
16337;220;111;1;land;false;desert;2
16338;212;109;1;land;false;desert;2
16339;190;121;1;land;false;desert;2
16340;250;111;1;land;false;desert;2
16341;242;97;1;land;false;desert;2
16342;251;88;1;land;true;desert;2
16343;247;119;1;land;false;desert;2
16344;248;101;1;land;false;desert;2
16345;234;125;1;land;false;desert;2
16346;230;115;1;land;false;desert;2
16347;241;108;1;land;false;desert;2
16348;236;78;1;land;false;desert;2
16349;194;103;1;land;false;desert;2
16350;197;89;1;land;false;desert;2
16351;203;122;1;land;true;desert;2
16352;213;106;1;land;false;desert;2
16353;251;64;1;land;true;desert;2
16354;189;63;1;land;false;desert;2
16355;207;97;1;land;false;desert;2
16356;223;69;1;land;false;desert;2
16357;247;88;1;land;false;desert;2
16358;193;108;1;land;false;desert;2
16359;232;71;1;land;false;desert;2
16360;241;53;1;land;false;desert;2
16361;217;51;1;land;false;desert;2
16362;185;117;1;land;false;desert;2
16363;189;100;1;land;false;desert;2
16364;65;75;1;land;true;forest;2
16365;49;54;1;land;false;forest;2
16366;59;67;1;land;false;jungle;2
16367;85;131;1;land;false;forest;2
16368;87;78;1;land;true;forest;2
16369;55;98;1;land;true;forest;2
16370;66;117;1;land;false;jungle;2
16371;61;126;1;land;true;forest;2
16372;70;130;1;land;false;jungle;2
16373;37;91;1;land;false;forest;2
16374;208;82;1;land;false;plains;2
16375;249;72;1;land;false;desert;2
16376;218;104;1;land;false;plains;2
16377;218;26;1;land;false;plains;2
16378;212;88;1;land;false;plains;2
16379;245;38;1;land;false;plains;2
16380;215;43;1;land;false;plains;2
16381;237;64;1;land;false;desert;2
16382;246;63;1;land;false;plains;2
16383;221;90;1;land;false;desert;2
16384;246;65;1;land;false;plains;2
16385;245;26;1;land;false;plains;2
16386;216;24;1;land;false;plains;2
16387;227;36;1;land;false;plains;2
16388;175;150;1;land;true;jungle;2
16389;214;115;1;land;false;forest;2
16390;214;122;1;land;true;forest;2
16391;186;161;1;land;false;jungle;2
16392;190;107;1;land;true;jungle;2
16393;189;164;1;land;false;forest;2
16394;202;125;1;land;false;forest;2
16395;172;165;1;land;false;forest;2
16396;166;110;1;land;false;jungle;2
16397;208;138;1;land;false;plains;2
16398;161;113;1;land;true;jungle;2
16399;194;105;1;land;true;forest;2
16400;164;149;1;land;true;jungle;2
16401;207;112;1;land;false;forest;2
16402;203;153;1;land;false;jungle;2
16403;211;160;1;land;false;forest;2
16404;166;150;1;land;true;jungle;2
16405;53;155;1;land;true;forest;2
16406;17;127;1;land;false;forest;2
16407;12;124;1;land;true;forest;2
16408;35;159;1;land;false;forest;2
16409;1;161;1;land;false;forest;2
16410;8;118;1;land;false;jungle;2
16411;2;173;1;land;true;forest;2
16412;15;180;1;land;true;forest;2
16413;19;153;1;land;false;jungle;2
16414;77;170;1;land;false;forest;2
16415;47;151;1;land;true;forest;2
16416;4;124;1;land;true;jungle;2
16417;39;165;1;land;true;forest;2
16418;81;134;1;land;true;forest;2
16419;86;73;1;land;true;forest;2
16420;88;99;1;land;true;forest;2
16421;146;85;1;land;true;forest;2
16422;36;75;1;land;false;forest;2
16423;45;51;1;land;false;forest;2
16424;14;95;1;land;false;forest;2
16425;52;61;1;land;false;forest;2
16426;49;86;1;land;false;forest;2
16427;33;51;1;land;false;forest;2
16428;19;53;1;land;false;forest;2
16429;29;108;1;land;false;forest;2
16430;59;56;1;land;false;forest;2
16431;31;103;1;land;false;forest;2
16432;15;63;1;land;false;forest;2
16433;18;81;1;land;false;forest;2
16434;6;105;1;land;false;forest;2
16435;41;111;1;land;false;forest;2
16436;162;67;1;land;false;forest;2
16437;146;89;1;land;false;forest;2
16438;147;126;1;land;false;plains;2
16439;131;98;1;land;false;forest;2
16440;107;108;1;land;false;forest;2
16441;162;229;1;land;false;desert;2
16442;158;163;1;land;false;desert;2
16443;110;231;1;land;false;desert;2
16444;109;214;1;land;false;mountain;2
16445;179;211;1;land;false;desert;2
16446;127;226;1;land;false;desert;2
16447;111;203;1;land;false;hills;2
16448;112;195;1;land;false;desert;2
16449;102;168;1;land;false;desert;2
16450;145;183;1;land;false;desert;2
16451;173;213;1;land;false;hills;2
16452;136;175;1;land;false;desert;2
16453;174;217;1;land;false;desert;2
16454;152;172;1;land;false;desert;2
16455;178;168;1;land;false;desert;2
16456;103;208;1;land;false;desert;2
16457;114;163;1;land;false;desert;2
16458;182;195;1;land;false;desert;2
16459;161;172;1;land;false;desert;2
16460;136;242;1;land;false;desert;2
16461;166;225;1;land;false;desert;2
16462;175;193;1;land;false;mountain;2
16463;147;197;1;land;true;desert;2
16464;151;191;1;land;false;desert;2
16465;160;186;1;land;false;mountain;2
16466;127;196;1;land;false;desert;2
16467;157;238;1;land;false;desert;2
16468;174;186;1;land;false;desert;2
16469;115;208;1;land;false;desert;2
16470;180;175;1;land;false;hills;2
16471;110;235;1;land;false;desert;2
16472;141;180;1;land;true;desert;2
16473;146;224;1;land;true;desert;2
16474;173;240;1;land;false;desert;2
16475;137;176;1;land;false;desert;2
16476;168;209;1;land;true;desert;2
16477;149;221;1;land;false;desert;2
16478;152;183;1;land;true;desert;2
16479;123;171;1;land;false;desert;2
16480;155;231;1;land;false;hills;2
16481;119;216;1;land;false;desert;2
16482;148;169;1;land;false;desert;2
16483;107;200;1;land;false;desert;2
16484;129;236;1;land;true;desert;2
16485;130;238;1;land;false;desert;2
16486;120;185;1;land;false;desert;2
16487;178;223;1;land;false;desert;2
16488;145;222;1;land;false;desert;2
16489;160;204;1;land;true;desert;2
16490;181;220;1;land;false;desert;2
16491;139;193;1;land;false;mountain;2
16492;157;210;1;land;false;desert;2
16493;150;175;1;land;false;desert;2
16494;140;184;1;land;false;desert;2
16495;114;194;1;land;false;desert;2
16496;163;191;1;land;false;desert;2
16497;156;194;1;land;false;hills;2
16498;166;185;1;land;false;desert;2
16499;178;222;1;land;false;desert;2
16500;172;192;1;land;false;desert;2
16501;142;239;1;land;false;desert;2
16502;110;243;1;land;false;desert;2
16503;180;177;1;land;false;desert;2
16504;105;218;1;land;false;desert;2
16505;177;213;1;land;false;desert;2
16506;103;226;1;land;true;desert;2
16507;124;175;1;land;false;desert;2
16508;163;172;1;land;false;desert;2
16509;103;212;1;land;false;desert;2
16510;106;214;1;land;false;desert;2
16511;115;204;1;land;false;desert;2
16512;136;206;1;land;false;desert;2
16513;125;209;1;land;false;desert;2
16514;135;190;1;land;false;desert;2
16515;135;202;1;land;false;desert;2
16516;141;195;1;land;false;desert;2
16517;115;206;1;land;true;desert;2
16518;145;175;1;land;false;desert;2
16519;164;229;1;land;true;desert;2
16520;176;176;1;land;false;desert;2
16521;163;173;1;land;false;desert;2
16522;156;170;1;land;false;mountain;2
16523;145;171;1;land;false;hills;2
16524;145;208;1;land;false;desert;2
16525;166;162;1;land;false;desert;2
16526;174;208;1;land;false;desert;2
16527;146;175;1;land;false;desert;2
16528;104;235;1;land;false;desert;2
16529;118;179;1;land;false;desert;2
16530;157;221;1;land;false;desert;2
16531;164;180;1;land;false;desert;2
16532;181;224;1;land;true;desert;2
16533;173;181;1;land;false;desert;2
16534;118;174;1;land;false;forest;2
16535;82;158;1;land;false;forest;2
16536;91;204;1;land;false;forest;2
16537;97;208;1;land;false;forest;2
16538;67;150;1;land;false;forest;2
16539;139;26;1;land;false;plains;2
16540;188;20;1;land;false;plains;2
16541;187;1;1;land;false;plains;2
16542;165;50;1;land;false;plains;2
16543;142;25;1;land;false;plains;2
16544;137;51;1;land;false;plains;2
16545;168;35;1;land;false;plains;2
16546;6;208;1;land;false;plains;2
16547;55;200;1;land;false;plains;2
16548;66;179;1;land;false;plains;2
16549;64;199;1;land;false;plains;2
16550;46;145;1;land;false;plains;2
16551;78;176;1;land;false;plains;2
16552;110;158;1;land;false;plains;2
16553;148;178;1;land;false;plains;2
16554;118;180;1;land;false;forest;2
16555;123;199;1;land;false;plains;2
16556;173;173;1;land;false;plains;2
16557;119;202;1;land;false;plains;2
16558;198;52;1;land;false;plains;2
16559;140;21;1;land;false;plains;2
16560;196;29;1;land;false;plains;2
16561;231;26;1;land;false;plains;2
16562;197;28;1;land;false;plains;2
16563;220;4;1;land;false;plains;2
16564;245;5;1;land;false;plains;2
16565;233;18;1;land;false;plains;2
16566;202;39;1;land;false;plains;2
16567;40;143;1;land;false;forest;2
16568;82;146;1;land;false;plains;2
16569;71;143;1;land;false;forest;2
16570;69;134;1;land;false;forest;2
16571;101;126;1;land;false;plains;2
16572;59;129;1;land;false;plains;2
16573;52;170;1;land;false;forest;2
16574;101;166;1;land;false;plains;2
16575;66;215;1;land;false;plains;2
16576;37;170;1;land;false;forest;2
16577;99;177;1;land;false;forest;2
16578;62;167;1;land;false;plains;2
16579;60;200;1;land;false;plains;2
16580;76;202;1;land;false;forest;2
16581;132;79;1;land;false;plains;2
16582;134;114;1;land;false;plains;2
16583;142;78;1;land;false;plains;2
16584;157;75;1;land;false;plains;2
16585;133;90;1;land;false;plains;2
16586;168;127;1;land;false;plains;2
16587;172;103;1;land;false;plains;2
16588;175;101;1;land;false;plains;2
16589;138;131;1;land;false;plains;2
16590;160;82;1;land;false;plains;2
16591;185;101;1;land;false;plains;2
16592;141;122;1;land;false;plains;2
16593;186;119;1;land;false;plains;2
16594;9;69;1;land;false;hills;2
16595;17;53;1;land;false;hills;2
16596;4;35;1;land;false;mountain;2
16597;4;44;1;land;false;hills;2
16598;10;39;1;land;false;hills;2
16599;35;49;1;land;false;plains;2
16600;28;49;1;land;false;mountain;2
16601;172;8;1;land;false;plains;2
16602;190;52;1;land;false;plains;2
16603;199;6;1;land;false;plains;2
16604;57;54;1;land;false;plains;2
16605;18;12;1;land;false;plains;2
16606;61;30;1;land;false;plains;2
16607;52;72;1;land;false;plains;2
16608;53;64;1;land;false;plains;2
16609;61;9;1;land;false;plains;2
16610;35;43;1;land;false;plains;2
16611;17;74;1;land;false;plains;2
16612;15;28;1;land;false;mountain;2
16613;26;75;1;land;false;plains;2
16614;13;61;1;land;false;plains;2
16615;42;28;1;land;false;plains;2
16616;56;70;1;land;false;plains;2
16617;61;80;1;land;false;plains;2
16618;32;52;1;land;false;hills;2
16619;4;77;1;land;false;plains;2
16620;39;45;1;land;false;plains;2
16621;0;40;1;land;false;plains;2
16622;36;82;1;land;false;hills;2
16623;37;44;1;land;false;plains;2
16624;117;1;1;land;false;plains;2
16625;89;4;1;land;false;plains;2
16626;125;9;1;land;false;plains;2
16627;218;103;1;land;false;plains;2
16628;235;121;1;land;false;plains;2
16629;37;182;1;land;false;forest;2
16630;14;213;1;land;false;plains;2
16631;17;176;1;land;false;forest;2
16632;44;178;1;land;false;hills;2
16633;39;227;1;land;false;forest;2
16634;5;181;1;land;false;hills;2
16635;72;218;1;land;false;forest;2
16636;67;159;1;land;false;forest;2
16637;85;11;1;land;false;forest;2
16638;95;0;1;land;false;forest;2
16639;141;141;1;land;false;plains;2
16640;186;163;1;land;false;plains;2
16641;203;151;1;land;false;plains;2
16642;136;104;1;land;false;plains;2
16643;20;92;1;land;false;forest;2
16644;14;167;1;land;false;forest;2
16645;40;114;1;land;false;forest;2
16646;15;156;1;land;false;forest;2
16647;60;20;1;land;false;desert;2
16648;84;20;1;land;true;desert;2
16649;20;28;1;land;false;desert;2
16650;46;4;1;land;false;desert;2
16651;69;22;1;land;false;desert;2
16652;60;14;1;land;false;desert;2
16653;20;16;1;land;false;desert;2
16654;44;37;1;land;true;desert;2
16655;72;21;1;land;false;desert;2
16656;80;12;1;land;false;desert;2
16657;54;18;1;land;false;desert;2
16658;61;33;1;land;false;desert;2
16659;61;2;1;land;false;desert;2
16660;60;35;1;land;false;desert;2
16661;27;29;1;land;false;desert;2
16662;65;1;1;land;false;desert;2
16663;29;9;1;land;false;desert;2
16664;76;31;1;land;false;desert;2
16665;19;18;1;land;false;desert;2
16666;77;39;1;land;true;desert;2
16667;58;10;1;land;false;desert;2
16668;57;23;1;land;false;desert;2
16669;76;21;1;land;false;desert;2
16670;27;8;1;land;false;desert;2
16671;59;3;1;land;false;desert;2
16672;68;3;1;land;true;desert;2
16673;85;21;1;land;false;desert;2
16674;67;10;1;land;false;desert;2
16675;54;38;1;land;true;desert;2
16676;69;4;1;land;false;desert;2
16677;72;28;1;land;false;desert;2
16678;41;8;1;land;false;desert;2
16679;81;15;1;land;true;desert;2
16680;18;27;1;land;false;desert;2
16681;49;5;1;land;true;desert;2
16682;69;35;1;land;false;desert;2
16683;81;17;1;land;false;desert;2
16684;51;3;1;land;false;desert;2
16685;25;30;1;land;false;desert;2
16686;60;32;1;land;false;desert;2
16687;79;17;1;land;false;desert;2
16688;51;2;1;land;false;desert;2
16689;85;12;1;land;false;desert;2
16690;62;38;1;land;false;desert;2
16691;32;29;1;land;false;desert;2
16692;39;24;1;land;true;desert;2
16693;42;15;1;land;false;desert;2
16694;36;34;1;land;false;desert;2
16695;41;14;1;land;false;desert;2
16696;82;1;1;land;false;desert;2
16697;79;40;1;land;true;desert;2
16698;15;11;1;land;true;desert;2
16699;28;8;1;land;true;desert;2
16700;30;34;1;land;false;desert;2
16701;30;13;1;land;false;desert;2
16702;74;20;1;land;false;desert;2
16703;79;36;1;land;false;desert;2
16704;20;23;1;land;true;desert;2
16705;78;28;1;land;false;desert;2
16706;73;34;1;land;false;desert;2
16707;47;10;1;land;false;desert;2
16708;90;3;1;land;false;desert;2
16709;30;19;1;land;false;desert;2
16710;76;37;1;land;true;desert;2
16711;80;3;1;land;false;desert;2
16712;75;35;1;land;false;desert;2
16713;44;3;1;land;false;desert;2
16714;34;17;1;land;false;desert;2
16715;62;30;1;land;false;desert;2
16716;26;20;1;land;false;desert;2
16717;32;12;1;land;false;desert;2
16718;31;16;1;land;false;desert;2
16719;91;13;1;land;false;desert;2
16720;82;14;1;land;false;desert;2
16721;83;0;1;land;false;desert;2
16722;87;107;1;land;false;plains;2
16723;146;130;1;land;false;plains;2
16724;90;140;1;land;false;plains;2
16725;96;106;1;land;false;plains;2
16726;125;83;1;land;false;plains;2
16727;189;190;1;land;false;plains;2
16728;225;227;1;land;false;plains;2
16729;145;90;1;land;false;plains;2
16730;163;120;1;land;false;plains;2
16731;169;57;1;land;false;plains;2
16732;133;69;1;land;false;plains;2
16733;102;66;1;land;false;plains;2
16734;142;79;1;land;false;plains;2
16735;143;76;1;land;false;plains;2
16736;136;99;1;land;false;plains;2
16737;168;51;1;land;false;plains;2
16738;164;85;1;land;false;plains;2
16739;169;109;1;land;false;plains;2
16740;111;216;1;land;false;plains;2
16741;143;236;1;land;false;plains;2
16742;218;24;1;land;false;plains;2
16743;177;52;1;land;false;plains;2
16744;217;87;1;land;false;plains;2
16745;197;45;1;land;false;plains;2
16746;250;195;1;land;false;plains;2
16747;191;210;1;land;false;plains;2
16748;211;147;1;land;false;plains;2
16749;195;181;1;land;false;plains;2
16750;180;142;1;land;false;plains;2
16751;78;70;1;land;false;plains;2
16752;29;62;1;land;false;hills;2
16753;40;78;1;land;false;plains;2
16754;47;90;1;land;false;plains;2
16755;32;97;1;land;false;plains;2
16756;41;219;1;land;false;hills;2
16757;0;233;1;land;false;mountain;2
16758;16;220;1;land;false;hills;2
16759;26;215;1;land;false;hills;2
16760;17;249;1;land;false;mountain;2
16761;23;235;1;land;false;hills;2
16762;114;222;1;land;false;plains;2
16763;99;213;1;land;false;plains;2
16764;88;250;1;land;false;plains;2
16765;151;230;1;land;false;plains;2
16766;76;221;1;land;false;plains;2
16767;111;81;1;land;false;forest;2
16768;128;111;1;land;false;forest;2
16769;115;96;1;land;false;forest;2
16770;70;184;1;land;false;forest;2
16771;193;32;1;land;false;plains;2
16772;222;82;1;land;false;plains;2
16773;211;40;1;land;false;plains;2
16774;253;67;1;land;false;plains;2
16775;194;39;1;land;false;plains;2
16776;220;89;1;land;false;plains;2
16777;212;72;1;land;false;plains;2
16778;241;56;1;land;false;plains;2
16779;238;34;1;land;false;plains;2
16780;192;22;1;land;false;plains;2
16781;67;38;1;land;false;plains;2
16782;149;40;1;land;false;forest;2
16783;135;26;1;land;false;forest;2
16784;137;32;1;land;false;forest;2
16785;119;46;1;land;false;forest;2
16786;117;46;1;land;false;forest;2
16787;132;51;1;land;false;forest;2
16788;14;185;1;land;false;plains;2
16789;54;172;1;land;false;plains;2
16790;50;199;1;land;false;plains;2
16791;156;189;1;land;false;plains;2
16792;172;230;1;land;false;plains;2
16793;152;243;1;land;false;plains;2
16794;183;226;1;land;false;plains;2
16795;138;188;1;land;false;plains;2
16796;115;194;1;land;false;plains;2
16797;121;231;1;land;false;plains;2
16798;112;232;1;land;false;plains;2
16799;183;253;1;land;false;plains;2
16800;148;196;1;land;false;plains;2
16801;122;249;1;land;false;plains;2
16802;180;189;1;land;false;plains;2
16803;119;246;1;land;false;plains;2
16804;135;242;1;land;false;plains;2
16805;147;219;1;land;false;plains;2
16806;134;195;1;land;false;plains;2
16807;115;211;1;land;false;plains;2
16808;135;230;1;land;false;plains;2
16809;174;240;1;land;false;plains;2
16810;175;200;1;land;false;plains;2
16811;141;234;1;land;false;plains;2
16812;174;205;1;land;false;plains;2
16813;4;79;1;land;false;plains;2
16814;38;95;1;land;false;plains;2
16815;34;98;1;land;false;plains;2
16816;25;52;1;land;false;plains;2
16817;0;99;1;land;false;plains;2
16818;25;42;1;land;false;plains;2
16819;176;148;1;land;false;forest;2
16820;176;100;1;land;false;forest;2
16821;199;130;1;land;false;forest;2
16822;178;156;1;land;false;forest;2
16823;179;226;1;land;false;forest;2
16824;169;212;1;land;false;plains;2
16825;154;201;1;land;false;plains;2
16826;229;228;1;land;false;plains;2
16827;140;254;1;land;false;plains;2
16828;180;241;1;land;false;plains;2
16829;179;217;1;land;false;plains;2
16830;158;241;1;land;false;plains;2
16831;187;194;1;land;false;plains;2
16832;183;205;1;land;false;plains;2
16833;129;187;1;land;false;plains;2
16834;178;245;1;land;false;plains;2
16835;38;112;1;land;false;plains;2
16836;37;100;1;land;false;plains;2
16837;14;62;1;land;false;plains;2
16838;76;123;1;land;false;plains;2
16839;71;82;1;land;false;plains;2
16840;67;84;1;land;false;plains;2
16841;68;78;1;land;false;plains;2
16842;42;171;1;land;false;forest;2
16843;35;149;1;land;false;forest;2
16844;54;157;1;land;false;jungle;2
16845;16;158;1;land;false;jungle;2
16846;17;156;1;land;false;forest;2
16847;62;53;1;land;false;plains;2
16848;87;17;1;land;false;plains;2
16849;56;53;1;land;false;plains;2
16850;122;8;1;land;false;plains;2
16851;82;56;1;land;false;plains;2
16852;57;5;1;land;false;plains;2
16853;152;79;1;land;false;forest;2
16854;163;87;1;land;false;plains;2
16855;183;58;1;land;false;forest;2
16856;100;14;1;land;false;forest;2
16857;107;49;1;land;false;plains;2
16858;90;17;1;land;false;plains;2
16859;36;81;1;land;false;forest;2
16860;50;103;1;land;false;plains;2
16861;44;73;1;land;false;forest;2
16862;130;254;1;land;false;plains;2
16863;171;199;1;land;false;plains;2
16864;149;253;1;land;false;plains;2
16865;164;242;1;land;false;plains;2
16866;116;220;1;land;false;plains;2
16867;140;196;1;land;false;plains;2
16868;97;216;1;land;false;plains;2
16869;80;127;1;land;false;plains;2
16870;144;95;1;land;false;plains;2
16871;138;99;1;land;false;plains;2
16872;124;95;1;land;false;plains;2
16873;98;69;1;land;false;plains;2
16874;134;67;1;land;false;plains;2
16875;78;78;1;land;false;plains;2
16876;87;133;1;land;false;plains;2
16877;68;245;1;land;false;desert;2
16878;14;225;1;land;false;desert;2
16879;56;242;1;land;false;desert;2
16880;45;214;1;land;false;desert;2
16881;25;243;1;land;false;desert;2
16882;21;251;1;land;false;desert;2
16883;16;228;1;land;false;desert;2
16884;19;225;1;land;false;desert;2
16885;67;231;1;land;false;desert;2
16886;76;242;1;land;false;desert;2
16887;47;245;1;land;false;desert;2
16888;20;227;1;land;false;desert;2
16889;33;241;1;land;false;desert;2
16890;27;245;1;land;false;desert;2
16891;70;248;1;land;false;desert;2
16892;7;226;1;land;false;desert;2
16893;55;238;1;land;false;desert;2
16894;58;233;1;land;false;desert;2
16895;41;253;1;land;false;desert;2
16896;49;216;1;land;false;desert;2
16897;74;220;1;land;false;desert;2
16898;46;219;1;land;false;desert;2
16899;47;227;1;land;false;desert;2
16900;26;253;1;land;false;desert;2
16901;45;226;1;land;false;desert;2
16902;67;250;1;land;false;desert;2
16903;12;230;1;land;false;desert;2
16904;31;241;1;land;false;desert;2
16905;84;219;1;land;false;desert;2
16906;34;226;1;land;false;desert;2
16907;59;238;1;land;false;desert;2
16908;80;252;1;land;false;desert;2
16909;53;76;1;land;false;plains;2
16910;40;70;1;land;false;plains;2
16911;84;59;1;land;false;forest;2
16912;79;13;1;land;false;plains;2
16913;76;50;1;land;false;plains;2
16914;75;24;1;land;false;plains;2
16915;25;9;1;land;false;plains;2
16916;79;44;1;land;false;plains;2
16917;81;2;1;land;false;forest;2
16918;84;47;1;land;false;forest;2
16919;118;132;1;land;false;plains;2
16920;120;117;1;land;false;plains;2
16921;125;162;1;land;false;plains;2
16922;126;144;1;land;false;plains;2
16923;90;124;1;land;false;plains;2
16924;100;121;1;land;false;plains;2
16925;96;125;1;land;false;plains;2
16926;74;105;1;land;false;plains;2
16927;79;22;1;land;false;forest;2
16928;129;20;1;land;false;forest;2
16929;40;192;1;land;false;plains;2
16930;47;157;1;land;false;plains;2
16931;46;148;1;land;false;plains;2
16932;59;158;1;land;false;plains;2
16933;26;146;1;land;false;plains;2
16934;66;137;1;land;false;plains;2
16935;129;113;1;land;false;plains;2
16936;175;109;1;land;true;desert;2
16937;127;149;1;land;false;plains;2
16938;194;154;1;land;true;plains;2
16939;124;110;1;land;false;plains;2
16940;193;112;1;land;false;plains;2
16941;193;141;1;land;false;plains;2
16942;188;124;1;land;false;plains;2
16943;186;154;1;land;false;plains;2
16944;165;85;1;land;false;plains;2
16945;183;112;1;land;false;plains;2
16946;170;135;1;land;true;desert;2
16947;172;113;1;land;false;plains;2
16948;200;157;1;land;false;plains;2
16949;195;126;1;land;false;plains;2
16950;190;158;1;land;false;plains;2
16951;121;117;1;land;true;desert;2
16952;188;150;1;land;false;plains;2
16953;181;103;1;land;false;plains;2
16954;121;99;1;land;false;plains;2
16955;179;128;1;land;false;plains;2
16956;139;116;1;land;false;desert;2
16957;166;158;1;land;true;plains;2
16958;138;82;1;land;false;plains;2
16959;124;116;1;land;false;plains;2
16960;127;84;1;land;false;plains;2
16961;193;126;1;land;false;desert;2
16962;161;95;1;land;true;desert;2
16963;136;121;1;land;false;desert;2
16964;141;144;1;land;false;plains;2
16965;174;116;1;land;false;plains;2
16966;199;109;1;land;false;plains;2
16967;136;148;1;land;false;plains;2
16968;196;140;1;land;false;plains;2
16969;168;82;1;land;false;plains;2
16970;81;147;1;land;false;plains;2
16971;111;108;1;land;false;plains;2
16972;140;75;1;land;false;hills;2
16973;81;72;1;land;false;forest;2
16974;90;98;1;land;false;plains;2
16975;30;216;1;land;false;forest;2
16976;19;246;1;land;false;plains;2
16977;155;172;1;land;false;plains;2
16978;95;206;1;land;false;plains;2
16979;131;212;1;land;false;plains;2
16980;72;204;1;land;false;plains;2
16981;57;180;1;land;false;plains;2
16982;74;205;1;land;false;desert;2
16983;49;198;1;land;false;plains;2
16984;69;204;1;land;false;plains;2
16985;64;209;1;land;false;plains;2
16986;78;201;1;land;false;mountain;2
16987;12;168;1;land;false;plains;2
16988;14;154;1;land;false;plains;2
16989;12;203;1;land;false;plains;2
16990;34;160;1;land;false;plains;2
16991;60;152;1;land;false;plains;2
16992;68;158;1;land;false;plains;2
16993;178;120;1;land;false;plains;2
16994;138;159;1;land;false;plains;2
16995;204;107;1;land;false;plains;2
16996;191;157;1;land;false;plains;2
16997;207;229;1;land;false;forest;2
16998;250;233;1;land;false;plains;2
16999;244;232;1;land;false;plains;2
17000;248;225;1;land;false;forest;2
17001;215;223;1;land;false;plains;2
17002;157;233;1;land;false;plains;2
17003;152;203;1;land;false;desert;2
17004;152;197;1;land;false;desert;2
17005;174;182;1;land;false;desert;2
17006;141;222;1;land;false;desert;2
17007;189;215;1;land;false;desert;2
17008;176;226;1;land;false;desert;2
17009;171;195;1;land;false;desert;2
17010;162;241;1;land;false;plains;2
17011;182;223;1;land;false;desert;2
17012;181;248;1;land;false;plains;2
17013;181;244;1;land;false;desert;2
17014;190;204;1;land;false;desert;2
17015;155;225;1;land;false;plains;2
17016;192;250;1;land;false;desert;2
17017;169;250;1;land;false;desert;2
17018;173;223;1;land;false;plains;2
17019;193;182;1;land;false;plains;2
17020;145;236;1;land;false;desert;2
17021;161;220;1;land;false;desert;2
17022;196;204;1;land;false;desert;2
17023;190;19;1;land;false;hills;2
17024;195;24;1;land;false;plains;2
17025;173;67;1;land;false;hills;2
17026;177;63;1;land;false;plains;2
17027;165;64;1;land;false;plains;2
17028;125;69;1;land;false;plains;2
17029;199;59;1;land;false;plains;2
17030;191;90;1;land;false;hills;2
17031;161;26;1;land;false;plains;2
17032;195;38;1;land;false;plains;2
17033;198;38;1;land;false;plains;2
17034;163;86;1;land;false;plains;2
17035;175;80;1;land;false;plains;2
17036;163;24;1;land;false;plains;2
17037;179;71;1;land;false;plains;2
17038;177;94;1;land;false;plains;2
17039;182;72;1;land;false;plains;2
17040;160;89;1;land;false;hills;2
17041;167;92;1;land;false;plains;2
17042;155;46;1;land;false;hills;2
17043;155;22;1;land;false;plains;2
17044;165;48;1;land;false;plains;2
17045;194;144;1;land;false;plains;2
17046;189;24;1;land;true;forest;2
17047;234;84;1;land;false;forest;2
17048;180;57;1;land;false;forest;2
17049;211;21;1;land;false;forest;2
17050;182;24;1;land;false;forest;2
17051;212;37;1;land;true;forest;2
17052;232;76;1;land;false;forest;2
17053;175;13;1;land;false;jungle;2
17054;209;17;1;land;false;forest;2
17055;199;64;1;land;true;forest;2
17056;231;75;1;land;true;forest;2
17057;223;17;1;land;true;forest;2
17058;230;47;1;land;false;jungle;2
17059;215;47;1;land;false;jungle;2
17060;233;24;1;land;false;forest;2
17061;197;33;1;land;false;forest;2
17062;134;193;1;land;false;plains;2
17063;122;200;1;land;false;plains;2
17064;150;218;1;land;false;plains;2
17065;130;168;1;land;false;plains;2
17066;107;169;1;land;false;plains;2
17067;124;200;1;land;false;plains;2
17068;141;220;1;land;false;plains;2
17069;18;172;1;land;false;mountain;2
17070;47;130;1;land;false;hills;2
17071;27;149;1;land;false;mountain;2
17072;16;183;1;land;false;mountain;2
17073;47;193;1;land;false;hills;2
17074;0;134;1;land;false;hills;2
17075;15;159;1;land;false;hills;2
17076;16;169;1;land;false;hills;2
17077;228;20;1;land;false;plains;2
17078;248;28;1;land;false;plains;2
17079;247;7;1;land;false;plains;2
17080;248;7;1;land;false;plains;2
17081;214;13;1;land;false;plains;2
17082;223;37;1;land;false;plains;2
17083;238;36;1;land;false;plains;2
17084;233;34;1;land;false;plains;2
17085;246;8;1;land;false;plains;2
17086;217;36;1;land;false;plains;2
17087;238;8;1;land;false;plains;2
17088;144;23;1;land;false;plains;2
17089;193;19;1;land;false;plains;2
17090;227;242;1;land;false;plains;2
17091;186;240;1;land;false;plains;2
17092;231;209;1;land;false;plains;2
17093;239;219;1;land;false;plains;2
17094;211;213;1;land;false;plains;2
17095;218;231;1;land;false;plains;2
17096;187;204;1;land;false;plains;2
17097;194;247;1;land;false;plains;2
17098;197;226;1;land;false;plains;2
17099;237;241;1;land;false;plains;2
17100;179;206;1;land;false;plains;2
17101;139;127;1;land;false;forest;2
17102;120;22;1;land;false;hills;2
17103;94;41;1;land;false;hills;2
17104;88;55;1;land;false;forest;2
17105;117;45;1;land;false;hills;2
17106;76;36;1;land;false;hills;2
17107;62;141;1;land;false;plains;2
17108;77;164;1;land;false;plains;2
17109;183;223;1;land;false;hills;2
17110;172;223;1;land;false;forest;2
17111;180;234;1;land;false;plains;2
17112;213;206;1;land;false;forest;2
17113;223;212;1;land;false;hills;2
17114;175;245;1;land;false;plains;2
17115;179;245;1;land;false;hills;2
17116;167;232;1;land;false;plains;2
17117;170;214;1;land;false;forest;2
17118;183;233;1;land;false;forest;2
17119;22;120;1;land;false;forest;2
17120;44;117;1;land;false;plains;2
17121;146;65;1;land;false;plains;2
17122;163;23;1;land;false;plains;2
17123;156;3;1;land;false;plains;2
17124;116;15;1;land;false;plains;2
17125;144;8;1;land;false;plains;2
17126;175;32;1;land;false;hills;2
17127;153;25;1;land;false;plains;2
17128;182;66;1;land;false;plains;2
17129;120;27;1;land;false;hills;2
17130;137;27;1;land;false;plains;2
17131;121;13;1;land;false;plains;2
17132;133;60;1;land;false;plains;2
17133;120;151;1;land;false;plains;2
17134;116;204;1;land;false;plains;2
17135;107;193;1;land;false;plains;2
17136;73;197;1;land;false;plains;2
17137;55;177;1;land;false;plains;2
17138;74;148;1;land;false;plains;2
17139;101;141;1;land;false;plains;2
17140;53;162;1;land;false;plains;2
17141;91;156;1;land;false;plains;2
17142;46;28;1;land;true;forest;2
17143;78;12;1;land;false;forest;2
17144;113;25;1;land;false;jungle;2
17145;113;8;1;land;false;plains;2
17146;73;27;1;land;false;plains;2
17147;67;40;1;land;false;forest;2
17148;77;57;1;land;false;jungle;2
17149;76;29;1;land;false;plains;2
17150;221;242;1;land;false;forest;2
17151;206;240;1;land;false;plains;2
17152;244;221;1;land;false;forest;2
17153;180;246;1;land;false;forest;2
17154;182;141;1;land;false;plains;2
17155;181;120;1;land;false;plains;2
17156;40;174;1;land;false;plains;2
17157;244;215;1;land;true;forest;2
17158;182;204;1;land;false;plains;2
17159;236;220;1;land;true;forest;2
17160;215;240;1;land;true;plains;2
17161;232;191;1;land;false;forest;2
17162;177;237;1;land;true;plains;2
17163;205;209;1;land;true;plains;2
17164;250;214;1;land;false;plains;2
17165;234;185;1;land;false;forest;2
17166;177;227;1;land;true;forest;2
17167;173;42;1;land;false;forest;2
17168;221;26;1;land;false;forest;2
17169;205;70;1;land;false;forest;2
17170;240;160;1;land;false;plains;2
17171;239;167;1;land;false;plains;2
17172;240;120;1;land;false;plains;2
17173;219;151;1;land;false;plains;2
17174;254;121;1;land;false;plains;2
17175;202;155;1;land;false;plains;2
17176;205;120;1;land;false;plains;2
17177;222;168;1;land;false;plains;2
17178;231;145;1;land;false;plains;2
17179;64;111;1;land;false;hills;2
17180;3;130;1;land;false;hills;2
17181;51;76;1;land;false;plains;2
17182;15;57;1;land;false;plains;2
17183;4;78;1;land;false;plains;2
17184;36;116;1;land;false;hills;2
17185;27;110;1;land;false;hills;2
17186;37;68;1;land;false;plains;2
17187;171;157;1;land;false;forest;2
17188;185;111;1;land;false;forest;2
17189;164;123;1;land;false;forest;2
17190;80;110;1;land;false;plains;2
17191;36;96;1;land;false;plains;2
17192;102;98;1;land;false;plains;2
17193;112;81;1;land;false;plains;2
17194;58;87;1;land;false;plains;2
17195;45;116;1;land;false;plains;2
17196;34;81;1;land;false;plains;2
17197;92;61;1;land;false;plains;2
17198;63;90;1;land;false;plains;2
17199;40;63;1;land;false;plains;2
17200;66;104;1;land;false;plains;2
17201;127;63;1;land;false;plains;2
17202;110;58;1;land;false;plains;2
17203;71;176;1;land;false;forest;2
17204;133;157;1;land;false;forest;2
17205;125;187;1;land;false;forest;2
17206;109;179;1;land;false;forest;2
17207;138;214;1;land;false;forest;2
17208;124;178;1;land;false;forest;2
17209;161;54;1;land;false;forest;2
17210;165;21;1;land;false;plains;2
17211;134;242;1;land;false;forest;2
17212;172;173;1;land;false;forest;2
17213;222;14;1;land;true;jungle;2
17214;208;75;1;land;false;jungle;2
17215;227;76;1;land;false;jungle;2
17216;225;59;1;land;false;jungle;2
17217;17;187;1;land;false;plains;2
17218;42;109;1;land;false;desert;2
17219;41;135;1;land;false;plains;2
17220;40;119;1;land;false;plains;2
17221;22;135;1;land;false;desert;2
17222;24;112;1;land;false;plains;2
17223;3;160;1;land;false;plains;2
17224;42;144;1;land;false;desert;2
17225;5;162;1;land;false;plains;2
17226;4;127;1;land;false;desert;2
17227;16;133;1;land;false;desert;2
17228;18;148;1;land;false;plains;2
17229;170;243;1;land;false;plains;2
17230;197;224;1;land;false;plains;2
17231;136;227;1;land;false;plains;2
17232;118;212;1;land;false;plains;2
17233;155;251;1;land;false;plains;2
17234;172;235;1;land;false;plains;2
17235;139;251;1;land;false;plains;2
17236;131;185;1;land;false;plains;2
17237;139;129;1;land;false;forest;2
17238;147;65;1;land;false;forest;2
17239;33;206;1;land;false;forest;2
17240;45;165;1;land;false;plains;2
17241;8;137;1;land;false;plains;2
17242;20;157;1;land;false;plains;2
17243;254;80;1;land;false;forest;2
17244;217;76;1;land;false;plains;2
17245;246;72;1;land;false;plains;2
17246;235;59;1;land;false;plains;2
17247;249;46;1;land;false;plains;2
17248;209;92;1;land;false;plains;2
17249;207;79;1;land;false;forest;2
17250;234;57;1;land;false;forest;2
17251;43;21;1;land;false;hills;2
17252;2;35;1;land;false;desert;2
17253;36;6;1;land;false;desert;2
17254;4;5;1;land;false;desert;2
17255;41;2;1;land;false;desert;2
17256;29;13;1;land;false;desert;2
17257;31;24;1;land;true;desert;2
17258;38;29;1;land;true;desert;2
17259;22;46;1;land;false;desert;2
17260;27;11;1;land;false;desert;2
17261;19;29;1;land;false;desert;2
17262;71;45;1;land;false;desert;2
17263;46;39;1;land;false;desert;2
17264;62;33;1;land;false;desert;2
17265;71;19;1;land;false;desert;2
17266;42;8;1;land;false;desert;2
17267;9;21;1;land;false;desert;2
17268;37;47;1;land;false;desert;2
17269;42;26;1;land;false;desert;2
17270;40;22;1;land;false;desert;2
17271;64;12;1;land;true;desert;2
17272;43;17;1;land;false;desert;2
17273;70;16;1;land;false;desert;2
17274;27;31;1;land;false;desert;2
17275;68;18;1;land;false;desert;2
17276;31;42;1;land;false;desert;2
17277;35;13;1;land;false;desert;2
17278;30;5;1;land;false;hills;2
17279;8;30;1;land;false;desert;2
17280;29;15;1;land;false;desert;2
17281;29;19;1;land;false;hills;2
17282;16;41;1;land;false;desert;2
17283;7;37;1;land;false;desert;2
17284;49;0;1;land;false;mountain;2
17285;63;27;1;land;false;desert;2
17286;4;42;1;land;false;desert;2
17287;31;20;1;land;false;desert;2
17288;35;38;1;land;false;desert;2
17289;24;35;1;land;true;desert;2
17290;48;46;1;land;false;desert;2
17291;18;45;1;land;false;desert;2
17292;51;29;1;land;false;desert;2
17293;9;44;1;land;false;desert;2
17294;48;5;1;land;false;desert;2
17295;43;22;1;land;false;desert;2
17296;70;4;1;land;false;desert;2
17297;14;23;1;land;false;desert;2
17298;40;20;1;land;false;desert;2
17299;10;12;1;land;false;desert;2
17300;6;6;1;land;false;desert;2
17301;21;14;1;land;false;desert;2
17302;4;3;1;land;false;desert;2
17303;4;29;1;land;true;desert;2
17304;67;25;1;land;false;desert;2
17305;64;11;1;land;false;desert;2
17306;55;0;1;land;false;desert;2
17307;54;27;1;land;false;desert;2
17308;34;25;1;land;false;hills;2
17309;57;7;1;land;false;desert;2
17310;28;5;1;land;false;desert;2
17311;32;11;1;land;false;desert;2
17312;12;26;1;land;false;desert;2
17313;65;24;1;land;false;desert;2
17314;34;45;1;land;false;desert;2
17315;56;17;1;land;false;desert;2
17316;31;44;1;land;false;desert;2
17317;21;48;1;land;false;desert;2
17318;54;44;1;land;false;hills;2
17319;11;37;1;land;false;hills;2
17320;33;45;1;land;false;desert;2
17321;66;3;1;land;false;desert;2
17322;13;13;1;land;false;desert;2
17323;45;34;1;land;false;desert;2
17324;28;43;1;land;true;desert;2
17325;9;10;1;land;false;hills;2
17326;29;29;1;land;false;desert;2
17327;66;42;1;land;true;desert;2
17328;68;21;1;land;false;desert;2
17329;19;0;1;land;false;desert;2
17330;58;29;1;land;false;desert;2
17331;43;1;1;land;true;desert;2
17332;8;42;1;land;false;desert;2
17333;30;42;1;land;false;desert;2
17334;12;24;1;land;false;desert;2
17335;45;48;1;land;false;desert;2
17336;21;30;1;land;true;desert;2
17337;24;29;1;land;false;desert;2
17338;47;38;1;land;false;desert;2
17339;8;29;1;land;false;desert;2
17340;41;29;1;land;false;desert;2
17341;68;4;1;land;false;desert;2
17342;34;27;1;land;false;desert;2
17343;50;11;1;land;false;desert;2
17344;20;12;1;land;false;desert;2
17345;56;46;1;land;false;desert;2
17346;59;21;1;land;false;desert;2
17347;62;5;1;land;false;desert;2
17348;55;26;1;land;false;desert;2
17349;22;18;1;land;false;desert;2
17350;68;33;1;land;false;desert;2
17351;55;24;1;land;false;desert;2
17352;5;43;1;land;false;mountain;2
17353;14;47;1;land;false;desert;2
17354;71;36;1;land;true;desert;2
17355;61;48;1;land;false;desert;2
17356;40;40;1;land;false;desert;2
17357;63;1;1;land;false;desert;2
17358;7;43;1;land;false;desert;2
17359;64;1;1;land;false;desert;2
17360;28;7;1;land;false;desert;2
17361;10;27;1;land;false;desert;2
17362;38;40;1;land;false;desert;2
17363;34;9;1;land;false;desert;2
17364;12;17;1;land;false;desert;2
17365;56;48;1;land;false;mountain;2
17366;66;31;1;land;true;desert;2
17367;19;4;1;land;false;desert;2
17368;42;40;1;land;false;desert;2
17369;13;33;1;land;false;mountain;2
17370;63;30;1;land;false;desert;2
17371;43;6;1;land;false;desert;2
17372;10;33;1;land;false;desert;2
17373;3;28;1;land;true;desert;2
17374;64;19;1;land;false;desert;2
17375;11;18;1;land;false;desert;2
17376;23;17;1;land;false;desert;2
17377;16;9;1;land;false;desert;2
17378;24;22;1;land;false;desert;2
17379;30;24;1;land;false;desert;2
17380;24;11;1;land;false;desert;2
17381;51;46;1;land;false;desert;2
17382;15;4;1;land;false;desert;2
17383;68;34;1;land;false;desert;2
17384;67;47;1;land;false;desert;2
17385;48;8;1;land;false;desert;2
17386;34;47;1;land;false;desert;2
17387;63;17;1;land;false;mountain;2
17388;9;26;1;land;false;desert;2
17389;44;8;1;land;false;desert;2
17390;19;38;1;land;false;desert;2
17391;19;8;1;land;false;desert;2
17392;22;12;1;land;true;desert;2
17393;15;21;1;land;false;desert;2
17394;53;19;1;land;false;desert;2
17395;22;42;1;land;false;desert;2
17396;14;10;1;land;true;desert;2
17397;45;43;1;land;false;desert;2
17398;44;15;1;land;false;desert;2
17399;36;20;1;land;false;desert;2
17400;46;17;1;land;false;desert;2
17401;52;9;1;land;true;desert;2
17402;58;2;1;land;false;desert;2
17403;22;44;1;land;false;desert;2
17404;1;4;1;land;false;desert;2
17405;44;9;1;land;false;hills;2
17406;59;11;1;land;false;desert;2
17407;12;6;1;land;false;mountain;2
17408;1;39;1;land;false;mountain;2
17409;4;30;1;land;false;desert;2
17410;1;17;1;land;false;desert;2
17411;21;37;1;land;false;hills;2
17412;54;39;1;land;true;desert;2
17413;70;1;1;land;true;desert;2
17414;48;1;1;land;false;desert;2
17415;14;2;1;land;false;desert;2
17416;40;19;1;land;false;desert;2
17417;21;21;1;land;false;desert;2
17418;66;24;1;land;false;desert;2
17419;13;24;1;land;false;desert;2
17420;26;15;1;land;false;desert;2
17421;69;31;1;land;false;desert;2
17422;5;28;1;land;false;desert;2
17423;44;22;1;land;false;desert;2
17424;38;20;1;land;false;desert;2
17425;63;0;1;land;true;desert;2
17426;64;37;1;land;false;desert;2
17427;63;38;1;land;false;desert;2
17428;49;32;1;land;false;desert;2
17429;61;28;1;land;false;desert;2
17430;31;45;1;land;false;desert;2
17431;37;18;1;land;false;desert;2
17432;33;21;1;land;false;desert;2
17433;66;36;1;land;false;desert;2
17434;53;7;1;land;false;desert;2
17435;3;41;1;land;false;desert;2
17436;23;3;1;land;false;desert;2
17437;50;32;1;land;false;desert;2
17438;31;8;1;land;false;desert;2
17439;50;45;1;land;false;desert;2
17440;52;20;1;land;false;desert;2
17441;39;18;1;land;false;desert;2
17442;58;18;1;land;false;desert;2
17443;3;40;1;land;false;desert;2
17444;20;4;1;land;false;desert;2
17445;2;23;1;land;false;desert;2
17446;26;30;1;land;false;desert;2
17447;22;34;1;land;false;desert;2
17448;66;8;1;land;true;desert;2
17449;58;15;1;land;false;desert;2
17450;69;9;1;land;false;desert;2
17451;49;46;1;land;false;desert;2
17452;27;12;1;land;false;desert;2
17453;37;36;1;land;false;desert;2
17454;51;0;1;land;false;desert;2
17455;22;2;1;land;false;desert;2
17456;49;23;1;land;false;desert;2
17457;82;23;1;land;false;plains;2
17458;92;13;1;land;false;plains;2
17459;93;19;1;land;false;plains;2
17460;65;35;1;land;false;plains;2
17461;207;247;1;land;false;forest;2
17462;185;196;1;land;false;forest;2
17463;202;216;1;land;false;forest;2
17464;218;249;1;land;false;forest;2
17465;224;252;1;land;false;plains;2
17466;101;248;1;land;false;plains;2
17467;96;173;1;land;false;desert;2
17468;88;172;1;land;false;plains;2
17469;84;228;1;land;false;plains;2
17470;93;182;1;land;true;plains;2
17471;94;227;1;land;true;plains;2
17472;83;208;1;land;true;plains;2
17473;143;168;1;land;false;plains;2
17474;122;177;1;land;false;plains;2
17475;125;195;1;land;false;desert;2
17476;118;206;1;land;true;plains;2
17477;35;69;1;land;false;forest;2
17478;37;69;1;land;false;plains;2
17479;75;94;1;land;false;forest;2
17480;17;62;1;land;false;forest;2
17481;63;63;1;land;false;plains;2
17482;59;108;1;land;false;forest;2
17483;29;91;1;land;false;forest;2
17484;140;237;1;land;false;forest;2
17485;125;213;1;land;false;forest;2
17486;167;227;1;land;false;forest;2
17487;125;74;1;land;false;plains;2
17488;111;70;1;land;false;plains;2
17489;125;124;1;land;false;plains;2
17490;121;124;1;land;false;plains;2
17491;61;71;1;land;false;plains;2
17492;64;127;1;land;false;plains;2
17493;68;67;1;land;false;plains;2
17494;110;88;1;land;false;plains;2
17495;101;116;1;land;false;plains;2
17496;109;119;1;land;false;plains;2
17497;112;73;1;land;false;plains;2
17498;76;88;1;land;false;desert;2
17499;86;92;1;land;false;plains;2
17500;112;115;1;land;false;desert;2
17501;72;74;1;land;false;plains;2
17502;100;57;1;land;false;plains;2
17503;95;50;1;land;false;plains;2
17504;121;64;1;land;false;plains;2
17505;78;104;1;land;false;desert;2
17506;67;72;1;land;false;plains;2
17507;55;116;1;land;false;plains;2
17508;114;81;1;land;false;plains;2
17509;116;98;1;land;false;plains;2
17510;102;95;1;land;false;plains;2
17511;117;114;1;land;false;desert;2
17512;113;51;1;land;false;plains;2
17513;118;101;1;land;false;plains;2
17514;126;57;1;land;false;desert;2
17515;83;112;1;land;false;plains;2
17516;53;102;1;land;false;plains;2
17517;128;71;1;land;false;desert;2
17518;78;88;1;land;false;desert;2
17519;191;179;1;land;false;forest;2
17520;174;155;1;land;false;plains;2
17521;172;151;1;land;false;forest;2
17522;170;54;1;land;false;desert;2
17523;178;74;1;land;false;plains;2
17524;190;70;1;land;false;desert;2
17525;143;15;1;land;false;plains;2
17526;183;47;1;land;false;plains;2
17527;171;42;1;land;false;desert;2
17528;221;4;1;land;false;plains;2
17529;147;7;1;land;false;plains;2
17530;176;33;1;land;false;desert;2
17531;218;16;1;land;false;desert;2
17532;169;18;1;land;false;desert;2
17533;164;33;1;land;false;plains;2
17534;191;20;1;land;false;plains;2
17535;147;47;1;land;false;plains;2
17536;160;65;1;land;false;plains;2
17537;185;20;1;land;false;plains;2
17538;169;62;1;land;false;desert;2
17539;193;30;1;land;false;plains;2
17540;179;50;1;land;false;desert;2
17541;159;0;1;land;false;desert;2
17542;170;61;1;land;false;plains;2
17543;167;6;1;land;false;desert;2
17544;179;25;1;land;false;plains;2
17545;175;33;1;land;false;desert;2
17546;184;12;1;land;false;plains;2
17547;153;5;1;land;false;plains;2
17548;214;23;1;land;false;desert;2
17549;200;61;1;land;false;desert;2
17550;149;56;1;land;false;plains;2
17551;213;20;1;land;false;desert;2
17552;188;53;1;land;false;plains;2
17553;152;10;1;land;false;plains;2
17554;221;43;1;land;false;desert;2
17555;180;47;1;land;false;desert;2
17556;156;14;1;land;false;desert;2
17557;220;33;1;land;false;desert;2
17558;220;41;1;land;false;plains;2
17559;158;41;1;land;false;plains;2
17560;187;22;1;land;false;plains;2
17561;198;36;1;land;false;plains;2
17562;206;34;1;land;false;plains;2
17563;193;40;1;land;false;desert;2
17564;170;175;1;land;false;plains;2
17565;228;242;1;land;false;plains;2
17566;185;178;1;land;false;plains;2
17567;190;248;1;land;false;plains;2
17568;218;225;1;land;false;plains;2
17569;122;81;1;land;false;plains;2
17570;113;26;1;land;false;desert;2
17571;107;77;1;land;false;plains;2
17572;109;65;1;land;false;desert;2
17573;175;15;1;land;true;desert;2
17574;124;6;1;land;false;plains;2
17575;166;65;1;land;false;desert;2
17576;141;66;1;land;false;plains;2
17577;121;41;1;land;false;plains;2
17578;149;67;1;land;true;plains;2
17579;108;58;1;land;true;desert;2
17580;127;78;1;land;false;desert;2
17581;137;39;1;land;false;desert;2
17582;175;61;1;land;true;desert;2
17583;176;63;1;land;true;desert;2
17584;162;34;1;land;false;plains;2
17585;145;75;1;land;false;desert;2
17586;154;48;1;land;true;plains;2
17587;107;10;1;land;true;desert;2
17588;168;73;1;land;false;plains;2
17589;140;67;1;land;true;plains;2
17590;160;30;1;land;true;desert;2
17591;178;60;1;land;false;desert;2
17592;131;32;1;land;false;plains;2
17593;174;60;1;land;false;desert;2
17594;134;41;1;land;false;desert;2
17595;132;30;1;land;false;desert;2
17596;166;64;1;land;true;desert;2
17597;223;49;1;land;false;hills;2
17598;197;12;1;land;false;mountain;2
17599;213;27;1;land;false;mountain;2
17600;224;36;1;land;false;plains;2
17601;161;62;1;land;false;plains;2
17602;192;75;1;land;false;mountain;2
17603;161;31;1;land;false;hills;2
17604;224;70;1;land;false;hills;2
17605;149;61;1;land;false;mountain;2
17606;206;9;1;land;false;hills;2
17607;50;135;1;land;false;forest;2
17608;98;84;1;land;false;mountain;2
17609;86;83;1;land;false;hills;2
17610;96;145;1;land;false;hills;2
17611;50;130;1;land;false;hills;2
17612;105;94;1;land;false;hills;2
17613;122;126;1;land;false;hills;2
17614;103;138;1;land;false;mountain;2
17615;55;76;1;land;false;hills;2
17616;56;84;1;land;false;hills;2
17617;100;115;1;land;false;hills;2
17618;47;105;1;land;false;mountain;2
17619;51;120;1;land;false;forest;2
17620;124;89;1;land;false;hills;2
17621;93;79;1;land;false;hills;2
17622;82;95;1;land;false;mountain;2
17623;103;92;1;land;false;forest;2
17624;100;135;1;land;false;hills;2
17625;101;144;1;land;false;forest;2
17626;59;84;1;land;false;hills;2
17627;153;50;1;land;false;plains;2
17628;97;38;1;land;false;plains;2
17629;97;26;1;land;false;plains;2
17630;118;14;1;land;false;plains;2
17631;88;94;1;land;false;plains;2
17632;232;75;1;land;false;plains;2
17633;242;54;1;land;false;plains;2
17634;240;70;1;land;false;plains;2
17635;204;202;1;land;false;desert;2
17636;190;253;1;land;false;desert;2
17637;245;252;1;land;false;desert;2
17638;226;181;1;land;true;desert;2
17639;249;200;1;land;false;desert;2
17640;253;232;1;land;true;desert;2
17641;219;191;1;land;false;desert;2
17642;200;228;1;land;false;desert;2
17643;246;222;1;land;true;desert;2
17644;230;209;1;land;false;desert;2
17645;252;245;1;land;false;desert;2
17646;1;171;1;land;false;forest;2
17647;19;179;1;land;false;forest;2
17648;2;166;1;land;false;plains;2
17649;24;206;1;land;false;forest;2
17650;11;181;1;land;false;forest;2
17651;51;207;1;land;false;forest;2
17652;66;54;1;land;false;plains;2
17653;49;63;1;land;false;desert;2
17654;76;111;1;land;false;plains;2
17655;46;109;1;land;false;desert;2
17656;48;54;1;land;false;desert;2
17657;59;98;1;land;false;plains;2
17658;53;67;1;land;false;plains;2
17659;70;123;1;land;false;plains;2
17660;35;88;1;land;false;desert;2
17661;25;80;1;land;false;desert;2
17662;0;67;1;land;false;desert;2
17663;38;92;1;land;false;desert;2
17664;31;108;1;land;false;plains;2
17665;66;75;1;land;false;plains;2
17666;2;127;1;land;false;plains;2
17667;28;96;1;land;false;desert;2
17668;15;116;1;land;false;desert;2
17669;55;115;1;land;false;desert;2
17670;58;93;1;land;false;plains;2
17671;15;74;1;land;false;plains;2
17672;60;77;1;land;false;desert;2
17673;5;68;1;land;false;plains;2
17674;4;62;1;land;false;desert;2
17675;23;99;1;land;false;desert;2
17676;43;113;1;land;false;desert;2
17677;4;91;1;land;false;desert;2
17678;55;104;1;land;false;plains;2
17679;8;85;1;land;false;desert;2
17680;231;68;1;land;false;hills;2
17681;248;48;1;land;false;mountain;2
17682;250;80;1;land;false;mountain;2
17683;243;116;1;land;false;mountain;2
17684;41;173;1;land;false;plains;2
17685;39;166;1;land;false;plains;2
17686;27;218;1;land;false;plains;2
17687;77;87;1;land;false;plains;2
17688;41;96;1;land;false;plains;2
17689;74;57;1;land;false;plains;2
17690;14;93;1;land;false;plains;2
17691;67;59;1;land;false;plains;2
17692;174;129;1;land;true;forest;2
17693;193;114;1;land;false;forest;2
17694;224;171;1;land;false;forest;2
17695;167;129;1;land;false;forest;2
17696;195;164;1;land;true;forest;2
17697;190;126;1;land;false;forest;2
17698;233;153;1;land;false;forest;2
17699;169;116;1;land;false;forest;2
17700;230;143;1;land;false;forest;2
17701;170;121;1;land;false;forest;2
17702;162;151;1;land;false;forest;2
17703;207;181;1;land;true;forest;2
17704;227;118;1;land;true;forest;2
17705;219;185;1;land;true;forest;2
17706;182;181;1;land;false;forest;2
17707;123;37;1;land;false;forest;2
17708;96;13;1;land;false;mountain;2
17709;241;144;1;land;false;plains;2
17710;229;188;1;land;false;plains;2
17711;250;154;1;land;false;plains;2
17712;242;158;1;land;false;plains;2
17713;208;191;1;land;false;plains;2
17714;210;132;1;land;false;plains;2
17715;202;173;1;land;false;plains;2
17716;216;186;1;land;false;hills;2
17717;245;157;1;land;false;plains;2
17718;237;206;1;land;false;forest;2
17719;230;245;1;land;false;forest;2
17720;208;215;1;land;false;forest;2
17721;52;236;1;land;false;plains;2
17722;37;207;1;land;false;plains;2
17723;6;209;1;land;false;forest;2
17724;55;208;1;land;false;plains;2
17725;14;220;1;land;false;plains;2
17726;146;50;1;land;false;mountain;2
17727;126;45;1;land;false;forest;2
17728;177;47;1;land;false;hills;2
17729;105;92;1;land;false;plains;2
17730;44;112;1;land;false;plains;2
17731;70;91;1;land;false;plains;2
17732;69;109;1;land;false;plains;2
17733;107;76;1;land;false;plains;2
17734;90;94;1;land;false;plains;2
17735;55;140;1;land;false;plains;2
17736;128;43;1;land;false;plains;2
17737;87;88;1;land;false;plains;2
17738;94;54;1;land;false;plains;2
17739;149;97;1;land;false;plains;2
17740;147;19;1;land;false;plains;2
17741;122;61;1;land;false;plains;2
17742;143;30;1;land;false;plains;2
17743;153;85;1;land;false;plains;2
17744;77;72;1;land;false;plains;2
17745;14;132;1;land;false;plains;2
17746;76;122;1;land;false;plains;2
17747;184;236;1;land;false;plains;2
17748;155;196;1;land;false;forest;2
17749;174;221;1;land;false;plains;2
17750;191;191;1;land;true;plains;2
17751;156;210;1;land;false;forest;2
17752;208;229;1;land;false;forest;2
17753;220;223;1;land;false;plains;2
17754;160;210;1;land;false;forest;2
17755;159;252;1;land;false;forest;2
17756;252;222;1;land;true;jungle;2
17757;217;152;1;land;false;jungle;2
17758;209;171;1;land;false;jungle;2
17759;200;162;1;land;false;jungle;2
17760;236;151;1;land;true;jungle;2
17761;210;169;1;land;false;jungle;2
17762;236;158;1;land;false;jungle;2
17763;223;173;1;land;false;plains;2
17764;220;158;1;land;false;jungle;2
17765;220;178;1;land;true;jungle;2
17766;239;181;1;land;false;jungle;2
17767;207;156;1;land;false;plains;2
17768;238;210;1;land;false;jungle;2
17769;154;242;1;land;false;plains;2
17770;130;252;1;land;false;plains;2
17771;129;252;1;land;false;plains;2
17772;142;215;1;land;false;plains;2
17773;168;193;1;land;false;plains;2
17774;179;229;1;land;false;plains;2
17775;153;230;1;land;false;forest;2
17776;136;228;1;land;false;plains;2
17777;184;204;1;land;false;plains;2
17778;106;53;1;land;false;hills;2
17779;117;29;1;land;false;hills;2
17780;110;1;1;land;false;hills;2
17781;135;46;1;land;false;hills;2
17782;153;11;1;land;false;hills;2
17783;46;89;1;land;false;forest;2
17784;44;47;1;land;false;forest;2
17785;26;84;1;land;false;forest;2
17786;48;44;1;land;false;plains;2
17787;43;105;1;land;false;forest;2
17788;67;86;1;land;true;forest;2
17789;64;107;1;land;false;jungle;2
17790;41;103;1;land;true;jungle;2
17791;11;39;1;land;true;jungle;2
17792;72;59;1;land;true;forest;2
17793;78;68;1;land;false;jungle;2
17794;55;71;1;land;false;jungle;2
17795;78;44;1;land;true;jungle;2
17796;172;183;1;land;false;jungle;2
17797;177;182;1;land;false;forest;2
17798;186;176;1;land;false;forest;2
17799;214;153;1;land;false;jungle;2
17800;205;147;1;land;false;forest;2
17801;197;181;1;land;false;mountain;2
17802;210;125;1;land;false;hills;2
17803;209;196;1;land;false;hills;2
17804;226;162;1;land;false;hills;2
17805;205;141;1;land;false;hills;2
17806;221;157;1;land;false;hills;2
17807;237;120;1;land;false;plains;2
17808;124;47;1;land;false;plains;2
17809;165;3;1;land;false;plains;2
17810;130;32;1;land;false;hills;2
17811;158;23;1;land;false;plains;2
17812;57;14;1;land;false;plains;2
17813;45;26;1;land;false;plains;2
17814;46;35;1;land;false;plains;2
17815;240;100;1;land;false;plains;2
17816;223;68;1;land;false;plains;2
17817;154;198;1;land;false;forest;2
17818;86;189;1;land;false;forest;2
17819;88;199;1;land;false;jungle;2
17820;80;196;1;land;false;plains;2
17821;118;202;1;land;false;forest;2
17822;103;180;1;land;false;forest;2
17823;148;165;1;land;false;plains;2
17824;137;178;1;land;false;forest;2
17825;104;166;1;land;false;forest;2
17826;199;27;1;land;false;plains;2
17827;132;43;1;land;false;hills;2
17828;203;40;1;land;false;plains;2
17829;133;58;1;land;false;hills;2
17830;148;81;1;land;false;plains;2
17831;170;35;1;land;false;plains;2
17832;163;69;1;land;false;plains;2
17833;188;68;1;land;false;plains;2
17834;141;81;1;land;false;plains;2
17835;189;75;1;land;false;hills;2
17836;174;150;1;land;false;plains;2
17837;197;106;1;land;false;plains;2
17838;83;131;1;land;false;plains;2
17839;105;179;1;land;false;plains;2
17840;64;181;1;land;false;plains;2
17841;59;148;1;land;false;plains;2
17842;90;143;1;land;false;plains;2
17843;110;200;1;land;false;plains;2
17844;192;29;1;land;false;forest;2
17845;240;21;1;land;false;forest;2
17846;200;43;1;land;false;forest;2
17847;214;14;1;land;false;plains;2
17848;182;9;1;land;false;forest;2
17849;252;41;1;land;false;forest;2
17850;192;27;1;land;false;forest;2
17851;172;98;1;land;false;plains;2
17852;194;160;1;land;false;plains;2
17853;174;140;1;land;false;plains;2
17854;215;150;1;land;false;plains;2
17855;218;162;1;land;false;plains;2
17856;203;107;1;land;false;plains;2
17857;177;98;1;land;false;plains;2
17858;175;108;1;land;false;plains;2
17859;83;246;1;land;false;jungle;2
17860;60;192;1;land;false;jungle;2
17861;5;229;1;land;false;forest;2
17862;42;229;1;land;false;forest;2
17863;134;88;1;land;false;plains;2
17864;66;222;1;land;false;plains;2
17865;30;209;1;land;false;hills;2
17866;46;173;1;land;false;plains;2
17867;246;197;1;land;false;forest;2
17868;194;201;1;land;false;forest;2
17869;221;219;1;land;false;forest;2
17870;163;27;1;land;false;plains;2
17871;194;85;1;land;false;plains;2
17872;239;17;1;land;false;plains;2
17873;220;62;1;land;false;plains;2
17874;217;61;1;land;true;plains;2
17875;173;86;1;land;true;plains;2
17876;64;190;1;land;false;forest;2
17877;75;214;1;land;false;plains;2
17878;115;170;1;land;false;forest;2
17879;87;215;1;land;false;plains;2
17880;85;209;1;land;false;plains;2
17881;75;172;1;land;false;forest;2
17882;109;80;1;land;false;plains;2
17883;96;131;1;land;false;plains;2
17884;80;73;1;land;false;plains;2
17885;218;204;1;land;true;forest;2
17886;233;215;1;land;true;forest;2
17887;235;179;1;land;false;forest;2
17888;219;163;1;land;false;forest;2
17889;245;158;1;land;true;plains;2
17890;234;151;1;land;false;forest;2
17891;66;219;1;land;false;plains;2
17892;67;174;1;land;false;plains;2
17893;49;190;1;land;false;plains;2
17894;66;207;1;land;false;plains;2
17895;86;153;1;land;false;plains;2
17896;128;103;1;land;false;forest;2
17897;57;150;1;land;false;forest;2
17898;194;241;1;land;false;plains;2
17899;194;177;1;land;false;forest;2
17900;222;190;1;land;false;plains;2
17901;203;204;1;land;false;plains;2
17902;190;217;1;land;false;plains;2
17903;243;248;1;land;false;forest;2
17904;221;246;1;land;false;plains;2
17905;246;242;1;land;false;plains;2
17906;243;202;1;land;false;forest;2
17907;37;95;1;land;false;forest;2
17908;22;57;1;land;false;forest;2
17909;128;45;1;land;false;plains;2
17910;184;63;1;land;false;plains;2
17911;195;85;1;land;false;plains;2
17912;153;74;1;land;false;plains;2
17913;180;33;1;land;false;plains;2
17914;118;40;1;land;false;plains;2
17915;150;26;1;land;false;plains;2
17916;189;34;1;land;false;plains;2
17917;119;13;1;land;false;plains;2
17918;139;29;1;land;false;plains;2
17919;123;52;1;land;false;plains;2
17920;175;27;1;land;false;plains;2
17921;187;54;1;land;false;plains;2
17922;147;37;1;land;false;plains;2
17923;180;19;1;land;false;plains;2
17924;144;28;1;land;false;plains;2
17925;140;33;1;land;false;plains;2
17926;169;77;1;land;false;plains;2
17927;124;34;1;land;false;forest;2
17928;140;85;1;land;false;plains;2
17929;169;73;1;land;false;plains;2
17930;168;52;1;land;false;plains;2
17931;144;45;1;land;false;plains;2
17932;126;82;1;land;false;plains;2
17933;32;15;1;land;false;plains;2
17934;88;76;1;land;false;plains;2
17935;110;78;1;land;false;plains;2
17936;54;7;1;land;false;plains;2
17937;70;67;1;land;false;plains;2
17938;102;72;1;land;false;hills;2
17939;80;10;1;land;false;plains;2
17940;37;16;1;land;false;plains;2
17941;97;61;1;land;false;plains;2
17942;46;64;1;land;false;plains;2
17943;91;37;1;land;false;plains;2
17944;96;130;1;land;false;desert;2
17945;146;112;1;land;true;desert;2
17946;132;101;1;land;false;desert;2
17947;80;132;1;land;false;desert;2
17948;99;95;1;land;false;desert;2
17949;108;127;1;land;false;desert;2
17950;142;133;1;land;false;desert;2
17951;95;124;1;land;false;desert;2
17952;132;124;1;land;false;desert;2
17953;102;115;1;land;false;desert;2
17954;100;105;1;land;false;desert;2
17955;95;84;1;land;false;desert;2
17956;83;95;1;land;false;desert;2
17957;90;107;1;land;false;desert;2
17958;103;127;1;land;false;desert;2
17959;70;77;1;land;false;desert;2
17960;137;114;1;land;true;desert;2
17961;145;106;1;land;true;desert;2
17962;97;151;1;land;false;desert;2
17963;143;118;1;land;false;desert;2
17964;139;123;1;land;true;desert;2
17965;77;125;1;land;false;desert;2
17966;103;82;1;land;true;desert;2
17967;131;140;1;land;false;desert;2
17968;130;143;1;land;false;desert;2
17969;97;71;1;land;true;desert;2
17970;121;73;1;land;false;desert;2
17971;127;98;1;land;false;desert;2
17972;100;129;1;land;false;desert;2
17973;99;89;1;land;false;desert;2
17974;144;73;1;land;false;desert;2
17975;125;81;1;land;false;desert;2
17976;140;138;1;land;true;desert;2
17977;129;119;1;land;true;desert;2
17978;117;96;1;land;false;desert;2
17979;113;150;1;land;false;desert;2
17980;138;117;1;land;false;desert;2
17981;114;77;1;land;false;plains;2
17982;89;119;1;land;false;desert;2
17983;108;145;1;land;true;desert;2
17984;96;89;1;land;false;desert;2
17985;73;141;1;land;false;desert;2
17986;126;117;1;land;false;desert;2
17987;72;131;1;land;false;desert;2
17988;74;134;1;land;false;desert;2
17989;131;71;1;land;true;hills;2
17990;111;82;1;land;false;desert;2
17991;127;150;1;land;false;desert;2
17992;115;99;1;land;false;desert;2
17993;119;88;1;land;false;desert;2
17994;94;84;1;land;false;desert;2
17995;141;79;1;land;false;desert;2
17996;104;95;1;land;false;desert;2
17997;122;144;1;land;true;desert;2
17998;140;94;1;land;true;desert;2
17999;111;98;1;land;false;desert;2
18000;123;150;1;land;false;desert;2
18001;100;142;1;land;false;desert;2
18002;77;86;1;land;false;desert;2
18003;142;115;1;land;false;desert;2
18004;90;134;1;land;false;desert;2
18005;82;91;1;land;false;desert;2
18006;108;112;1;land;false;desert;2
18007;88;109;1;land;false;desert;2
18008;144;71;1;land;false;desert;2
18009;76;73;1;land;true;desert;2
18010;122;131;1;land;false;desert;2
18011;117;105;1;land;false;desert;2
18012;18;113;1;land;false;hills;2
18013;11;164;1;land;false;plains;2
18014;59;71;1;land;false;plains;2
18015;25;99;1;land;false;plains;2
18016;62;56;1;land;false;plains;2
18017;55;101;1;land;false;plains;2
18018;61;79;1;land;false;plains;2
18019;95;89;1;land;false;plains;2
18020;96;102;1;land;false;plains;2
18021;35;122;1;land;false;plains;2
18022;90;96;1;land;false;plains;2
18023;44;114;1;land;false;plains;2
18024;95;77;1;land;false;plains;2
18025;226;214;1;land;false;plains;2
18026;251;156;1;land;false;plains;2
18027;214;198;1;land;false;plains;2
18028;222;215;1;land;false;plains;2
18029;243;215;1;land;false;plains;2
18030;183;0;1;land;false;plains;2
18031;160;16;1;land;false;plains;2
18032;118;26;1;land;false;plains;2
18033;187;61;1;land;false;plains;2
18034;161;5;1;land;false;plains;2
18035;133;63;1;land;true;plains;2
18036;138;31;1;land;false;plains;2
18037;123;68;1;land;false;plains;2
18038;142;12;1;land;false;plains;2
18039;177;36;1;land;true;plains;2
18040;118;18;1;land;false;plains;2
18041;156;45;1;land;false;plains;2
18042;149;23;1;land;false;plains;2
18043;154;61;1;land;true;plains;2
18044;149;5;1;land;false;plains;2
18045;113;49;1;land;true;plains;2
18046;131;26;1;land;true;plains;2
18047;121;3;1;land;false;plains;2
18048;121;35;1;land;false;plains;2
18049;181;36;1;land;false;plains;2
18050;147;18;1;land;true;plains;2
18051;164;62;1;land;false;plains;2
18052;169;46;1;land;false;plains;2
18053;140;48;1;land;false;plains;2
18054;145;67;1;land;false;plains;2
18055;186;5;1;land;false;plains;2
18056;138;16;1;land;true;plains;2
18057;211;139;1;land;false;plains;2
18058;197;205;1;land;false;plains;2
18059;206;155;1;land;false;plains;2
18060;168;129;1;land;false;plains;2
18061;180;144;1;land;false;plains;2
18062;161;165;1;land;false;plains;2
18063;163;136;1;land;false;plains;2
18064;165;134;1;land;false;plains;2
18065;195;139;1;land;false;plains;2
18066;168;132;1;land;false;plains;2
18067;189;171;1;land;false;plains;2
18068;59;249;1;land;true;jungle;2
18069;97;254;1;land;false;forest;2
18070;86;230;1;land;true;forest;2
18071;217;71;1;land;false;plains;2
18072;207;96;1;land;false;forest;2
18073;223;73;1;land;false;plains;2
18074;221;94;1;land;false;plains;2
18075;244;242;1;land;false;forest;2
18076;96;160;1;land;false;desert;2
18077;114;157;1;land;false;desert;2
18078;106;90;1;land;false;desert;2
18079;134;164;1;land;false;desert;2
18080;110;116;1;land;false;desert;2
18081;147;100;1;land;false;desert;2
18082;175;88;1;land;false;desert;2
18083;159;134;1;land;false;desert;2
18084;129;140;1;land;false;desert;2
18085;154;123;1;land;false;desert;2
18086;159;164;1;land;false;desert;2
18087;135;138;1;land;false;desert;2
18088;153;125;1;land;false;desert;2
18089;136;124;1;land;false;desert;2
18090;174;101;1;land;false;desert;2
18091;130;160;1;land;false;desert;2
18092;129;97;1;land;false;desert;2
18093;128;155;1;land;false;desert;2
18094;136;92;1;land;false;desert;2
18095;70;250;1;land;false;plains;2
18096;34;219;1;land;false;plains;2
18097;4;214;1;land;false;plains;2
18098;24;216;1;land;false;plains;2
18099;51;245;1;land;false;plains;2
18100;56;223;1;land;false;forest;2
18101;240;60;1;land;true;forest;2
18102;207;100;1;land;false;forest;2
18103;243;91;1;land;false;forest;2
18104;188;104;1;land;true;forest;2
18105;230;107;1;land;true;forest;2
18106;235;44;1;land;false;forest;2
18107;212;71;1;land;false;forest;2
18108;222;94;1;land;false;forest;2
18109;229;78;1;land;true;forest;2
18110;247;188;1;land;false;plains;2
18111;209;113;1;land;false;plains;2
18112;252;119;1;land;false;plains;2
18113;248;138;1;land;false;plains;2
18114;239;142;1;land;false;plains;2
18115;243;108;1;land;false;plains;2
18116;193;138;1;land;false;plains;2
18117;238;184;1;land;false;plains;2
18118;120;175;1;land;false;forest;2
18119;146;196;1;land;false;forest;2
18120;139;155;1;land;false;plains;2
18121;20;41;1;land;false;plains;2
18122;221;13;1;land;false;plains;2
18123;238;23;1;land;false;plains;2
18124;240;7;1;land;false;plains;2
18125;213;70;1;land;false;plains;2
18126;241;18;1;land;false;plains;2
18127;144;37;1;land;false;mountain;2
18128;95;7;1;land;false;hills;2
18129;95;33;1;land;false;mountain;2
18130;88;11;1;land;false;hills;2
18131;158;39;1;land;false;plains;2
18132;87;23;1;land;false;mountain;2
18133;108;5;1;land;false;hills;2
18134;120;2;1;land;false;hills;2
18135;132;74;1;land;false;forest;2
18136;125;77;1;land;false;forest;2
18137;134;135;1;land;false;forest;2
18138;109;75;1;land;false;forest;2
18139;243;31;1;land;false;forest;2
18140;225;106;1;land;false;plains;2
18141;37;223;1;land;true;forest;2
18142;4;213;1;land;false;forest;2
18143;39;233;1;land;false;forest;2
18144;41;228;1;land;false;jungle;2
18145;3;211;1;land;true;forest;2
18146;39;254;1;land;true;forest;2
18147;29;245;1;land;false;forest;2
18148;37;249;1;land;true;forest;2
18149;32;235;1;land;true;forest;2
18150;29;242;1;land;false;forest;2
18151;40;222;1;land;false;jungle;2
18152;26;236;1;land;false;forest;2
18153;39;191;1;land;false;forest;2
18154;34;244;1;land;true;forest;2
18155;175;218;1;land;true;jungle;2
18156;182;217;1;land;false;forest;2
18157;146;221;1;land;false;jungle;2
18158;164;227;1;land;true;forest;2
18159;151;247;1;land;false;forest;2
18160;136;237;1;land;false;forest;2
18161;174;55;1;land;false;forest;2
18162;150;58;1;land;false;jungle;2
18163;137;64;1;land;false;forest;2
18164;180;51;1;land;false;jungle;2
18165;147;14;1;land;false;forest;2
18166;130;50;1;land;false;jungle;2
18167;185;25;1;land;false;forest;2
18168;157;64;1;land;false;forest;2
18169;139;52;1;land;false;forest;2
18170;161;77;1;land;false;forest;2
18171;203;61;1;land;false;forest;2
18172;171;24;1;land;false;jungle;2
18173;239;150;1;land;false;mountain;2
18174;205;177;1;land;false;plains;2
18175;240;172;1;land;false;hills;2
18176;192;160;1;land;false;plains;2
18177;234;202;1;land;false;plains;2
18178;245;139;1;land;false;hills;2
18179;237;175;1;land;false;hills;2
18180;216;140;1;land;false;plains;2
18181;219;179;1;land;false;mountain;2
18182;236;180;1;land;false;plains;2
18183;226;190;1;land;false;hills;2
18184;196;174;1;land;false;mountain;2
18185;188;135;1;land;false;plains;2
18186;54;43;1;land;false;forest;2
18187;89;40;1;land;true;forest;2
18188;131;15;1;land;false;plains;2
18189;91;9;1;land;false;plains;2
18190;216;178;1;land;true;jungle;2
18191;252;143;1;land;false;forest;2
18192;229;164;1;land;false;jungle;2
18193;249;145;1;land;false;forest;2
18194;218;156;1;land;true;jungle;2
18195;251;121;1;land;true;forest;2
18196;252;125;1;land;true;forest;2
18197;254;170;1;land;false;jungle;2
18198;246;165;1;land;false;forest;2
18199;237;183;1;land;false;jungle;2
18200;180;52;1;land;false;forest;2
18201;41;77;1;land;false;jungle;2
18202;9;148;1;land;false;forest;2
18203;67;134;1;land;false;forest;2
18204;41;123;1;land;false;forest;2
18205;200;185;1;land;false;plains;2
18206;72;65;1;land;false;plains;2
18207;114;72;1;land;false;plains;2
18208;67;95;1;land;false;plains;2
18209;110;138;1;land;false;plains;2
18210;32;63;1;land;false;plains;2
18211;29;93;1;land;false;plains;2
18212;17;83;1;land;false;plains;2
18213;172;170;1;land;true;forest;2
18214;125;168;1;land;false;forest;2
18215;153;145;1;land;false;forest;2
18216;161;191;1;land;false;forest;2
18217;152;164;1;land;false;forest;2
18218;148;179;1;land;true;forest;2
18219;106;143;1;land;false;forest;2
18220;155;219;1;land;false;forest;2
18221;151;184;1;land;false;forest;2
18222;102;179;1;land;false;forest;2
18223;117;195;1;land;true;forest;2
18224;165;156;1;land;false;forest;2
18225;107;168;1;land;false;forest;2
18226;149;187;1;land;false;forest;2
18227;133;144;1;land;false;forest;2
18228;114;217;1;land;true;forest;2
18229;101;214;1;land;false;forest;2
18230;141;181;1;land;false;forest;2
18231;125;216;1;land;true;forest;2
18232;112;147;1;land;false;forest;2
18233;151;214;1;land;true;forest;2
18234;99;31;1;land;false;jungle;2
18235;85;28;1;land;false;hills;2
18236;36;43;1;land;false;hills;2
18237;103;15;1;land;false;mountain;2
18238;100;45;1;land;false;jungle;2
18239;85;3;1;land;false;forest;2
18240;67;5;1;land;false;jungle;2
18241;92;29;1;land;false;hills;2
18242;205;41;1;land;false;plains;2
18243;241;15;1;land;false;plains;2
18244;250;5;1;land;false;plains;2
18245;200;18;1;land;false;plains;2
18246;202;33;1;land;false;plains;2
18247;251;45;1;land;false;plains;2
18248;241;40;1;land;false;plains;2
18249;97;233;1;land;false;plains;2
18250;131;208;1;land;false;plains;2
18251;102;228;1;land;false;plains;2
18252;34;82;1;land;false;plains;2
18253;50;106;1;land;false;plains;2
18254;11;112;1;land;false;plains;2
18255;195;110;1;land;false;plains;2
18256;230;128;1;land;false;plains;2
18257;172;109;1;land;false;plains;2
18258;224;82;1;land;false;plains;2
18259;164;118;1;land;false;plains;2
18260;157;115;1;land;false;plains;2
18261;221;110;1;land;false;plains;2
18262;180;116;1;land;false;forest;2
18263;211;109;1;land;false;forest;2
18264;69;214;1;land;false;plains;2
18265;30;37;1;land;false;plains;2
18266;22;48;1;land;false;plains;2
18267;13;49;1;land;false;plains;2
18268;54;28;1;land;false;plains;2
18269;59;61;1;land;false;plains;2
18270;11;79;1;land;false;plains;2
18271;35;60;1;land;false;plains;2
18272;53;127;1;land;false;plains;2
18273;57;70;1;land;false;plains;2
18274;79;95;1;land;false;plains;2
18275;32;85;1;land;false;plains;2
18276;28;101;1;land;false;plains;2
18277;79;143;1;land;false;plains;2
18278;36;198;1;land;false;plains;2
18279;6;131;1;land;false;plains;2
18280;24;141;1;land;false;plains;2
18281;215;65;1;land;false;plains;2
18282;207;86;1;land;false;desert;2
18283;172;70;1;land;false;plains;2
18284;195;40;1;land;false;plains;2
18285;173;13;1;land;false;plains;2
18286;211;47;1;land;false;plains;2
18287;250;205;1;land;false;forest;2
18288;199;230;1;land;false;plains;2
18289;233;198;1;land;false;forest;2
18290;243;221;1;land;false;forest;2
18291;135;146;1;land;false;plains;2
18292;146;127;1;land;false;desert;2
18293;109;115;1;land;false;plains;2
18294;133;101;1;land;false;plains;2
18295;100;82;1;land;false;plains;2
18296;156;95;1;land;false;plains;2
18297;160;126;1;land;false;plains;2
18298;117;130;1;land;false;plains;2
18299;118;137;1;land;false;plains;2
18300;127;140;1;land;false;plains;2
18301;172;88;1;land;false;plains;2
18302;136;135;1;land;false;desert;2
18303;120;146;1;land;false;plains;2
18304;152;100;1;land;false;plains;2
18305;168;146;1;land;false;desert;2
18306;137;111;1;land;false;plains;2
18307;133;122;1;land;false;plains;2
18308;153;78;1;land;false;plains;2
18309;135;130;1;land;false;plains;2
18310;125;89;1;land;false;plains;2
18311;106;109;1;land;false;plains;2
18312;136;94;1;land;false;plains;2
18313;172;78;1;land;false;plains;2
18314;151;85;1;land;false;plains;2
18315;151;126;1;land;false;plains;2
18316;155;94;1;land;false;plains;2
18317;146;147;1;land;false;plains;2
18318;128;90;1;land;false;plains;2
18319;154;125;1;land;false;plains;2
18320;95;80;1;land;false;plains;2
18321;174;72;1;land;false;plains;2
18322;145;104;1;land;false;plains;2
18323;183;239;1;land;false;desert;2
18324;201;215;1;land;true;desert;2
18325;193;244;1;land;false;desert;2
18326;162;244;1;land;true;desert;2
18327;149;248;1;land;false;desert;2
18328;170;219;1;land;true;desert;2
18329;57;168;1;land;false;plains;2
18330;50;121;1;land;false;plains;2
18331;72;166;1;land;false;plains;2
18332;141;244;1;land;false;plains;2
18333;185;203;1;land;false;plains;2
18334;199;244;1;land;false;plains;2
18335;172;220;1;land;false;plains;2
18336;207;212;1;land;false;plains;2
18337;196;233;1;land;false;plains;2
18338;138;211;1;land;false;plains;2
18339;101;37;1;land;false;plains;2
18340;94;10;1;land;false;plains;2
18341;56;129;1;land;false;plains;2
18342;113;100;1;land;false;plains;2
18343;74;94;1;land;false;plains;2
18344;167;209;1;land;false;desert;2
18345;157;240;1;land;false;desert;2
18346;143;216;1;land;false;desert;2
18347;165;198;1;land;false;desert;2
18348;147;242;1;land;false;desert;2
18349;123;222;1;land;false;desert;2
18350;120;217;1;land;false;desert;2
18351;151;188;1;land;false;desert;2
18352;108;249;1;land;false;desert;2
18353;164;210;1;land;false;desert;2
18354;142;229;1;land;false;desert;2
18355;161;188;1;land;false;desert;2
18356;171;204;1;land;false;desert;2
18357;103;222;1;land;false;desert;2
18358;116;254;1;land;false;plains;2
18359;127;187;1;land;false;desert;2
18360;150;224;1;land;false;desert;2
18361;121;200;1;land;false;desert;2
18362;144;223;1;land;false;plains;2
18363;159;227;1;land;false;desert;2
18364;147;238;1;land;false;plains;2
18365;107;189;1;land;false;desert;2
18366;150;192;1;land;false;desert;2
18367;148;219;1;land;false;desert;2
18368;102;226;1;land;false;desert;2
18369;125;238;1;land;false;desert;2
18370;130;239;1;land;false;desert;2
18371;155;189;1;land;false;desert;2
18372;170;248;1;land;false;desert;2
18373;146;228;1;land;false;desert;2
18374;126;228;1;land;false;desert;2
18375;155;68;1;land;false;plains;2
18376;119;96;1;land;false;plains;2
18377;162;109;1;land;false;plains;2
18378;99;70;1;land;false;plains;2
18379;93;96;1;land;false;plains;2
18380;139;97;1;land;false;plains;2
18381;96;111;1;land;false;plains;2
18382;133;123;1;land;false;plains;2
18383;186;17;1;land;false;plains;2
18384;149;52;1;land;false;plains;2
18385;198;14;1;land;false;plains;2
18386;152;42;1;land;false;plains;2
18387;138;76;1;land;false;hills;2
18388;39;190;1;land;false;forest;2
18389;46;215;1;land;false;forest;2
18390;89;199;1;land;false;forest;2
18391;59;169;1;land;false;forest;2
18392;226;175;1;land;false;plains;2
18393;207;148;1;land;false;plains;2
18394;188;79;1;land;false;plains;2
18395;167;69;1;land;false;plains;2
18396;177;64;1;land;false;plains;2
18397;230;44;1;land;false;plains;2
18398;190;53;1;land;false;plains;2
18399;239;56;1;land;false;plains;2
18400;213;112;1;land;false;plains;2
18401;213;74;1;land;false;plains;2
18402;170;113;1;land;false;plains;2
18403;220;66;1;land;false;plains;2
18404;245;85;1;land;false;plains;2
18405;214;60;1;land;false;plains;2
18406;177;89;1;land;false;plains;2
18407;172;39;1;land;false;plains;2
18408;177;67;1;land;false;plains;2
18409;220;70;1;land;false;plains;2
18410;217;53;1;land;false;plains;2
18411;236;77;1;land;false;plains;2
18412;179;111;1;land;false;plains;2
18413;173;91;1;land;false;plains;2
18414;179;42;1;land;false;plains;2
18415;205;99;1;land;false;hills;2
18416;169;88;1;land;false;plains;2
18417;228;95;1;land;false;plains;2
18418;229;81;1;land;false;hills;2
18419;209;50;1;land;false;plains;2
18420;203;49;1;land;false;plains;2
18421;179;64;1;land;false;plains;2
18422;217;115;1;land;false;plains;2
18423;219;94;1;land;false;plains;2
18424;201;48;1;land;false;plains;2
18425;243;74;1;land;false;forest;2
18426;237;34;1;land;false;forest;2
18427;245;109;1;land;false;forest;2
18428;243;102;1;land;false;forest;2
18429;233;54;1;land;false;forest;2
18430;250;99;1;land;false;forest;2
18431;228;134;1;land;false;forest;2
18432;206;151;1;land;false;forest;2
18433;236;175;1;land;false;forest;2
18434;15;217;1;land;false;plains;2
18435;0;161;1;land;true;forest;2
18436;9;126;1;land;false;plains;2
18437;3;161;1;land;true;forest;2
18438;33;91;1;land;false;jungle;2
18439;11;109;1;land;true;forest;2
18440;22;141;1;land;false;forest;2
18441;13;118;1;land;false;forest;2
18442;42;137;1;land;false;plains;2
18443;20;99;1;land;false;jungle;2
18444;1;95;1;land;true;forest;2
18445;8;108;1;land;false;forest;2
18446;2;93;1;land;false;forest;2
18447;5;133;1;land;false;plains;2
18448;31;114;1;land;false;forest;2
18449;29;105;1;land;false;jungle;2
18450;81;179;1;land;true;plains;1
18451;88;131;1;land;false;mountain;1
18452;70;159;1;land;true;desert;1
18453;62;174;1;land;false;hills;1
18454;116;118;1;land;false;mountain;1
18455;125;119;1;land;false;desert;1
18456;129;165;1;land;false;hills;1
18457;71;120;1;land;false;hills;1
18458;89;125;1;land;true;hills;1
18459;111;144;1;land;false;plains;1
18460;116;133;1;land;false;desert;1
18461;124;167;1;land;false;mountain;1
18462;113;154;1;land;false;hills;1
18463;126;151;1;land;false;desert;1
18464;63;147;1;land;false;desert;1
18465;108;162;1;land;false;desert;1
18466;65;149;1;land;false;hills;1
18467;85;148;1;land;false;mountain;1
18468;115;124;1;land;false;hills;1
18469;122;140;1;land;false;hills;1
18470;77;190;1;land;false;desert;1
18471;62;162;1;land;false;mountain;1
18472;73;172;1;land;false;hills;1
18473;120;137;1;land;true;desert;1
18474;61;154;1;land;false;hills;1
18475;128;157;1;land;true;plains;1
18476;61;170;1;land;false;hills;1
18477;118;172;1;land;false;desert;1
18478;125;151;1;land;false;hills;1
18479;123;146;1;land;false;mountain;1
18480;60;183;1;land;false;mountain;1
18481;126;167;1;land;false;hills;1
18482;84;164;1;land;true;desert;1
18483;125;192;1;land;false;hills;1
18484;64;144;1;land;false;desert;1
18485;102;169;1;land;false;hills;1
18486;133;184;1;land;false;desert;1
18487;135;180;1;land;false;desert;1
18488;74;181;1;land;false;desert;1
18489;76;152;1;land;false;hills;1
18490;97;186;1;land;false;hills;1
18491;111;155;1;land;false;desert;1
18492;105;160;1;land;false;mountain;1
18493;98;144;1;land;false;hills;1
18494;106;177;1;land;false;desert;1
18495;105;159;1;land;true;desert;1
18496;101;190;1;land;false;hills;1
18497;70;121;1;land;false;hills;1
18498;72;158;1;land;false;mountain;1
18499;130;184;1;land;false;mountain;1
18500;116;140;1;land;false;desert;1
18501;248;164;1;land;false;hills;1
18502;250;215;1;land;true;forest;1
18503;246;233;1;land;false;hills;1
18504;251;199;1;land;false;mountain;1
18505;248;200;1;land;false;hills;1
18506;232;206;1;land;false;jungle;1
18507;223;209;1;land;false;hills;1
18508;234;177;1;land;false;jungle;1
18509;218;228;1;land;false;hills;1
18510;227;215;1;land;true;jungle;1
18511;253;238;1;land;false;mountain;1
18512;238;225;1;land;true;forest;1
18513;219;178;1;land;true;jungle;1
18514;215;179;1;land;false;forest;1
18515;240;188;1;land;false;mountain;1
18516;231;183;1;land;false;hills;1
18517;243;165;1;land;true;jungle;1
18518;248;240;1;land;false;hills;1
18519;233;184;1;land;false;mountain;1
18520;253;197;1;land;false;forest;1
18521;236;206;1;land;true;jungle;1
18522;197;207;1;land;false;hills;1
18523;208;224;1;land;true;forest;1
18524;221;202;1;land;true;forest;1
18525;169;221;1;land;false;forest;1
18526;197;165;1;land;false;hills;1
18527;233;191;1;land;false;hills;1
18528;209;160;1;land;true;forest;1
18529;194;203;1;land;false;hills;1
18530;194;221;1;land;true;forest;1
18531;222;178;1;land;true;forest;1
18532;211;153;1;land;false;hills;1
18533;46;147;1;land;false;hills;1
18534;34;129;1;land;false;hills;1
18535;61;113;1;land;false;hills;1
18536;29;160;1;land;false;hills;1
18537;58;155;1;land;false;forest;1
18538;62;142;1;land;false;hills;1
18539;23;101;1;land;false;mountain;1
18540;16;163;1;land;false;forest;1
18541;34;95;1;land;false;mountain;1
18542;15;167;1;land;false;forest;1
18543;36;99;1;land;false;mountain;1
18544;28;126;1;land;false;forest;1
18545;16;105;1;land;false;forest;1
18546;0;112;1;land;false;forest;1
18547;77;88;1;land;true;forest;1
18548;49;52;1;land;false;hills;1
18549;85;24;1;land;false;hills;1
18550;68;36;1;land;false;forest;1
18551;56;20;1;land;true;hills;1
18552;73;30;1;land;false;jungle;1
18553;81;71;1;land;false;jungle;1
18554;73;48;1;land;true;hills;1
18555;79;65;1;land;false;jungle;1
18556;100;68;1;land;true;forest;1
18557;49;39;1;land;true;forest;1
18558;75;98;1;land;false;hills;1
18559;54;78;1;land;false;hills;1
18560;94;96;1;land;false;hills;1
18561;181;163;1;land;false;forest;1
18562;250;156;1;land;false;hills;1
18563;234;160;1;land;false;forest;1
18564;187;160;1;land;false;jungle;1
18565;201;220;1;land;false;forest;1
18566;198;166;1;land;false;jungle;1
18567;250;202;1;land;false;forest;1
18568;181;168;1;land;false;mountain;1
18569;211;181;1;land;false;jungle;1
18570;224;173;1;land;false;forest;1
18571;215;161;1;land;false;forest;1
18572;233;180;1;land;false;hills;1
18573;222;197;1;land;false;jungle;1
18574;207;186;1;land;false;hills;1
18575;253;168;1;land;false;hills;1
18576;242;168;1;land;false;forest;1
18577;189;155;1;land;false;forest;1
18578;212;189;1;land;false;mountain;1
18579;254;171;1;land;false;forest;1
18580;192;199;1;land;false;mountain;1
18581;189;186;1;land;false;jungle;1
18582;232;193;1;land;false;jungle;1
18583;195;221;1;land;false;forest;1
18584;211;208;1;land;false;jungle;1
18585;181;204;1;land;false;hills;1
18586;230;161;1;land;false;hills;1
18587;221;223;1;land;false;forest;1
18588;250;203;1;land;false;forest;1
18589;234;216;1;land;false;jungle;1
18590;191;200;1;land;false;forest;1
18591;206;166;1;land;false;forest;1
18592;232;165;1;land;false;jungle;1
18593;201;151;1;land;false;jungle;1
18594;77;216;1;land;true;jungle;1
18595;109;244;1;land;true;jungle;1
18596;108;195;1;land;true;jungle;1
18597;50;233;1;land;false;hills;1
18598;90;220;1;land;false;forest;1
18599;51;210;1;land;false;hills;1
18600;117;236;1;land;false;hills;1
18601;112;200;1;land;false;hills;1
18602;125;239;1;land;false;jungle;1
18603;63;245;1;land;true;jungle;1
18604;111;249;1;land;false;jungle;1
18605;84;237;1;land;false;hills;1
18606;103;218;1;land;true;forest;1
18607;62;218;1;land;false;hills;1
18608;82;222;1;land;false;forest;1
18609;87;242;1;land;true;forest;1
18610;93;203;1;land;true;jungle;1
18611;56;231;1;land;false;jungle;1
18612;119;184;1;land;false;forest;1
18613;81;172;1;land;false;hills;1
18614;64;160;1;land;false;hills;1
18615;102;129;1;land;false;jungle;1
18616;93;95;1;land;false;jungle;1
18617;56;167;1;land;false;forest;1
18618;65;115;1;land;false;forest;1
18619;85;171;1;land;false;forest;1
18620;102;157;1;land;false;jungle;1
18621;48;123;1;land;false;jungle;1
18622;59;123;1;land;false;hills;1
18623;81;109;1;land;false;jungle;1
18624;41;158;1;land;false;forest;1
18625;58;146;1;land;false;forest;1
18626;100;126;1;land;true;jungle;1
18627;39;134;1;land;true;forest;1
18628;81;145;1;land;false;hills;1
18629;68;103;1;land;false;hills;1
18630;90;117;1;land;false;forest;1
18631;44;169;1;land;false;hills;1
18632;36;135;1;land;false;jungle;1
18633;79;103;1;land;false;jungle;1
18634;73;93;1;land;false;jungle;1
18635;36;160;1;land;false;forest;1
18636;68;100;1;land;false;forest;1
18637;95;95;1;land;false;jungle;1
18638;36;105;1;land;false;hills;1
18639;100;102;1;land;false;hills;1
18640;86;157;1;land;false;hills;1
18641;83;127;1;land;false;jungle;1
18642;43;144;1;land;false;forest;1
18643;74;144;1;land;false;forest;1
18644;225;15;1;land;false;hills;1
18645;194;3;1;land;false;forest;1
18646;195;186;1;land;true;desert;1
18647;211;173;1;land;false;hills;1
18648;156;141;1;land;false;hills;1
18649;143;175;1;land;false;hills;1
18650;169;146;1;land;false;forest;1
18651;169;131;1;land;false;plains;1
18652;192;188;1;land;false;hills;1
18653;199;134;1;land;false;hills;1
18654;190;186;1;land;false;hills;1
18655;202;177;1;land;false;hills;1
18656;184;185;1;land;true;plains;1
18657;179;167;1;land;true;plains;1
18658;180;179;1;land;false;plains;1
18659;162;181;1;land;true;plains;1
18660;197;128;1;land;false;forest;1
18661;162;154;1;land;false;hills;1
18662;199;129;1;land;false;hills;1
18663;186;129;1;land;false;forest;1
18664;208;165;1;land;false;hills;1
18665;218;146;1;land;false;hills;1
18666;210;199;1;land;false;forest;1
18667;192;242;1;land;true;plains;1
18668;193;204;1;land;false;forest;1
18669;167;235;1;land;false;forest;1
18670;197;243;1;land;false;forest;1
18671;169;222;1;land;true;forest;1
18672;150;244;1;land;false;forest;1
18673;137;192;1;land;true;forest;1
18674;193;237;1;land;false;hills;1
18675;136;223;1;land;true;forest;1
18676;180;60;1;land;true;plains;1
18677;142;40;1;land;false;plains;1
18678;217;45;1;land;false;hills;1
18679;163;32;1;land;false;plains;1
18680;200;94;1;land;false;plains;1
18681;160;32;1;land;false;plains;1
18682;197;30;1;land;false;hills;1
18683;144;49;1;land;false;hills;1
18684;195;97;1;land;false;plains;1
18685;206;97;1;land;false;forest;1
18686;188;98;1;land;false;plains;1
18687;179;43;1;land;true;plains;1
18688;200;87;1;land;false;plains;1
18689;205;87;1;land;false;plains;1
18690;188;100;1;land;true;desert;1
18691;203;79;1;land;false;plains;1
18692;169;75;1;land;false;hills;1
18693;168;30;1;land;false;desert;1
18694;168;42;1;land;true;desert;1
18695;158;65;1;land;false;plains;1
18696;143;66;1;land;true;plains;1
18697;204;69;1;land;false;hills;1
18698;175;22;1;land;false;plains;1
18699;192;88;1;land;false;plains;1
18700;160;58;1;land;false;forest;1
18701;94;250;1;land;false;hills;1
18702;78;211;1;land;true;forest;1
18703;72;249;1;land;true;forest;1
18704;40;217;1;land;true;jungle;1
18705;56;246;1;land;false;forest;1
18706;100;28;1;land;false;hills;1
18707;210;171;1;land;true;hills;1
18708;0;216;1;land;false;forest;1
18709;3;215;1;land;true;hills;1
18710;10;214;1;land;false;mountain;1
18711;35;223;1;land;false;hills;1
18712;26;243;1;land;true;mountain;1
18713;99;91;1;land;true;hills;1
18714;81;77;1;land;false;hills;1
18715;98;114;1;land;false;hills;1
18716;138;143;1;land;false;hills;1
18717;83;116;1;land;false;hills;1
18718;106;76;1;land;false;hills;1
18719;94;127;1;land;false;hills;1
18720;122;90;1;land;false;mountain;1
18721;102;134;1;land;false;mountain;1
18722;87;149;1;land;false;hills;1
18723;83;141;1;land;false;hills;1
18724;82;96;1;land;false;hills;1
18725;105;83;1;land;false;hills;1
18726;132;84;1;land;false;hills;1
18727;213;40;1;land;false;hills;1
18728;173;87;1;land;true;jungle;1
18729;216;83;1;land;false;mountain;1
18730;181;111;1;land;false;hills;1
18731;173;63;1;land;false;jungle;1
18732;216;48;1;land;false;mountain;1
18733;175;113;1;land;true;jungle;1
18734;182;97;1;land;false;jungle;1
18735;210;109;1;land;false;hills;1
18736;166;79;1;land;false;hills;1
18737;201;109;1;land;false;jungle;1
18738;222;80;1;land;true;jungle;1
18739;134;24;1;land;true;mountain;1
18740;86;0;1;land;true;jungle;1
18741;92;33;1;land;false;hills;1
18742;61;51;1;land;false;mountain;1
18743;126;20;1;land;false;hills;1
18744;121;54;1;land;false;forest;1
18745;111;48;1;land;false;hills;1
18746;99;17;1;land;false;jungle;1
18747;106;5;1;land;true;jungle;1
18748;72;15;1;land;false;hills;1
18749;110;51;1;land;true;jungle;1
18750;105;25;1;land;false;mountain;1
18751;65;7;1;land;false;mountain;1
18752;127;24;1;land;true;jungle;1
18753;120;31;1;land;true;mountain;1
18754;75;41;1;land;false;jungle;1
18755;64;39;1;land;false;forest;1
18756;78;15;1;land;false;mountain;1
18757;94;44;1;land;false;hills;1
18758;194;46;1;land;false;forest;1
18759;167;63;1;land;false;jungle;1
18760;186;74;1;land;true;forest;1
18761;186;69;1;land;false;jungle;1
18762;176;106;1;land;false;forest;1
18763;240;61;1;land;true;forest;1
18764;229;98;1;land;true;jungle;1
18765;218;111;1;land;false;jungle;1
18766;229;92;1;land;false;forest;1
18767;194;54;1;land;true;jungle;1
18768;184;105;1;land;true;forest;1
18769;213;46;1;land;false;forest;1
18770;224;84;1;land;true;forest;1
18771;244;59;1;land;false;jungle;1
18772;70;221;1;land;true;plains;1
18773;107;8;1;land;true;forest;1
18774;130;35;1;land;false;jungle;1
18775;119;35;1;land;false;forest;1
18776;89;54;1;land;false;forest;1
18777;127;40;1;land;true;forest;1
18778;80;57;1;land;false;forest;1
18779;133;48;1;land;false;forest;1
18780;130;12;1;land;false;forest;1
18781;118;6;1;land;false;forest;1
18782;83;52;1;land;false;hills;1
18783;109;10;1;land;true;forest;1
18784;120;32;1;land;false;forest;1
18785;91;52;1;land;true;forest;1
18786;117;49;1;land;true;forest;1
18787;123;46;1;land;false;forest;1
18788;137;45;1;land;true;jungle;1
18789;137;7;1;land;true;hills;1
18790;151;37;1;land;true;forest;1
18791;137;24;1;land;false;forest;1
18792;144;46;1;land;false;forest;1
18793;150;19;1;land;false;forest;1
18794;135;56;1;land;true;forest;1
18795;77;38;1;land;false;forest;1
18796;115;4;1;land;true;forest;1
18797;100;49;1;land;true;forest;1
18798;94;31;1;land;true;forest;1
18799;138;27;1;land;false;jungle;1
18800;112;5;1;land;true;jungle;1
18801;82;6;1;land;false;hills;1
18802;148;53;1;land;true;hills;1
18803;151;17;1;land;true;forest;1
18804;129;5;1;land;true;forest;1
18805;149;22;1;land;false;forest;1
18806;76;41;1;land;false;forest;1
18807;125;39;1;land;true;forest;1
18808;103;26;1;land;true;forest;1
18809;77;36;1;land;false;forest;1
18810;74;26;1;land;false;forest;1
18811;108;6;1;land;true;forest;1
18812;131;50;1;land;false;hills;1
18813;100;34;1;land;false;forest;1
18814;93;6;1;land;false;forest;1
18815;91;2;1;land;false;jungle;1
18816;71;4;1;land;false;forest;1
18817;139;14;1;land;false;forest;1
18818;77;13;1;land;false;forest;1
18819;91;25;1;land;true;forest;1
18820;99;23;1;land;false;mountain;1
18821;104;8;1;land;true;hills;1
18822;113;42;1;land;true;jungle;1
18823;92;55;1;land;false;forest;1
18824;110;29;1;land;false;forest;1
18825;115;15;1;land;true;forest;1
18826;87;25;1;land;false;forest;1
18827;215;112;1;land;false;mountain;1
18828;179;130;1;land;false;hills;1
18829;222;152;1;land;false;mountain;1
18830;170;163;1;land;false;mountain;1
18831;233;148;1;land;false;mountain;1
18832;236;112;1;land;false;mountain;1
18833;188;170;1;land;false;hills;1
18834;231;111;1;land;false;hills;1
18835;189;126;1;land;false;hills;1
18836;191;140;1;land;false;hills;1
18837;237;140;1;land;false;mountain;1
18838;162;165;1;land;false;hills;1
18839;159;153;1;land;false;hills;1
18840;125;97;1;land;true;hills;1
18841;143;145;1;land;false;hills;1
18842;145;126;1;land;false;mountain;1
18843;176;102;1;land;false;hills;1
18844;159;97;1;land;false;hills;1
18845;152;171;1;land;false;plains;1
18846;149;119;1;land;true;mountain;1
18847;154;115;1;land;true;hills;1
18848;146;116;1;land;false;hills;1
18849;120;133;1;land;false;plains;1
18850;126;159;1;land;false;hills;1
18851;135;126;1;land;false;mountain;1
18852;246;166;1;land;true;plains;1
18853;253;156;1;land;false;mountain;1
18854;236;93;1;land;false;mountain;1
18855;215;168;1;land;false;mountain;1
18856;220;131;1;land;true;plains;1
18857;217;123;1;land;true;plains;1
18858;235;142;1;land;false;mountain;1
18859;205;168;1;land;false;mountain;1
18860;234;153;1;land;false;mountain;1
18861;218;90;1;land;false;hills;1
18862;234;157;1;land;true;plains;1
18863;234;129;1;land;false;plains;1
18864;251;118;1;land;false;mountain;1
18865;132;246;1;land;true;plains;1
18866;132;217;1;land;false;mountain;1
18867;156;212;1;land;true;plains;1
18868;131;235;1;land;true;plains;1
18869;165;220;1;land;false;plains;1
18870;88;252;1;land;false;mountain;1
18871;152;252;1;land;false;mountain;1
18872;167;247;1;land;true;forest;1
18873;115;190;1;land;true;plains;1
18874;149;194;1;land;true;forest;1
18875;153;226;1;land;false;mountain;1
18876;90;191;1;land;false;plains;1
18877;103;203;1;land;false;mountain;1
18878;111;214;1;land;true;plains;1
18879;99;44;1;land;false;hills;1
18880;50;86;1;land;true;hills;1
18881;107;45;1;land;false;hills;1
18882;65;77;1;land;false;hills;1
18883;107;35;1;land;true;mountain;1
18884;100;97;1;land;false;plains;1
18885;106;100;1;land;true;desert;1
18886;85;43;1;land;false;hills;1
18887;116;90;1;land;false;hills;1
18888;143;232;1;land;false;mountain;1
18889;149;188;1;land;true;mountain;1
18890;96;175;1;land;false;mountain;1
18891;89;184;1;land;true;mountain;1
18892;84;191;1;land;true;mountain;1
18893;135;176;1;land;true;mountain;1
18894;160;14;1;land;false;hills;1
18895;127;212;1;land;false;desert;3
18896;113;242;1;land;false;desert;3
18897;147;214;1;land;false;desert;3
18898;101;247;1;land;false;plains;3
18899;130;245;1;land;false;desert;3
18900;40;239;1;land;false;desert;3
18901;54;235;1;land;false;desert;3
18902;1;222;1;land;false;desert;3
18903;16;202;1;land;false;desert;3
18904;99;63;255;sea;false;ocean;0
18905;115;21;255;sea;false;ocean;0
18906;80;32;255;sea;true;ocean;0
18907;46;56;255;sea;true;ocean;0
18908;120;98;255;sea;false;ocean;0
18909;129;0;255;sea;false;ocean;0
18910;103;28;255;sea;false;ocean;0
18911;10;119;255;sea;true;ocean;0
18912;156;90;255;sea;false;ocean;0
18913;90;108;255;sea;false;ocean;0
18914;37;57;255;sea;false;ocean;0
18915;12;7;255;sea;false;ocean;0
18916;69;121;255;sea;true;ocean;0
18917;28;127;255;sea;true;ocean;0
18918;28;100;255;sea;false;ocean;0
18919;21;117;255;sea;false;ocean;0
18920;14;58;255;sea;false;ocean;0
18921;26;95;255;sea;false;ocean;0
18922;67;101;255;sea;false;ocean;0
18923;71;112;255;sea;true;ocean;0
18924;3;74;255;sea;true;ocean;0
18925;104;68;255;sea;false;ocean;0
18926;16;87;255;sea;true;ocean;0
18927;0;137;255;sea;true;ocean;0
18928;137;52;255;sea;false;ocean;0
18929;88;71;255;sea;false;ocean;0
18930;108;6;255;sea;true;ocean;0
18931;75;22;255;sea;true;ocean;0
18932;121;95;255;sea;true;ocean;0
18933;75;124;255;sea;true;ocean;0
18934;116;115;255;sea;false;ocean;0
18935;119;69;255;sea;true;ocean;0
18936;17;100;255;sea;false;ocean;0
18937;24;123;255;sea;false;ocean;0
18938;18;161;255;sea;false;ocean;0
18939;55;115;255;sea;true;ocean;0
18940;2;20;255;sea;false;ocean;0
18941;80;35;255;sea;false;ocean;0
18942;65;8;255;sea;false;ocean;0
18943;61;111;255;sea;true;ocean;0
18944;66;50;255;sea;true;ocean;0
18945;20;8;255;sea;false;ocean;0
18946;83;30;255;sea;false;ocean;0
18947;37;1;255;sea;false;ocean;0
18948;15;94;255;sea;true;ocean;0
18949;33;56;255;sea;false;ocean;0
18950;31;100;255;sea;false;ocean;0
18951;70;32;255;sea;true;ocean;0
18952;52;135;255;sea;false;ocean;0
18953;59;117;255;sea;true;ocean;0
18954;1;133;255;sea;false;ocean;0
18955;0;75;255;sea;false;ocean;0
18956;29;29;255;sea;false;ocean;0
18957;32;12;255;sea;false;ocean;0
18958;82;130;255;sea;false;ocean;0
18959;39;97;255;sea;false;ocean;0
18960;119;67;255;sea;false;ocean;0
18961;124;57;255;sea;true;ocean;0
18962;28;67;255;sea;false;ocean;0
18963;131;19;255;sea;false;ocean;0
18964;62;84;255;sea;false;ocean;0
18965;127;24;255;sea;true;ocean;0
18966;78;85;255;sea;false;ocean;0
18967;140;73;255;sea;true;ocean;0
18968;91;74;255;sea;true;ocean;0
18969;100;52;255;sea;false;ocean;0
18970;74;109;255;sea;true;ocean;0
18971;51;25;255;sea;true;ocean;0
18972;32;27;255;sea;true;ocean;0
18973;27;89;255;sea;true;ocean;0
18974;42;74;255;sea;true;ocean;0
18975;73;70;255;sea;true;ocean;0
18976;65;20;255;sea;false;ocean;0
18977;13;148;255;sea;true;ocean;0
18978;30;81;255;sea;true;ocean;0
18979;62;108;255;sea;true;ocean;0
18980;36;124;255;sea;false;ocean;0
18981;39;77;255;sea;false;ocean;0
18982;33;42;255;sea;false;ocean;0
18983;82;90;255;sea;false;ocean;0
18984;88;85;255;sea;false;ocean;0
18985;42;122;255;sea;false;ocean;0
18986;138;89;255;sea;true;ocean;0
18987;15;44;255;sea;false;ocean;0
18988;1;49;255;sea;false;ocean;0
18989;96;89;255;sea;false;ocean;0
18990;59;77;255;sea;true;ocean;0
18991;65;18;255;sea;true;ocean;0
18992;123;49;255;sea;false;ocean;0
18993;39;121;255;sea;false;ocean;0
18994;54;141;255;sea;false;ocean;0
18995;89;86;255;sea;true;ocean;0
18996;121;28;255;sea;true;ocean;0
18997;20;23;255;sea;false;ocean;0
18998;19;7;255;sea;false;ocean;0
18999;26;84;255;sea;true;ocean;0
19000;54;35;255;sea;true;ocean;0
19001;54;37;255;sea;true;ocean;0
19002;48;42;255;sea;true;ocean;0
19003;18;32;255;sea;true;ocean;0
19004;74;74;255;sea;false;ocean;0
19005;58;92;255;sea;true;ocean;0
19006;124;76;255;sea;false;ocean;0
19007;71;65;255;sea;true;ocean;0
19008;15;72;255;sea;true;ocean;0
19009;87;54;255;sea;false;ocean;0
19010;68;57;255;sea;false;ocean;0
19011;67;142;255;sea;true;ocean;0
19012;2;64;255;sea;true;ocean;0
19013;79;18;255;sea;true;ocean;0
19014;80;20;255;sea;true;ocean;0
19015;161;76;255;sea;false;ocean;0
19016;116;21;255;sea;false;ocean;0
19017;28;10;255;sea;false;ocean;0
19018;48;73;255;sea;false;ocean;0
19019;55;36;255;sea;true;ocean;0
19020;24;98;255;sea;false;ocean;0
19021;37;79;255;sea;false;ocean;0
19022;46;57;255;sea;false;ocean;0
19023;14;110;255;sea;false;ocean;0
19024;39;100;255;sea;true;ocean;0
19025;108;113;255;sea;false;ocean;0
19026;142;90;255;sea;false;ocean;0
19027;108;33;255;sea;false;ocean;0
19028;21;41;255;sea;false;ocean;0
19029;73;86;255;sea;false;ocean;0
19030;67;27;255;sea;false;ocean;0
19031;80;19;255;sea;false;ocean;0
19032;116;40;255;sea;true;ocean;0
19033;0;90;255;sea;true;ocean;0
19034;92;110;255;sea;false;ocean;0
19035;124;50;255;sea;false;ocean;0
19036;101;22;255;sea;true;ocean;0
19037;21;63;255;sea;false;ocean;0
19038;8;23;255;sea;false;ocean;0
19039;18;15;255;sea;true;ocean;0
19040;34;109;255;sea;true;ocean;0
19041;81;102;255;sea;false;ocean;0
19042;71;90;255;sea;false;ocean;0
19043;43;89;255;sea;false;ocean;0
19044;55;137;255;sea;true;ocean;0
19045;13;115;255;sea;true;ocean;0
19046;63;70;255;sea;false;ocean;0
19047;48;6;255;sea;true;ocean;0
19048;29;37;255;sea;true;ocean;0
19049;5;2;255;sea;true;ocean;0
19050;1;111;255;sea;true;ocean;0
19051;26;11;255;sea;false;ocean;0
19052;70;14;255;sea;false;ocean;0
19053;66;74;255;sea;false;ocean;0
19054;105;104;255;sea;false;ocean;0
19055;11;56;255;sea;true;ocean;0
19056;19;38;255;sea;true;ocean;0
19057;104;74;255;sea;false;ocean;0
19058;83;68;255;sea;true;ocean;0
19059;129;18;255;sea;false;ocean;0
19060;12;89;255;sea;true;ocean;0
19061;119;42;255;sea;false;ocean;0
19062;71;36;255;sea;false;ocean;0
19063;56;26;255;sea;false;ocean;0
19064;83;90;255;sea;true;ocean;0
19065;81;150;255;sea;false;ocean;0
19066;78;44;255;sea;true;ocean;0
19067;79;77;255;sea;true;ocean;0
19068;45;45;255;sea;true;ocean;0
19069;79;1;255;sea;false;ocean;0
19070;98;128;255;sea;false;ocean;0
19071;80;79;255;sea;false;ocean;0
19072;58;35;255;sea;true;ocean;0
19073;82;156;255;sea;true;ocean;0
19074;94;82;255;sea;true;ocean;0
19075;116;23;255;sea;false;ocean;0
19076;63;26;255;sea;true;ocean;0
19077;115;120;255;sea;false;ocean;0
19078;115;115;255;sea;false;ocean;0
19079;116;138;255;sea;false;ocean;0
19080;109;89;255;sea;true;ocean;0
19081;69;3;255;sea;true;ocean;0
19082;29;68;255;sea;true;ocean;0
19083;115;6;255;sea;false;ocean;0
19084;40;41;255;sea;false;ocean;0
19085;39;62;255;sea;false;ocean;0
19086;6;23;255;sea;false;ocean;0
19087;6;63;255;sea;false;ocean;0
19088;50;19;255;sea;false;ocean;0
19089;2;17;255;sea;false;ocean;0
19090;19;75;255;sea;true;ocean;0
19091;147;117;255;sea;false;ocean;0
19092;100;29;255;sea;false;ocean;0
19093;113;136;255;sea;false;ocean;0
19094;64;124;255;sea;false;ocean;0
19095;108;48;255;sea;false;ocean;0
19096;65;13;255;sea;true;ocean;0
19097;55;8;255;sea;true;ocean;0
19098;125;25;255;sea;true;ocean;0
19099;66;112;255;sea;true;ocean;0
19100;37;92;255;sea;true;ocean;0
19101;86;21;255;sea;true;ocean;0
19102;62;1;255;sea;true;ocean;0
19103;32;47;255;sea;false;ocean;0
19104;123;104;255;sea;true;ocean;0
19105;17;46;255;sea;false;ocean;0
19106;56;28;255;sea;true;ocean;0
19107;55;97;255;sea;true;ocean;0
19108;20;62;255;sea;false;ocean;0
19109;25;104;255;sea;true;ocean;0
19110;2;100;255;sea;true;ocean;0
19111;19;71;255;sea;false;ocean;0
19112;33;129;255;sea;true;ocean;0
19113;56;4;255;sea;false;ocean;0
19114;80;44;255;sea;false;ocean;0
19115;24;93;255;sea;true;ocean;0
19116;30;64;255;sea;true;ocean;0
19117;26;6;255;sea;false;ocean;0
19118;69;7;255;sea;false;ocean;0
19119;29;11;255;sea;true;ocean;0
19120;36;42;255;sea;true;ocean;0
19121;15;132;255;sea;true;ocean;0
19122;103;68;255;sea;false;ocean;0
19123;59;33;255;sea;true;ocean;0
19124;6;139;255;sea;false;ocean;0
19125;51;35;255;sea;false;ocean;0
19126;136;75;255;sea;true;ocean;0
19127;65;11;255;sea;false;ocean;0
19128;48;148;255;sea;true;ocean;0
19129;12;93;255;sea;true;ocean;0
19130;38;43;255;sea;false;ocean;0
19131;44;142;255;sea;false;ocean;0
19132;4;96;255;sea;false;ocean;0
19133;74;56;255;sea;false;ocean;0
19134;4;24;255;sea;true;ocean;0
19135;45;146;255;sea;false;ocean;0
19136;24;56;255;sea;false;ocean;0
19137;117;30;255;sea;false;ocean;0
19138;80;94;255;sea;true;ocean;0
19139;23;70;255;sea;true;ocean;0
19140;20;67;255;sea;true;ocean;0
19141;87;29;255;sea;false;ocean;0
19142;152;87;255;sea;false;ocean;0
19143;53;71;255;sea;true;ocean;0
19144;36;33;255;sea;false;ocean;0
19145;31;33;255;sea;true;ocean;0
19146;118;99;255;sea;false;ocean;0
19147;113;52;255;sea;true;ocean;0
19148;0;119;255;sea;false;ocean;0
19149;51;71;255;sea;false;ocean;0
19150;81;115;255;sea;false;ocean;0
19151;57;80;255;sea;false;ocean;0
19152;159;46;255;sea;true;ocean;0
19153;3;139;255;sea;false;ocean;0
19154;71;91;255;sea;false;ocean;0
19155;92;20;255;sea;false;ocean;0
19156;121;13;255;sea;false;ocean;0
19157;90;25;255;sea;true;ocean;0
19158;39;123;255;sea;false;ocean;0
19159;56;47;255;sea;true;ocean;0
19160;6;5;255;sea;false;ocean;0
19161;76;147;255;sea;true;ocean;0
19162;60;144;255;sea;false;ocean;0
19163;2;82;255;sea;false;ocean;0
19164;140;70;255;sea;false;ocean;0
19165;78;57;255;sea;false;ocean;0
19166;121;25;255;sea;true;ocean;0
19167;91;35;255;sea;false;ocean;0
19168;148;126;255;sea;false;ocean;0
19169;131;110;255;sea;false;ocean;0
19170;58;38;255;sea;true;ocean;0
19171;65;27;255;sea;true;ocean;0
19172;94;123;255;sea;true;ocean;0
19173;34;90;255;sea;true;ocean;0
19174;50;58;255;sea;true;ocean;0
19175;51;50;255;sea;false;ocean;0
19176;69;39;255;sea;false;ocean;0
19177;13;69;255;sea;true;ocean;0
19178;71;60;255;sea;false;ocean;0
19179;89;142;255;sea;false;ocean;0
19180;32;48;255;sea;false;ocean;0
19181;89;60;255;sea;true;ocean;0
19182;49;73;255;sea;true;ocean;0
19183;136;110;255;sea;true;ocean;0
19184;85;55;255;sea;false;ocean;0
19185;47;46;255;sea;true;ocean;0
19186;75;119;255;sea;true;ocean;0
19187;137;63;255;sea;true;ocean;0
19188;18;34;255;sea;false;ocean;0
19189;22;18;255;sea;false;ocean;0
19190;74;143;255;sea;true;ocean;0
19191;120;124;255;sea;false;ocean;0
19192;56;104;255;sea;true;ocean;0
19193;22;16;255;sea;false;ocean;0
19194;45;123;255;sea;false;ocean;0
19195;11;8;255;sea;false;ocean;0
19196;140;155;255;sea;false;ocean;0
19197;57;117;255;sea;true;ocean;0
19198;107;55;255;sea;true;ocean;0
19199;68;71;255;sea;true;ocean;0
19200;76;50;255;sea;true;ocean;0
19201;66;137;255;sea;true;ocean;0
19202;204;16;128;lake;false;lakes;0
19203;32;82;128;lake;false;lakes;0
19204;99;76;128;lake;false;lakes;0
19205;15;105;128;lake;false;lakes;0
19206;78;112;128;lake;false;lakes;0
19207;32;216;128;lake;false;lakes;0
19208;118;10;128;lake;false;lakes;0
19209;54;60;128;lake;false;lakes;0
19210;146;72;128;lake;false;lakes;0
19211;43;251;128;lake;false;lakes;0
19212;92;88;128;lake;false;lakes;0
19213;168;84;128;lake;false;lakes;0
19214;239;163;128;lake;false;lakes;0
19215;40;30;128;lake;false;lakes;0
19216;16;236;128;lake;false;lakes;0
19217;132;51;128;lake;false;lakes;0
19218;46;129;128;lake;false;lakes;0
19219;154;253;128;lake;false;lakes;0
19220;60;110;128;lake;false;lakes;0
19221;138;32;128;lake;false;lakes;0
19222;198;72;128;lake;false;lakes;0
19223;51;222;128;lake;false;lakes;0
19224;236;133;128;lake;false;lakes;0
19225;95;244;128;lake;false;lakes;0
19226;87;38;128;lake;false;lakes;0
19227;252;212;128;lake;false;lakes;0
19228;188;56;128;lake;false;lakes;0
19229;12;235;128;lake;false;lakes;0
19230;34;35;128;lake;false;lakes;0
19231;127;182;128;lake;false;lakes;0
19232;60;35;128;lake;false;lakes;0
19233;216;184;128;lake;false;lakes;0
19234;63;87;128;lake;false;lakes;0
19235;206;182;128;lake;false;lakes;0
19236;71;53;128;lake;false;lakes;0
19237;200;190;128;lake;false;lakes;0
19238;247;13;128;lake;false;lakes;0
19239;88;119;128;lake;false;lakes;0
19240;39;79;128;lake;false;lakes;0
19241;155;197;128;lake;false;lakes;0
19242;171;14;128;lake;false;lakes;0
19243;18;126;128;lake;false;lakes;0
