1 4 8 4910 4912 6047 
1 3 34 4707 5546 
1 5 34 50 5542 5533 5540 
1 17 34 58 40 32 47 24 44 23 56 36 46 4747 4772 4760 5253 5227 5237 
1 8 76 71 73 77 72 70 4463 5960 
1 12 351 6196 6229 6177 6221 6210 6170 6237 6180 6188 6212 2832 
1 2 358 6507 
1 3 358 356 5727 
1 4 359 6042 6049 6047 
1 3 359 2753 6507 
1 8 359 6042 6049 6043 6046 6041 2461 711 
1 6 388 377 1136 2767 2773 2777 
1 2 388 377 
1 10 388 365 367 387 366 364 3597 3593 5954 5263 
1 2 377 388 
1 3 395 3748 3747 
1 4 395 3746 3749 2148 
1 5 395 3748 1835 1834 4262 
1 3 395 390 6620 
1 5 395 390 6620 2024 2027 
1 8 397 4095 4102 6728 6720 6727 6724 6726 
1 6 397 4095 4102 4097 4101 4093 
1 7 529 1163 1217 1189 1178 4967 4966 
1 12 529 1163 1217 1189 1178 4965 4297 4969 4972 4968 5164 4305 
1 2 626 2315 
1 13 626 2315 2316 2310 2313 2311 2319 2317 2309 6037 2199 2205 4116 
1 6 643 6051 6053 6061 6052 6057 
1 4 643 647 644 648 
1 4 643 647 641 4409 
1 4 648 642 6059 4414 
1 4 648 644 647 643 
1 2 650 4486 
1 3 650 6736 6730 
1 8 711 2461 6041 6046 6043 6049 6042 359 
1 2 711 2461 
1 6 711 706 709 2747 2748 2752 
1 3 713 715 6285 
1 3 713 2540 2539 
1 5 736 734 4847 4851 3101 
1 7 752 738 748 741 875 899 5442 
1 7 950 897 871 938 1580 1579 1582 
1 11 904 2239 2246 2234 2226 5256 5300 3590 3594 3595 5263 
1 2 1137 2777 
1 2 1137 4964 
1 3 1151 1155 5603 
1 3 1157 1160 2019 
1 4 1200 1179 1209 5143 
1 12 1240 1254 1253 6682 6665 4827 4829 4844 4832 4831 4836 4845 
1 5 1240 1228 1237 1244 6694 
1 6 1255 4833 4834 4830 4837 4843 
1 4 1255 1239 1244 6694 
1 3 1576 3895 3893 
1 3 1576 1572 2758 
1 3 1582 6623 6628 
1 2 1582 6517 
1 7 1582 1579 1580 938 871 897 950 
1 2 1585 5314 
1 2 1585 5741 
1 5 1691 1900 1905 6140 6138 
1 3 1691 1693 7330 
1 4 1833 6381 7296 3088 
1 4 1869 1863 1866 4108 
1 4 1880 1882 2744 2752 
1 5 1883 3914 3918 3916 5459 
1 8 1895 2144 2150 2146 2523 2518 7124 5021 
1 3 1895 391 4516 
1 3 1906 4103 1907 
1 4 1906 1902 1905 6140 
1 3 1907 4103 1906 
1 2 1915 5523 
1 5 1951 1862 1867 1864 5187 
1 3 1951 1862 5120 
1 2 1993 1987 
1 4 1993 1987 1988 2433 
1 2 1987 5487 
1 2 1987 1993 
1 3 2011 2303 2301 
1 3 2011 4043 5629 
1 3 2019 1160 1157 
1 3 2019 2022 2415 
1 7 2019 2022 2018 2016 2020 2015 6643 
1 5 2027 2024 6620 390 395 
1 7 2029 7314 7317 7320 7325 7324 2343 
1 2 2029 5744 
1 2 2079 4528 
1 3 2079 4416 4409 
1 3 2095 6382 5556 
1 3 2095 2094 3747 
1 3 2097 1946 2197 
1 3 2097 4823 5189 
1 15 2123 2118 2113 5534 5539 5545 5535 5544 5533 5542 50 34 4710 4705 4711 
1 5 2123 2105 2126 2118 2125 
1 6 2125 5534 5535 5544 5533 5540 
1 5 2125 2118 2126 2105 2123 
1 4 2148 2520 2519 2521 
1 4 2148 3749 3746 395 
1 4 2158 5204 6415 3356 
1 7 2158 2156 2021 2014 2018 2013 2321 
1 3 2197 1946 2097 
1 6 2199 6037 6034 2319 6040 6038 
1 3 2199 2205 4116 
1 4 2232 3216 3205 3222 
1 5 2232 3216 3205 3227 3214 
1 7 2232 3216 3221 2243 2231 2230 2394 
1 4 2255 5254 2257 6517 
1 4 2295 2297 2294 5476 
1 3 2301 2303 2011 
1 3 2305 7354 7357 
1 4 2305 2306 7324 2343 
1 2 2308 5920 
1 8 2315 911 4235 6739 6741 6743 1910 4239 
1 8 2315 911 803 954 849 983 5446 5442 
1 2 2315 626 
1 7 2321 2013 2018 2014 2021 2156 2158 
1 5 2321 2013 2416 2415 3751 
1 2 2328 4464 
1 4 2343 7324 2306 2305 
1 15 2343 7324 2306 2305 7354 7357 5476 5480 5478 5481 5477 2676 2963 2967 2956 
1 7 2343 7324 7325 7320 7317 7314 2029 
1 7 2394 2230 2231 2243 3221 3216 2232 
1 3 2415 2022 2019 
1 5 2415 1158 1161 1162 6264 
1 4 2433 1988 1987 1993 
1 5 2433 1986 4713 4708 4711 
1 7 2433 1988 1992 5489 5484 7360 4876 
1 2 2461 711 
1 3 2505 2023 2925 
1 3 2521 4898 4897 
1 4 2521 714 716 6285 
1 4 2521 2519 2520 2148 
1 6 2521 714 716 712 7125 7119 
1 3 2539 2540 713 
1 3 2539 4522 4528 
1 3 2547 5739 5737 
1 9 2547 3874 3873 3592 3591 3597 3593 5954 5263 
1 4 2613 3926 3923 3928 
1 8 2687 2710 2667 2680 5855 5903 5836 5790 
1 12 2668 2696 2654 2693 2653 2688 2664 2691 2659 2676 2694 4464 
1 2 2720 6253 
1 6 2720 2719 4221 5967 4856 6373 
1 2 2730 4537 
1 5 2730 4539 4538 4556 4553 
1 3 2730 2732 6253 
1 11 2730 4539 4538 4554 4552 4555 6400 6399 6398 6397 3891 
1 6 2752 2748 2747 709 706 711 
1 7 2752 2748 2747 709 2749 2745 2751 
1 3 2752 1813 1814 
1 3 2752 1813 1817 
1 4 2752 2744 1882 1880 
1 6 2751 2288 2284 2288 2745 3878 
1 7 2751 2745 2749 709 2747 2748 2752 
1 3 2758 1572 1576 
1 4 2777 4964 5986 5985 
1 2 2777 1137 
1 6 2777 2773 2767 1136 377 388 
1 7 2777 2776 2772 4879 4871 4874 4770 
1 12 2832 6212 6188 6180 6237 6170 6210 6221 6177 6229 6196 351 
1 13 2832 1195 1208 1180 1192 1172 1199 4967 4973 4970 4968 5164 4305 
1 3 2925 2023 2505 
1 4 2925 2927 2506 6399 
1 16 2946 2932 1227 1249 1234 1250 1233 1229 1238 1236 1231 1232 1253 6682 6665 6694 
1 8 2946 2932 2951 2944 2937 2950 2945 2943 
1 8 2943 2945 2950 2937 2944 2951 2932 2946 
1 15 2956 2967 2963 2676 5477 5481 5478 5480 5476 7357 7354 2305 2306 7324 2343 
1 4 3088 1586 1585 5741 
1 2 3088 7297 
1 2 3088 6382 
1 4 3088 7296 4046 1833 
1 6 3101 5124 6364 5124 5122 6366 
1 5 3101 4851 4847 734 736 
1 3 3101 3104 5612 
1 2 3214 3222 
1 5 3214 3227 3205 3216 2232 
1 2 3222 3214 
1 4 3222 3205 3216 2232 
1 8 3252 3318 3251 3324 3275 3343 3280 3294 
1 8 3294 3280 3343 3275 3324 3251 3318 3252 
1 2 3350 5733 
1 5 3350 5016 7126 7118 4108 
1 2 3356 6415 
1 4 3356 6415 5204 2158 
1 4 3356 3357 3358 4550 
1 3 3417 7112 7115 
1 8 3541 3574 3505 3587 3481 3586 3499 3536 
1 10 3541 3574 3473 3537 3482 3555 3471 4379 4345 7115 
1 8 3536 3499 3586 3481 3587 3505 3574 3541 
1 2 3596 3875 
1 6 3596 3591 3597 3593 5954 5263 
1 3 3747 2094 2095 
1 3 3747 3748 395 
1 3 3751 6262 6264 
1 5 3751 2415 2416 2013 2321 
1 2 3875 3596 
1 11 3891 6397 6398 6399 6400 4555 4552 4554 4538 4539 2730 
1 2 3891 5650 
1 4 3891 5650 5919 5318 
1 3 3891 3890 4219 
1 3 3893 3895 1576 
1 5 3915 3917 3918 3916 5459 
1 2 3915 5727 
1 4 3915 3918 3916 5459 
1 4 3928 3923 3926 2613 
1 6 3928 3925 3929 4889 4487 4795 
1 2 4045 4090 
1 4 4045 7297 3088 6382 
1 2 4090 4544 
1 2 4090 4045 
1 6 4093 4101 4097 4102 4095 397 
1 4 4093 6723 6725 6719 
1 8 4093 6723 6720 6721 4794 4792 4796 4686 
1 4 4108 1866 1863 1869 
1 5 4108 7118 7126 5016 3350 
1 2 4108 5187 
1 13 4116 2205 2199 6037 2309 2317 2319 2311 2313 2310 2316 2315 626 
1 3 4116 2205 2199 
1 8 4116 2205 2199 2204 2202 6033 6039 5718 
1 5 4215 5607 5605 5609 5603 
1 4 4215 4212 4216 5919 
1 4 4221 2719 2721 4857 
1 2 4221 5967 
1 8 4239 1910 6743 6741 6739 4235 911 2315 
1 5 4262 1834 1835 3748 395 
1 3 4280 4551 4550 
1 4 4280 4545 2015 6643 
1 7 4305 5164 4968 4970 4971 1212 4966 
1 13 4305 5164 4968 4970 4973 4967 1199 1172 1192 1180 1208 1195 2832 
1 12 4305 5164 4968 4972 4969 4297 4965 1178 1189 1217 3255 529 
1 3 4320 5732 4537 
1 3 4382 3266 5498 
1 3 4406 7167 5314 
1 4 4409 641 647 643 
1 3 4409 4411 2079 
1 4 4414 6059 642 648 
1 5 4471 4446 4451 4469 6057 
1 12 4464 2694 2676 2659 2691 2664 2688 2653 2693 2654 2696 2668 
1 8 4464 2694 2676 2659 5481 5478 5480 5476 
1 2 4464 2328 
1 2 4486 650 
1 5 4486 6735 4485 4487 4795 
1 4 4516 389 393 6620 
1 3 4516 391 1895 
1 3 4516 4519 6388 
1 2 4528 2079 
1 3 4528 4522 2539 
1 7 4523 5959 5965 5963 5960 5964 5960 
1 5 4523 4529 4531 4525 7167 
1 3 4537 6387 6388 
1 3 4537 5732 4320 
1 2 4537 2730 
1 2 4544 4090 
1 3 4550 7329 7330 
1 4 4550 3358 3357 3356 
1 3 4550 4551 4280 
1 5 4553 4556 4538 4539 2730 
1 5 4686 4796 4792 4793 4795 
1 8 4686 4796 4792 4794 6721 6720 6723 4093 
1 5 4711 4708 4713 1986 2433 
1 15 4711 4705 4710 34 50 5542 5533 5544 5535 5545 5539 5534 2113 2118 2123 
1 7 4770 4874 4871 4879 2772 2776 2777 
1 6 4795 4487 4889 3929 3925 3928 
1 5 4795 4487 4485 6735 4486 
1 5 4795 4793 4792 4796 4686 
1 3 4813 396 5203 
1 2 4813 6064 
1 3 4813 4812 6415 
1 3 4824 4104 4857 
1 6 4843 4837 4830 4834 4833 1255 
1 3 4845 6139 6756 
1 12 4845 4836 4831 4832 4844 4829 4827 6665 6682 1253 1254 1240 
1 3 4857 4104 4824 
1 4 4857 2721 2720 6253 
1 4 4857 2721 2719 4221 
1 4 4867 5612 2191 6761 
1 4 4867 4863 1570 4911 
1 5 4876 7360 7364 7359 7363 
1 7 4876 7360 5484 5489 1992 1988 2433 
1 4 4894 5773 5762 6734 
1 3 4897 4898 2521 
1 4 4911 1570 4863 4867 
1 3 4911 4918 6047 
1 2 4964 1137 
1 7 4966 1212 4971 4970 4968 5164 4305 
1 7 4966 4967 1178 1189 1217 3255 529 
1 2 5021 7124 
1 8 5021 2149 2518 2523 2146 2150 2144 1895 
1 3 5120 5123 6366 
1 3 5120 1862 1951 
1 3 5152 5176 5143 
1 4 5143 1209 1179 1200 
1 3 5143 5176 5152 
1 2 5187 4108 
1 5 5187 1864 1867 1862 1951 
1 3 5189 4823 2097 
1 2 5189 5748 
1 3 5203 396 4813 
1 17 5237 5227 5253 4760 4772 4747 46 36 56 23 44 24 47 32 40 58 34 
1 10 5263 5954 3593 3597 364 366 387 367 365 388 
1 8 5263 5954 5943 5952 5958 5957 5951 5956 
1 6 5263 5954 3593 3597 3591 3596 
1 9 5263 5954 3593 3597 3591 3592 3873 3874 2547 
1 11 5263 3595 3594 3590 5300 5256 2226 2234 2246 2239 904 
1 2 5314 7167 
1 3 5314 7167 4406 
1 2 5314 1585 
1 2 5318 5919 
1 4 5318 5919 5650 3891 
1 7 5442 899 875 741 748 738 752 
1 8 5442 5446 983 849 954 803 911 2315 
1 18 5442 753 747 750 737 252 315 264 259 312 256 334 274 284 324 302 7572 7504 
1 4 5459 3916 3918 3915 
1 5 5459 3916 3918 3917 3915 
1 5 5459 3916 3918 3914 1883 
1 4 5476 2294 2297 2295 
1 8 5476 5480 5478 5481 2659 2676 2694 4464 
1 2 5487 1987 
1 2 5488 7363 
1 3 5498 6751 6749 
1 3 5498 3266 4382 
1 3 5523 6473 6744 
1 2 5523 1915 
1 5 5540 5533 5542 50 34 
1 6 5540 5533 5544 5535 5534 2125 
1 3 5546 4707 34 
1 2 5556 6382 
1 3 5556 6382 2095 
1 3 5603 1155 1151 
1 5 5603 5609 5605 5607 4215 
1 4 5603 1147 1146 4249 
1 3 5612 3104 3101 
1 3 5612 2191 6761 
1 3 5629 4043 2011 
1 4 5629 2011 2012 6264 
1 4 5650 2508 2506 6399 
1 2 5650 3891 
1 8 5654 5699 5656 5721 5682 5720 5669 5718 
1 8 5718 6039 6033 2202 2204 2199 2205 4116 
1 8 5718 5669 5720 5682 5721 5656 5699 5654 
1 3 5727 356 358 
1 2 5727 3915 
1 2 5733 3350 
1 3 5737 5739 2547 
1 2 5741 1585 
1 4 5741 1585 1586 3088 
1 2 5744 2029 
1 2 5748 5189 
1 3 5748 5750 6373 
1 6 5763 5765 5774 5767 5762 6734 
1 2 5770 7323 
1 15 5790 5883 5850 5807 5897 5846 5802 5803 5881 5804 5901 5817 5828 5916 5856 
1 8 5790 5836 5903 5855 2680 2667 2710 2687 
1 15 5856 5916 5828 5817 5901 5804 5881 5803 5802 5846 5897 5807 5850 5883 5790 
1 4 5919 4216 4212 4215 
1 2 5919 5318 
1 2 5920 2308 
1 3 5920 1584 6382 
1 8 5956 5951 5957 5958 5952 5943 5954 5263 
1 8 5960 4463 70 72 77 73 71 76 
1 5 5960 4463 70 74 5974 
1 7 5960 5964 5960 5963 5965 5959 4523 
1 2 5967 4221 
1 3 5967 4856 6373 
1 5 5974 74 70 4463 5960 
1 2 5985 7363 
1 2 5985 7363 
1 2 5985 7363 
1 4 5985 5986 4964 2777 
1 6 6038 6040 2319 6034 6037 2199 
1 19 6038 2318 6040 2319 6034 6037 2199 2205 2208 4117 4114 4113 4111 4109 5689 5653 5694 7535 7407 
1 3 6047 4918 4911 
1 4 6047 6049 6042 359 
1 4 6047 4912 4910 8 
1 6 6057 6052 6061 6053 6051 643 
1 5 6057 4469 4451 4446 4471 
1 2 6064 4813 
1 2 6138 6140 
1 5 6138 6140 1905 6140 1691 
1 4 6140 1905 1902 1906 
1 2 6140 6138 
1 3 6168 6202 6190 
1 3 6190 6202 6168 
1 3 6253 2732 2730 
1 2 6253 2720 
1 4 6253 2720 2721 4857 
1 4 6264 2012 2011 5629 
1 5 6264 1162 1161 1158 2415 
1 3 6264 6262 3751 
1 4 6285 716 714 2521 
1 3 6285 715 713 
1 2 6295 6297 
1 2 6297 6295 
1 5 6297 2754 2756 6296 6507 
1 6 6366 5122 5124 6364 5124 3101 
1 3 6366 5123 5120 
1 6 6373 4856 5967 4221 2719 2720 
1 3 6373 4856 5967 
1 3 6373 5750 5748 
1 2 6382 3088 
1 4 6382 3088 7297 4045 
1 3 6382 1584 5920 
1 2 6382 5556 
1 3 6388 4519 4516 
1 3 6388 6387 4537 
1 4 6399 2506 2927 2925 
1 4 6399 2506 2508 5650 
1 3 6415 4812 4813 
1 2 6415 3356 
1 2 6473 6744 
1 2 6507 358 
1 5 6507 6296 2756 2754 6297 
1 3 6507 2753 359 
1 4 6517 2257 5254 2255 
1 2 6517 1582 
1 3 6620 390 395 
1 4 6620 393 389 4516 
1 3 6628 6623 1582 
1 7 6643 2015 2020 2016 2018 2022 2019 
1 4 6643 2015 4545 4280 
1 4 6694 1244 1239 1255 
1 5 6694 1244 1237 1228 1240 
1 16 6694 6665 6682 1253 1232 1231 1236 1238 1229 1233 1250 1234 1249 1227 2932 2946 
1 2 6719 6726 
1 4 6719 6725 6723 4093 
1 2 6726 6719 
1 8 6726 6724 6727 6720 6728 4102 4095 397 
1 4 6730 5777 5771 6734 
1 3 6730 6736 650 
1 6 6734 5762 5767 5774 5765 5763 
1 4 6734 5762 5773 4894 
1 4 6734 5771 5777 6730 
1 2 6744 6473 
1 3 6744 6473 5523 
1 3 6749 6751 5498 
1 3 6756 6139 4845 
1 7 6756 6141 6138 6140 6142 1693 7330 
1 3 6761 2191 5612 
1 5 6761 2193 2195 2196 7195 
1 4 6761 2191 5612 4867 
1 2 7029 7088 
1 2 7088 7029 
1 10 7115 4345 4379 3471 3555 3482 3537 3473 3574 3541 
1 3 7115 7112 3417 
1 6 7119 7125 712 716 714 2521 
1 2 7124 5021 
1 5 7167 4525 4531 4529 4523 
1 2 7167 5314 
1 5 7195 2196 2195 2193 6761 
1 2 7297 3088 
1 2 7323 5770 
1 3 7330 1693 1691 
1 7 7330 6757 6142 6140 6138 6141 6756 
1 3 7330 7329 4550 
1 3 7357 7354 2305 
1 2 7363 5985 
1 2 7363 5985 
1 5 7363 7359 7364 7360 4876 
1 2 7363 5985 
1 2 7363 5488 
1 19 7407 7535 5694 5653 5689 4109 4111 4113 4114 4117 2208 2205 2199 6037 6034 2319 6040 2318 6038 
1 18 7504 7572 302 324 284 274 334 256 312 259 264 315 252 737 750 747 753 5442 
1 12 18473 18458 18497 18461 18863 18854 18862 18855 18859 18538 18545 18539 
1 9 18466 18836 18829 18833 18848 18851 18849 18841 18840 
1 3 18531 18522 18528 
1 4 18531 18526 18527 18602 
1 3 18528 18522 18531 
1 5 18539 18536 18545 18538 18859 
1 12 18539 18545 18538 18859 18855 18862 18854 18863 18461 18497 18458 18473 
1 2 18554 18713 
1 4 18554 18713 18724 18840 
1 3 18553 18742 18752 
1 4 18553 18717 18721 18720 
1 6 18553 18717 18726 18719 18725 18713 
1 5 18573 18771 18761 18768 18764 
1 5 18573 18585 18562 18571 18602 
1 5 18606 18609 18607 18605 18602 
1 8 18606 18609 18603 18597 18600 18604 18599 18674 
1 4 18602 18527 18526 18531 
1 5 18602 18571 18562 18585 18573 
1 5 18602 18605 18607 18609 18606 
1 13 18602 18608 18598 18601 18583 18561 18612 18599 18674 18672 18670 18861 18857 
1 3 18644 18894 18707 
1 2 18644 18894 
1 6 18644 18708 18660 18647 18664 18654 
1 3 18644 18645 18684 
1 7 18659 18651 18662 18649 18663 18664 18654 
1 6 18654 18664 18647 18660 18708 18644 
1 7 18654 18664 18663 18649 18662 18651 18659 
1 3 18671 18668 18674 
1 7 18671 18668 18672 18670 18861 18667 18857 
1 8 18674 18599 18604 18600 18597 18603 18609 18606 
1 3 18674 18668 18671 
1 6 18694 18682 18691 18680 18688 18684 
1 2 18684 18706 
1 3 18684 18645 18644 
1 6 18684 18688 18680 18691 18682 18694 
1 4 18702 18705 18734 18733 
1 3 18706 18880 18885 
1 2 18706 18684 
1 2 18707 18772 
1 3 18707 18894 18644 
1 21 18707 18772 18880 18885 18883 18846 18847 18840 18713 18554 18551 18557 18547 18557 18560 18559 18551 18554 18713 18724 18840 
1 2 18707 18772 
1 2 18707 18772 
1 2 18712 18892 
1 3 18712 18892 18893 
1 6 18713 18725 18719 18726 18717 18553 
1 5 18713 18724 18718 18637 18845 
1 2 18713 18554 
1 3 18720 18737 18733 
1 4 18720 18721 18717 18553 
1 3 18733 18737 18720 
1 4 18733 18734 18705 18702 
1 4 18752 18756 18743 18749 
1 3 18752 18742 18553 
1 4 18749 18788 18822 18800 
1 4 18749 18743 18756 18752 
1 5 18764 18768 18761 18771 18573 
1 2 18772 18707 
1 2 18772 18707 
1 2 18772 18707 
1 29 18803 18811 18778 18816 18776 18795 18780 18814 18802 18750 18753 18556 18549 18560 18559 18725 18713 18840 18847 18846 18883 18885 18880 18772 18707 18709 18712 18892 18893 
1 4 18800 18822 18788 18749 
1 5 18828 18835 18641 18637 18845 
1 4 18840 18724 18713 18554 
1 21 18840 18724 18713 18554 18551 18559 18560 18557 18547 18557 18551 18554 18713 18840 18847 18846 18883 18885 18880 18772 18707 
1 9 18840 18841 18849 18851 18848 18833 18829 18836 18466 
1 5 18845 18637 18641 18835 18828 
1 5 18845 18637 18718 18724 18713 
1 13 18857 18861 18670 18672 18674 18599 18612 18561 18583 18601 18598 18608 18602 
1 6 18857 18667 18861 18670 18533 18859 
1 7 18857 18667 18861 18670 18672 18668 18671 
1 5 18859 18538 18545 18536 18539 
1 6 18859 18533 18670 18861 18667 18857 
1 2 18872 18874 
1 2 18874 18872 
1 3 18885 18880 18706 
1 29 18893 18892 18712 18709 18707 18772 18880 18885 18883 18846 18847 18840 18713 18725 18559 18560 18549 18556 18753 18750 18802 18814 18780 18795 18776 18816 18778 18811 18803 
1 3 18893 18892 18712 
1 2 18892 18712 
1 2 18894 18644 
1 4 7774 11091 11881 11091 
1 2 7774 12698 
1 3 7774 11091 11548 
1 5 7774 7772 12697 10570 10566 
1 3 7808 11912 11910 
1 4 7808 11911 11914 12269 
1 10 8198 8199 8196 8203 8482 8485 12248 12249 8241 8236 
1 5 8198 8482 8485 12248 12249 
1 4 8236 8240 11916 11919 
1 3 8236 8241 12249 
1 10 8236 8241 12249 12248 8485 8482 8203 8196 8199 8198 
1 13 8236 8242 8239 9943 9944 9951 11162 11164 11161 9865 9863 9864 13078 
1 3 8319 13027 10426 
1 4 8332 8322 12604 12612 
1 10 8332 10559 10563 7805 7813 7807 11909 11915 12269 12271 
1 3 8332 8327 10556 
1 4 8483 12256 12258 10831 
1 3 8483 12248 12249 
1 2 8535 9865 
1 2 8535 13078 
1 2 8544 8548 
1 4 8544 8548 8549 11587 
1 2 8548 8544 
1 6 8569 10460 10467 10455 10463 10465 
1 5 8569 10460 10467 10459 11140 
1 3 8569 8571 11135 
1 7 8741 12538 12555 12577 12549 12542 12568 
1 2 8983 11896 
1 3 8983 11891 11882 
1 13 9054 9044 9101 9063 9084 9058 9083 9055 9071 9046 9073 9099 9053 
1 13 9053 9099 9073 9046 9071 9055 9083 9058 9084 9063 9101 9044 9054 
1 8 9053 9109 9072 9651 9611 9667 9623 9664 
1 5 9053 9093 9052 11841 11843 
1 3 9053 9052 11634 
1 7 9136 12815 12819 12817 10497 9860 9861 
1 3 9136 12245 12243 
1 3 9503 8984 11923 
1 4 9503 8979 11881 11091 
1 2 9534 11320 
1 3 9534 13067 8252 
1 8 9664 9623 9667 9611 9651 9072 9109 9053 
1 3 9664 9620 12344 
1 4 9861 12396 12397 12399 
1 2 9861 11190 
1 7 9861 9860 10497 12817 12819 12815 9136 
1 4 9865 11161 11160 11159 
1 2 9865 8535 
1 5 9945 9950 9953 9938 9947 
1 5 9947 9938 9953 9950 9945 
1 3 9947 9948 11159 
1 8 10330 12685 12681 13022 12243 13020 12818 12816 
1 3 10426 13027 8319 
1 4 10426 13024 13028 13026 
1 6 10465 10463 10455 10467 10460 8569 
1 3 10497 9860 11190 
1 3 10497 8317 12816 
1 3 10556 8327 8332 
1 3 10556 10558 10906 
1 5 10566 10570 12697 7772 7774 
1 2 10672 11135 
1 5 10672 10662 10675 12489 12490 
1 10 10672 10662 10666 10676 12682 12675 12691 12678 12687 12123 
1 2 10691 10686 
1 5 10691 10686 11920 11918 11919 
1 2 10686 10691 
1 4 10830 10835 10833 10831 
1 4 10830 10835 10833 12273 
1 4 10831 10833 10835 10830 
1 8 10831 10833 12273 12863 12867 12865 7770 7766 
1 3 10831 10832 12262 
1 3 10831 10833 12273 
1 4 10831 10833 12273 12863 
1 4 10831 12258 12256 8483 
1 13 10862 10932 10890 10971 10551 7806 7810 7807 11915 11914 11913 11912 11910 
1 3 10906 10558 10556 
1 10 10906 10933 8321 8330 11401 11409 11399 11897 11091 11548 
1 2 11072 11071 
1 2 11071 11072 
1 3 11071 10832 12262 
1 3 11091 11881 11882 
1 4 11091 11881 8979 9503 
1 4 11091 11881 9503 7774 
1 5 11091 11892 11894 11405 11408 
1 5 11110 7771 7773 11551 11548 
1 2 11110 12159 
1 5 11140 10459 10467 10460 8569 
1 3 11135 8571 8569 
1 2 11135 10672 
1 3 11159 9948 9947 
1 4 11159 11160 11161 9865 
1 7 11190 9861 12394 12400 11530 11526 11532 
1 2 11190 9861 
1 3 11190 9860 10497 
1 2 11320 9534 
1 5 11408 11405 11894 11892 11091 
1 6 11532 11586 11583 8543 8549 11587 
1 6 11532 11586 11583 11587 11581 11588 
1 7 11532 11526 11530 12400 12394 9861 11190 
1 3 11548 11091 7774 
1 10 11548 11091 11897 11399 11409 11401 8330 8321 10933 10906 
1 5 11548 11551 7773 11550 11110 
1 6 11588 11581 11587 11583 8547 11532 
1 4 11587 8549 8548 8544 
1 6 11587 8549 8543 11583 8547 11532 
1 8 11725 12679 12677 12691 12675 12682 10676 12490 
1 3 11882 11891 8983 
1 3 11882 11881 11091 
1 6 11882 11881 11091 11551 11550 12159 
1 3 11896 11592 12605 
1 2 11896 8983 
1 3 11910 11912 7808 
1 13 11910 11912 11913 11914 11915 7807 7810 7806 10551 10971 10890 10932 10862 
1 2 11917 11919 
1 2 11919 11917 
1 5 11919 11918 11920 10686 10691 
1 4 11919 11916 8240 8236 
1 3 11923 8984 9503 
1 10 12123 12687 12678 12691 12675 12682 10676 10666 10662 10672 
1 6 12159 11550 11551 11091 11881 11882 
1 2 12159 11110 
1 3 12243 13020 13026 
1 3 12243 12245 9136 
1 3 12249 8241 8236 
1 3 12249 12248 8483 
1 5 12249 12248 8485 8482 8198 
1 3 12262 12257 11071 
1 3 12262 10832 10831 
1 2 12271 12269 
1 10 12271 12269 11915 11909 7807 7813 7805 10563 10559 8332 
1 4 12269 11914 11911 7808 
1 2 12269 12271 
1 11 12344 12358 12333 12342 12331 12356 12332 12350 12340 12598 12594 
1 3 12344 9620 9664 
1 4 12344 9620 9579 11673 
1 4 12399 12397 12396 9861 
1 5 12490 12489 10675 10662 10672 
1 5 12490 12488 12492 12491 12686 
1 8 12490 10676 12682 12675 12691 12677 12679 11725 
1 7 12568 12542 12549 12577 12555 12538 8741 
1 11 12594 12598 12340 12350 12332 12356 12331 12342 12333 12358 12344 
1 4 12612 12604 8322 8332 
1 3 12605 11592 11896 
1 5 12686 12491 12492 12488 12490 
1 4 12686 13025 13030 13026 
1 2 12698 7774 
1 3 12816 8317 10497 
1 3 12816 13023 13026 
1 8 12816 12818 13020 12243 13022 12681 12685 10330 
1 4 13026 13028 13024 10426 
1 4 13026 13030 13025 12686 
1 3 13026 13023 12816 
1 3 13026 13020 12243 
1 13 13078 9864 9863 9865 11161 11164 11162 9951 9944 9943 8239 8242 8236 
1 2 13078 8535 
1 4 7739 7733 10502 10533 
1 5 7743 10576 12734 12736 9116 
1 4 7743 10576 10578 10815 
1 5 7743 9115 9112 8357 12742 
1 4 7762 10700 10702 10701 
1 4 7762 7760 9157 9156 
1 5 7761 12857 12861 12860 10701 
1 7 7783 12484 12486 12480 11424 11433 13056 
1 2 7783 12484 
1 2 7801 9489 
1 4 7801 7799 7797 10818 
1 3 7814 12764 12762 
1 3 7815 11544 11541 
1 3 7815 7819 12821 
1 2 7822 11374 
1 7 7853 9218 9194 9210 9193 9216 9197 
1 8 7853 7839 7848 7857 7841 7849 7843 11781 
1 2 7868 9015 
1 3 7901 7887 7897 
1 6 7901 7887 7900 8036 8044 9164 
1 3 7897 7887 7901 
1 2 7910 8657 
1 4 7910 7913 7912 7908 
1 4 7908 7912 7913 7910 
1 6 7908 7912 8660 8657 8661 12407 
1 3 7908 7911 11772 
1 4 7908 7911 11772 11908 
1 6 7929 7923 7921 7926 7916 8978 
1 5 7943 12649 11996 12007 12002 
1 6 7943 12646 12652 12650 10803 10809 
1 9 7943 12646 7935 7938 12459 12473 12460 12471 12446 
1 4 7977 7958 7979 11223 
1 11 7977 7962 7957 7976 7947 7970 7959 7968 7944 7974 11750 
1 3 7969 7960 11223 
1 9 8004 10848 10850 13007 12666 13005 13008 8375 9121 
1 4 8004 10846 10851 10845 
1 4 8045 8056 8027 10825 
1 3 8041 11067 11070 
1 4 8068 8075 10160 10163 
1 6 8068 8075 10160 10162 10164 11653 
1 4 8068 8072 8069 9969 
1 7 8088 10817 10821 10819 11577 11579 11578 
1 4 8119 9814 11348 9818 
1 6 8119 9814 9815 9819 9820 11080 
1 7 8134 11365 11367 11368 11369 11377 9850 
1 4 8134 11365 11380 12326 
1 4 8139 8143 11128 11125 
1 5 8139 8137 12039 10730 12878 
1 5 8139 8144 10616 10613 10617 
1 9 8150 10006 9993 9994 9992 10005 9997 11972 10003 
1 3 8150 11037 12166 
1 3 8163 10488 12365 
1 9 8231 8225 8228 8219 8233 8223 8229 10739 10352 
1 6 8279 11974 11946 11976 11980 10003 
1 2 8343 12822 
1 3 8345 11455 11454 
1 4 8345 8342 9933 9932 
1 5 8345 8339 8347 8341 12821 
1 6 8345 8342 8344 8338 12959 12967 
1 4 8356 8355 12780 12671 
1 2 8359 11225 
1 3 8361 10130 12942 
1 5 8369 12812 10171 9485 9486 
1 3 8369 12812 11888 
1 2 8369 9153 
1 3 8374 11848 11845 
1 3 8380 8382 12665 
1 5 8412 8410 8413 8407 10577 
1 4 8412 12618 12616 12615 
1 3 8419 9985 9983 
1 5 8419 9985 9983 12148 11383 
1 3 8419 8417 8497 
1 5 8419 9985 9987 9984 13018 
1 3 8431 13001 12999 
1 4 8431 12996 13000 10183 
1 2 8445 10181 
1 2 8449 11147 
1 5 8449 11649 8450 8452 9810 
1 5 8469 8464 8472 8465 12853 
1 5 8493 11600 11593 11596 11594 
1 7 8493 11539 12406 12404 12405 12407 10812 
1 9 8493 11597 12633 12643 12640 12644 12635 12639 12305 
1 3 8497 8417 8419 
1 4 8497 8420 8418 11155 
1 6 8497 8417 9986 8417 8499 10853 
1 4 8497 8500 8498 12430 
1 4 8555 8561 8560 10617 
1 4 8555 8556 12368 11225 
1 2 8563 10166 
1 2 8563 12813 
1 7 8583 9963 9968 9962 9967 9971 10428 
1 2 8593 10703 
1 5 8591 11739 11742 11741 12859 
1 3 8591 8594 10701 
1 8 8619 8604 9007 8601 8637 8610 9009 9197 
1 3 8643 8640 10577 
1 5 8643 8641 8644 8646 9838 
1 2 8657 7910 
1 3 8652 11536 11538 
1 4 8667 8668 11736 8670 
1 3 8667 8669 12364 
1 4 8670 11737 10363 12763 
1 4 8670 11736 8668 8667 
1 5 8820 8805 8760 8816 11519 
1 15 8952 8946 10442 10453 10433 10437 9181 9173 9179 9168 9177 7894 8044 8021 9164 
1 4 8970 12744 7737 12742 
1 8 8970 12744 12741 12743 8355 12780 12671 11690 
1 2 8970 10524 
1 9 8970 10524 10538 10511 10525 10537 10523 10515 10769 
1 6 8978 7916 7926 7921 7923 7929 
1 2 8978 11594 
1 2 8987 12712 
1 3 8987 8986 12037 
1 3 8990 8992 11205 
1 2 8990 9694 
1 5 8997 12795 12797 12794 12800 
1 3 8997 12422 10439 
1 2 9002 12808 
1 5 9002 12808 12809 9692 9694 
1 3 9002 9001 13099 
1 2 9001 13099 
1 2 9015 7868 
1 3 9038 9040 11087 
1 2 9040 11087 
1 2 9116 11696 
1 5 9116 12736 12734 10576 7743 
1 5 9121 8375 8377 8383 13005 
1 5 9121 9119 9120 13009 11002 
1 9 9121 8375 13008 13005 12666 13007 10850 10848 8004 
1 2 9132 11134 
1 4 9138 10998 9264 11648 
1 7 9138 11000 12887 12893 10738 10737 11421 
1 5 9138 9137 11647 8452 9811 
1 2 9153 8369 
1 3 9153 9149 12198 
1 2 9156 9158 
1 4 9156 9157 7760 7762 
1 3 9156 12731 12728 
1 3 9158 12729 12732 
1 2 9158 9156 
1 5 9158 9156 12731 12728 12364 
1 6 9164 8044 8036 7900 7887 7901 
1 7 9164 9180 9168 9179 9170 9178 10439 
1 15 9164 8021 8044 7894 9177 9168 9179 9173 9181 10437 10433 10453 10442 8946 8952 
1 8 9197 9009 8610 8637 8601 9007 8604 8619 
1 7 9197 9216 9193 9210 9194 9202 7853 
1 2 9264 10999 
1 4 9264 10999 9264 11648 
1 4 9286 12785 11010 12784 
1 5 9286 12785 11650 11651 10129 
1 3 9286 9288 10494 
1 10 9405 10434 10448 10433 10437 10451 10430 9169 10446 10439 
1 2 9486 9485 
1 5 9486 9485 10171 12812 8369 
1 2 9485 9486 
1 4 9489 11558 11048 11049 
1 2 9489 7801 
1 7 9502 9491 9488 9490 9131 11554 11557 
1 5 9502 7798 7799 7797 10818 
1 6 9505 12831 12836 12832 12834 12835 
1 4 9505 10471 9264 11648 
1 2 9694 8990 
1 3 9694 9692 12809 
1 5 9694 9692 12809 12808 9002 
1 4 9704 9703 10811 10813 
1 6 9704 10178 10180 10176 10173 10181 
1 4 9712 9709 10547 10548 
1 3 9712 9715 12579 
1 5 9811 8452 11647 9137 9138 
1 2 9811 9810 
1 5 9810 8452 11647 11649 8449 
1 6 9810 8452 11423 11422 11421 12429 
1 2 9810 9811 
1 4 9818 11348 9814 8119 
1 8 9842 9838 8646 8639 8645 8642 8640 10577 
1 2 9842 9838 
1 5 9838 8646 8644 8641 8643 
1 2 9838 9842 
1 6 9850 10203 10190 10194 10201 10192 
1 7 9850 11377 11369 11368 11367 11365 8134 
1 11 9906 9891 9886 9912 11615 11613 11622 11610 11619 7998 9890 
1 13 9890 7998 11619 11610 8020 8010 8005 8000 10849 10844 10846 10851 10845 
1 11 9890 7998 11619 11610 11622 11613 11615 9912 9886 9891 9906 
1 5 9923 11129 12047 11132 11134 
1 4 9923 11127 11130 10548 
1 4 9930 11569 11568 11570 
1 3 9930 10007 10350 
1 2 9932 11785 
1 4 9932 9933 8342 8345 
1 9 9960 9979 9975 9974 9978 11187 11176 8463 12853 
1 3 9960 9976 9980 
1 4 9960 9957 9959 10743 
1 4 9969 8069 8072 8068 
1 4 9969 11698 11695 11694 
1 3 9980 9976 9960 
1 6 10003 11980 11976 11946 11974 8279 
1 9 10003 11972 9997 10005 9992 9994 9993 11038 8150 
1 8 10012 12791 12802 12795 8997 12422 12423 10439 
1 4 10012 12791 8995 11570 
1 9 10012 12020 12017 10010 10011 11569 9930 9926 11338 
1 5 10129 11651 11650 12785 9286 
1 3 10131 12942 11833 
1 2 10131 12942 
1 4 10136 10369 10371 11827 
1 5 10136 11829 11832 11826 10743 
1 5 10136 10133 10742 10744 10352 
1 12 10144 8491 8489 11537 11536 8652 8663 8652 8665 12405 12407 10812 
1 5 10144 8491 11537 11536 11538 
1 4 10163 10160 8075 8068 
1 3 10170 10169 12813 
1 2 10166 8563 
1 6 10181 10173 10176 10180 10178 9704 
1 2 10181 8445 
1 4 10183 13000 12996 8431 
1 4 10183 10187 10184 11541 
1 6 10192 10201 10194 10190 10203 9850 
1 4 10232 10233 12780 11690 
1 14 10232 8582 8587 8580 8577 12663 10845 10851 10846 10844 10849 8000 8005 11611 
1 2 10236 11012 
1 3 10260 10826 10825 
1 8 10260 10264 10313 10311 11070 11062 10314 10307 
1 7 10278 10289 10293 10276 10291 10269 11958 
1 4 10307 10314 11062 11070 
1 8 10307 10314 11062 11070 10311 10313 10264 10260 
1 14 10307 10314 10304 10313 10264 10260 10826 10824 11219 11222 11216 12761 12751 11432 
1 2 10350 12388 
1 3 10350 10007 9930 
1 5 10350 10348 9928 9926 11338 
1 9 10352 10739 8229 8223 8233 8219 8228 8225 8231 
1 5 10352 10744 10742 10133 10136 
1 4 10352 10359 10355 12228 
1 2 10364 11738 
1 2 10373 12255 
1 3 10366 13095 13092 
1 3 10366 13090 11827 
1 2 10428 11694 
1 7 10428 9971 9967 9962 9968 9963 8583 
1 3 10428 10427 12782 
1 2 10439 12423 
1 7 10439 9178 9170 9179 9168 9180 9164 
1 8 10439 12423 12422 8997 12795 12802 12791 10012 
1 3 10439 12422 8997 
1 10 10439 10446 9169 10430 10451 10437 10433 10448 10434 9405 
1 7 10477 12375 12378 12387 12374 12377 12383 
1 4 10477 12375 12371 12835 
1 4 10488 12989 12987 12992 
1 2 10488 12365 
1 3 10494 9288 9286 
1 2 10494 11454 
1 4 10533 10502 7733 7739 
1 2 10524 8970 
1 5 10524 10514 10531 8968 11845 
1 13 10524 10538 10542 10516 10539 10503 10540 10506 10545 10794 10781 10787 10762 
1 4 10548 11130 11127 9923 
1 4 10548 10547 9709 9712 
1 5 10577 8407 8413 8410 8412 
1 4 10577 12735 8416 12740 
1 3 10577 8640 8643 
1 8 10577 8640 8642 8645 8639 8646 9838 9842 
1 4 10607 11966 11978 11958 
1 5 10617 10613 10616 8144 8139 
1 4 10617 8560 8561 8555 
1 2 10654 12992 
1 2 10684 13065 
1 2 10684 11098 
1 2 10698 12788 
1 4 10698 10696 12651 12647 
1 2 10703 8593 
1 3 10701 8594 8591 
1 5 10701 12860 12861 12857 7761 
1 4 10701 10702 10700 7762 
1 2 10723 12370 
1 2 10738 12430 
1 5 10738 12432 12428 12433 11421 
1 4 10743 9959 9957 9960 
1 5 10743 11826 11832 11829 10136 
1 3 10746 8986 12037 
1 4 10746 12038 12036 12944 
1 13 10762 10787 10781 10794 10545 10506 10540 10503 10539 10516 10542 10538 10524 
1 9 10769 10530 10523 10537 10525 10511 10538 10524 8970 
1 4 10809 11691 11059 11056 
1 3 10809 10803 12647 
1 6 10809 10803 12650 12652 12646 7943 
1 7 10809 10806 10804 10807 10802 11023 12465 
1 4 10813 10811 9703 9704 
1 2 10813 10812 
1 10 10813 10811 11594 11595 11596 8977 11598 11601 11599 12640 
1 2 10812 10813 
1 2 10812 12407 
1 7 10812 12407 12405 12404 12406 11539 8493 
1 12 10812 12407 12405 8665 8652 8663 8652 11536 11537 8489 8491 10144 
1 4 10815 10578 10576 7743 
1 4 10818 7797 7799 7801 
1 5 10818 7797 7799 7798 9502 
1 4 10825 8027 8056 8045 
1 3 10825 10826 10260 
1 4 10845 10851 10846 8004 
1 13 10845 10851 10846 10844 10849 8000 8005 8010 8020 11610 11619 7998 9890 
1 3 10999 10478 12888 
1 2 10999 9264 
1 5 11002 9118 9120 9119 9121 
1 3 11002 9118 12002 
1 2 11012 10236 
1 3 11012 11011 11651 
1 5 11025 8362 11060 12942 12508 
1 4 11025 8362 11060 12942 
1 4 11041 11036 11037 12166 
1 2 11044 12615 
1 4 11049 11048 11558 9489 
1 2 11051 11553 
1 3 11056 11059 11691 
1 4 11056 11059 11691 10809 
1 6 11056 11057 11055 10807 11023 12465 
1 3 11070 11067 8041 
1 4 11070 11062 10314 10307 
1 14 11080 9820 9819 9815 9814 8119 11364 11335 11574 11566 11573 11564 11571 11338 
1 6 11080 9820 9819 9815 9814 8119 
1 2 11083 12705 
1 3 11087 9040 9038 
1 2 11087 9040 
1 4 11098 13065 11578 11419 
1 2 11098 10684 
1 2 11115 11873 
1 2 11115 12788 
1 4 11122 10660 10656 13043 
1 3 11122 11121 12732 
1 4 11125 11128 8143 8139 
1 2 11134 12424 
1 2 11134 9132 
1 3 11134 12424 12049 
1 5 11134 11132 12047 11129 9923 
1 3 11147 11740 11743 
1 2 11147 8449 
1 4 11155 11390 12088 12086 
1 5 11155 11390 12088 11386 11392 
1 4 11155 8418 8420 8497 
1 3 11175 8992 11205 
1 3 11205 8992 11175 
1 3 11205 8992 8990 
1 3 11223 7960 7969 
1 4 11223 7979 7958 7977 
1 4 11225 12368 8556 8555 
1 2 11225 12370 
1 2 11225 8359 
1 15 11280 9359 9467 9381 9437 9332 9306 8120 8116 8118 11351 11327 11359 11337 11338 
1 9 11338 9926 9930 11569 10011 10010 12017 12020 10012 
1 5 11338 9926 9928 10348 10350 
1 14 11338 11571 11564 11573 11566 11574 11335 9814 8119 9814 9815 9819 9820 11080 
1 15 11338 11337 11359 11327 11351 8118 8116 8120 9306 9332 9437 9381 9467 9359 11280 
1 2 11374 7822 
1 5 11392 11386 12088 11390 11155 
1 2 11419 11578 
1 4 11419 11578 13065 11098 
1 3 11421 12429 11421 
1 2 11421 12429 
1 5 11421 12433 12428 12432 10738 
1 7 11421 10737 10738 12893 12887 11000 9138 
1 3 11421 12429 11421 
1 14 11432 12751 12761 11216 11222 11219 10824 10826 10260 10264 10313 10304 10314 10307 
1 5 11432 12751 12756 12759 13056 
1 2 11454 10494 
1 3 11454 11455 8345 
1 5 11519 8816 8760 8805 8820 
1 7 11519 11489 11501 8762 8817 11506 12320 
1 3 11538 11536 8652 
1 5 11538 11536 11537 8491 10144 
1 4 11541 10184 10187 10183 
1 3 11541 11544 7815 
1 3 11553 11773 11772 
1 2 11553 11051 
1 4 11553 11552 11773 12167 
1 4 11557 11054 11556 12167 
1 7 11557 11554 9131 9490 9488 9491 9502 
1 4 11570 8995 12791 10012 
1 4 11570 11568 11569 9930 
1 2 11578 11419 
1 2 11578 13065 
1 7 11578 11579 11577 10819 10821 10817 8088 
1 2 11594 8978 
1 5 11594 11596 11593 11600 8493 
1 7 11601 8972 8974 12223 12230 12235 12228 
1 3 11601 11599 12640 
1 14 11611 8005 8000 10849 10844 10846 10851 10845 12663 8577 8580 8587 8582 10232 
1 4 11648 9264 10999 9264 
1 4 11648 9264 10471 9505 
1 4 11648 9264 10998 9138 
1 5 11651 8135 8134 11365 12326 
1 3 11651 11011 11012 
1 4 11651 11011 11012 12784 
1 5 11653 12193 12200 12191 12198 
1 6 11653 10164 10162 10160 8075 8068 
1 3 11688 12984 12985 
1 2 11688 13065 
1 4 11690 12780 10233 10232 
1 2 11690 12671 
1 8 11690 12671 12780 8355 12743 12741 12744 8970 
1 3 11691 11059 11056 
1 4 11694 11695 11698 9969 
1 2 11694 10428 
1 2 11696 9116 
1 2 11738 10364 
1 4 11738 10364 10362 12763 
1 8 11738 10364 10362 10363 10361 12765 12764 12762 
1 2 11743 11907 
1 3 11743 11740 11147 
1 11 11750 7974 7944 7968 7959 7970 7947 7976 7957 7973 7977 
1 6 11750 11748 11747 11756 11749 11751 
1 6 11751 11749 11756 11747 11748 11750 
1 2 11751 12809 
1 3 11772 11773 11553 
1 3 11772 7911 7908 
1 8 11781 7843 7849 7841 7857 7848 7839 7853 
1 2 11781 12086 
1 2 11785 9932 
1 4 11827 13096 13091 13099 
1 3 11827 13090 10366 
1 4 11827 10371 10369 10136 
1 2 11833 12508 
1 3 11833 12942 10131 
1 13 11845 11848 8374 11848 11845 8971 8969 12741 12743 12780 11690 12780 12782 
1 5 11845 8968 10531 10514 10524 
1 3 11845 11848 8374 
1 5 11860 10600 10586 10597 12383 
1 2 11873 11115 
1 3 11888 12812 8369 
1 2 11907 11743 
1 2 11908 12167 
1 4 11908 11772 7911 7908 
1 4 11908 12167 11133 12424 
1 7 11958 10269 10291 10276 10293 10289 10278 
1 4 11958 11978 11966 10607 
1 3 12002 9118 11002 
1 5 12002 12007 11996 12649 7943 
1 3 12037 8986 8987 
1 3 12037 8986 10746 
1 3 12049 12424 11134 
1 2 12086 11781 
1 4 12086 12088 11390 11155 
1 4 12166 11037 11036 11041 
1 3 12166 11037 8150 
1 6 12166 8158 12163 12161 11905 13043 
1 4 12167 11774 11552 11553 
1 4 12167 11556 11054 11557 
1 2 12167 11908 
1 3 12198 9149 9153 
1 5 12198 12191 12200 12193 11653 
1 4 12228 10351 10359 10352 
1 7 12228 12235 12230 12223 8974 8972 11601 
1 2 12255 10373 
1 9 12305 12639 12635 12644 12640 12643 12633 11597 8493 
1 14 12305 12237 12219 12232 11487 12320 12318 12319 12321 12314 12981 12979 12977 12980 
1 7 12320 11506 8817 8762 11501 11489 11519 
1 2 12320 12415 
1 4 12326 11380 11365 8134 
1 5 12326 11365 8134 8135 11651 
1 5 12364 12728 12731 9156 9158 
1 2 12364 12728 
1 3 12364 8669 8667 
1 3 12365 10488 8163 
1 2 12365 10488 
1 4 12365 8165 8164 12732 
1 2 12370 10723 
1 2 12370 11225 
1 5 12383 10597 10586 10600 11860 
1 7 12383 12377 12374 12387 12378 12381 10477 
1 3 12388 9707 7766 
1 2 12388 10350 
1 6 12388 7768 7770 12869 12864 10254 
1 2 12407 10812 
1 6 12407 8661 8657 8660 7912 7908 
1 9 12415 12320 11487 12232 12225 12231 12635 12644 12640 
1 2 12415 12320 
1 2 12423 10439 
1 4 12424 11133 12167 11908 
1 2 12424 11134 
1 2 12429 11421 
1 6 12429 11421 11422 11423 8452 9810 
1 3 12429 12425 9295 
1 4 12430 8498 8500 8497 
1 2 12430 10738 
1 9 12446 12471 12460 12473 12459 7938 7935 12646 7943 
1 6 12465 11023 10807 11055 11057 11056 
1 7 12465 11023 10802 10807 10804 10806 10809 
1 5 12465 12447 12455 12445 12962 
1 2 12484 7783 
1 2 12508 11833 
1 5 12508 12942 11060 11058 11025 
1 10 12513 12945 8360 8365 8366 11018 11025 8362 11060 12942 
1 4 12513 12945 10745 12944 
1 3 12579 9715 9712 
1 7 12579 12589 12580 12591 12578 13011 13013 
1 4 12615 12616 12618 8412 
1 2 12615 11044 
1 10 12640 11599 11601 11598 8977 11596 11595 11594 10811 10813 
1 3 12640 11599 11601 
1 9 12640 12644 12635 12231 12225 12232 11487 12320 12415 
1 4 12647 12651 10696 10698 
1 3 12647 10803 10809 
1 3 12665 8382 8380 
1 5 12665 12662 8385 12664 13005 
1 4 12671 12780 8355 8356 
1 3 12671 12780 12782 
1 2 12671 11690 
1 2 12705 11083 
1 2 12712 8987 
1 3 12728 12731 9156 
1 2 12728 12364 
1 3 12732 11121 11122 
1 4 12732 8164 8165 12365 
1 3 12732 12729 9158 
1 4 12740 8416 12735 10577 
1 5 12742 8357 9112 9115 7743 
1 4 12742 7737 12744 8970 
1 6 12761 12753 12760 12756 12759 13056 
1 8 12762 12764 12765 10361 10363 10362 10364 11738 
1 3 12762 12764 7814 
1 4 12763 10362 10364 11738 
1 4 12763 10363 11737 8670 
1 3 12782 10427 10428 
1 3 12782 12780 12671 
1 13 12782 12780 11690 12780 12743 12741 8969 8971 11845 11848 8374 11848 11845 
1 4 12784 11012 11011 11651 
1 4 12784 11010 12785 9286 
1 4 12788 10698 13014 13013 
1 2 12788 11115 
1 2 12788 10698 
1 3 12800 12798 12807 
1 5 12800 12794 12797 12795 8997 
1 3 12807 12798 12800 
1 2 12808 9002 
1 2 12809 11751 
1 3 12809 9692 9694 
1 3 12813 10169 10170 
1 2 12813 8563 
1 4 12813 8563 9036 12985 
1 2 12822 12821 
1 2 12822 8343 
1 7 12822 8343 8340 8346 8338 12959 12967 
1 3 12821 7819 7815 
1 5 12821 8341 8347 8339 8345 
1 2 12821 12822 
1 4 12835 12371 12375 10477 
1 6 12835 12834 12832 12836 12831 9505 
1 5 12853 8465 8472 8464 8469 
1 9 12853 8463 11176 11187 9978 9974 9975 9979 9960 
1 5 12859 11741 11742 11148 8591 
1 5 12878 10730 12039 8137 8139 
1 3 12888 10478 10999 
1 2 12942 10131 
1 3 12942 10130 8361 
1 4 12942 11060 8362 11025 
1 10 12942 11060 11058 11025 11018 8366 8365 8360 12945 12513 
1 4 12944 12036 12038 10746 
1 4 12944 10745 12945 12513 
1 6 12967 12959 8338 8344 8342 8345 
1 7 12967 12959 8338 8346 8340 8343 12822 
1 5 12962 12445 12455 12447 12465 
1 14 12980 12977 12979 12981 12314 12321 12319 12318 12320 11487 12232 12219 12237 12305 
1 4 12985 9036 8563 12813 
1 3 12985 12984 11688 
1 2 12992 10654 
1 4 12992 12987 12989 10488 
1 3 12999 13001 8431 
1 5 13005 12664 8385 12662 12665 
1 5 13005 8383 8377 8375 9121 
1 7 13013 13011 12578 12591 12580 12589 12579 
1 4 13013 13014 10698 12788 
1 6 13043 11905 12161 12163 8158 12166 
1 4 13043 10656 10655 11122 
1 6 13056 12759 12756 12760 12753 12761 
1 5 13056 12759 12756 12751 11432 
1 7 13056 11433 11424 12480 12486 12484 7783 
1 2 13065 11688 
1 2 13065 11578 
1 2 13065 10684 
1 3 13099 9001 9002 
1 2 13099 9001 
1 4 13099 13091 13096 11827 
1 3 13092 13095 10366 
1 2 18898 18903 
1 2 18903 18898 
1 11 11798 10242 10258 10246 10253 10247 10252 10243 10256 10249 10254 
1 13 11798 11803 11810 11804 11823 11792 11821 11789 11819 11820 11788 8254 8252 
1 13 8252 8254 11788 11820 11819 11789 11821 11792 11823 11804 11810 11803 11798 
1 3 8252 13067 9534 
1 24 12289 11813 11801 11795 11819 11789 11821 11792 11823 11804 11815 10238 10251 10253 10247 10252 10243 10256 7769 12869 12865 12867 12863 12273 
1 6 10254 12864 12869 7770 7768 12388 
1 11 10254 10249 10256 10243 10252 10247 10253 10246 10258 10242 11798 
1 4 12863 12273 10833 10831 
1 2 12863 12273 
1 3 12274 12278 9707 
1 4 12273 10833 10835 10830 
1 3 12273 10833 10831 
1 2 12273 12863 
1 24 12273 12863 12867 12865 12869 7769 10256 10243 10252 10247 10253 10251 10238 11815 11804 11823 11792 11821 11789 11819 11795 11801 8247 12289 
1 6 12018 12013 12021 12022 12014 9707 
1 6 9707 12014 12022 12021 12013 12018 
1 3 9707 12278 12274 
1 2 9707 7766 
1 2 7766 9707 
1 8 7766 7770 12865 12867 12863 12273 10833 10831 
1 3 7766 9707 12388 
1 4 13100 17240 16190 16189 
1 2 13100 17815 
1 3 13113 16997 16998 
1 2 13113 17787 
1 4 13169 17753 17749 14793 
1 4 13169 17753 17747 17889 
1 2 13169 17888 
1 3 13175 17457 14532 
1 3 13175 17457 17098 
1 5 13175 14531 14971 14273 18117 
1 2 13186 14999 
1 6 13186 15000 17149 17145 17144 17142 
1 3 13203 18121 15644 
1 2 13203 17723 
1 2 13205 17631 
1 3 13205 16546 16978 
1 3 13205 16977 14695 
1 5 13346 15836 15830 13433 13983 
1 6 13346 13344 13341 16274 13984 13982 
1 6 13361 13355 13366 13362 18283 18282 
1 3 13361 15979 15980 
1 4 13427 13426 18391 14342 
1 4 13427 13429 16927 15412 
1 6 13427 13428 18442 18440 18448 18438 
1 4 13434 15834 14823 15831 
1 3 13434 17718 15899 
1 6 13434 15834 13431 13437 13436 13983 
1 5 13495 15709 15715 15714 15716 
1 3 13495 14452 16916 
1 3 13508 15509 15507 
1 3 13508 13505 16638 
1 3 13515 15072 16170 
1 4 13515 15072 15075 14744 
1 8 13515 15072 14746 14747 14744 13897 13896 17216 
1 2 13521 14014 
1 6 13543 13539 13549 17648 17724 15644 
1 5 13547 13552 17721 17724 15644 
1 3 13574 16641 16640 
1 3 13574 16639 15544 
1 2 13624 14772 
1 2 13624 17045 
1 4 13661 15945 13669 17028 
1 6 13661 13666 13663 13664 15039 15030 
1 5 13696 13699 17215 17214 17860 
1 2 13696 17213 
1 2 13700 17216 
1 4 13717 16835 16839 16837 
1 3 13717 13715 14139 
1 2 13743 14049 
1 4 13743 14050 14046 14530 
1 4 13763 13765 16115 16116 
1 3 13763 13762 13766 
1 3 13766 13762 13763 
1 3 13766 13762 15659 
1 4 13773 13775 14054 14120 
1 2 13783 18205 
1 4 13799 13785 15083 16551 
1 2 13821 15086 
1 4 13821 15047 15049 15396 
1 5 13869 16996 16993 16995 17151 
1 4 13869 15399 15401 15396 
1 3 13869 13867 15198 
1 4 13889 13888 13886 17213 
1 2 13891 17188 
1 2 13891 15102 
1 2 13891 18069 
1 4 13898 18200 16768 18200 
1 2 13898 17860 
1 5 13904 13911 13912 15080 15083 
1 5 13929 18252 18254 14113 18253 
1 5 13929 13928 18252 14111 18342 
1 3 13929 13928 16998 
1 2 13944 17681 
1 2 13970 15490 
1 6 13982 13984 16274 13341 13344 13346 
1 3 13982 13978 15554 
1 6 13983 13436 13437 13431 15834 13434 
1 5 13983 13433 15830 15836 13346 
1 5 13983 13344 13341 13343 16270 
1 2 13989 14985 
1 4 13989 13986 13988 14704 
1 2 14014 13521 
1 3 14030 14038 16551 
1 3 14049 14047 14120 
1 2 14049 13743 
1 5 14117 14012 14116 14113 18253 
1 5 14120 14121 17900 17906 17905 
1 4 14120 14054 13775 13773 
1 3 14120 14047 14049 
1 2 14139 17239 
1 3 14139 13715 13717 
1 3 14139 15508 15507 
1 3 14149 14355 14359 
1 4 14169 14166 17649 17651 
1 3 14169 14168 17053 
1 4 14274 14271 15001 15523 
1 2 14342 17876 
1 4 14342 18391 13426 13427 
1 3 14359 14355 14149 
1 5 14459 14456 14454 14460 16916 
1 3 14469 16557 18013 
1 3 14469 14470 14772 
1 4 14530 14046 14050 13743 
1 5 14530 14046 16841 16838 16837 
1 3 14532 14972 16741 
1 4 14532 14972 17170 17458 
1 3 14532 17457 13175 
1 3 14695 16977 13205 
1 3 14695 14697 16728 
1 4 14704 13988 13986 13989 
1 6 14704 13988 13986 14985 14983 16728 
1 4 14744 16102 18095 15073 
1 4 14744 15075 15072 13515 
1 3 14763 14950 17520 
1 7 14763 14760 14762 17799 17796 17794 17790 
1 3 14772 14470 14469 
1 2 14772 13624 
1 5 14781 14786 14779 14784 17482 
1 2 14781 16855 
1 4 14781 14780 16820 16821 
1 3 14792 14956 18187 
1 4 14793 14955 14957 14956 
1 4 14793 17749 17753 13169 
1 3 14818 15991 15460 
1 2 14825 15908 
1 3 14854 14946 16636 
1 61 14873 14862 14879 14870 14863 14885 14867 17603 17599 17598 13903 13906 13909 13910 15514 15513 15516 15518 16084 15672 15671 13537 13536 15517 15512 15515 13918 13909 13906 13903 17598 17599 17603 14867 14885 14874 14887 14871 14869 14886 14883 14876 14880 14879 14870 14863 14885 14867 17603 17599 17598 13903 13906 13909 13910 15514 15513 15516 15518 16084 15672 
1 19 14873 14862 14879 14870 14863 14885 14867 17603 17599 17598 13903 13906 13909 13918 15515 15512 15517 13536 13537 
1 5 14873 14880 14873 14862 15009 
1 15 14873 14876 14883 14866 14886 14869 14871 14887 14874 14885 14867 17603 17599 17598 17602 
1 3 14915 15077 15078 
1 3 14946 15658 15659 
1 2 14946 16636 
1 3 14949 15494 15495 
1 2 14949 17520 
1 2 14956 18187 
1 3 14956 18186 16636 
1 4 14956 14957 14955 14793 
1 5 14972 17175 17172 17177 17171 
1 2 14972 16741 
1 2 14985 13989 
1 3 14993 14987 15683 
1 4 14993 14991 15100 15095 
1 2 14999 13186 
1 3 14999 13186 15906 
1 5 15009 14862 14873 14880 14873 
1 8 15025 14795 14806 14801 14811 14798 14816 14810 
1 7 15025 14817 13367 13373 13369 13375 14321 
1 3 15025 15017 15668 
1 6 15030 15039 13664 13663 13666 13661 
1 4 15030 15035 17714 17711 
1 2 15050 14447 
1 2 15065 15210 
1 9 15065 15208 15289 15285 14987 14993 14991 15100 15095 
1 4 15073 18095 16102 14744 
1 3 15078 15077 14915 
1 2 15078 17089 
1 5 15083 15080 13912 13911 13904 
1 2 15083 16551 
1 4 15083 15082 15084 15299 
1 3 15086 16816 16814 
1 2 15086 13821 
1 9 15095 15100 14991 14993 14987 15285 15289 15208 15065 
1 4 15095 15100 14991 14993 
1 5 15095 15094 15098 17709 15340 
1 2 15102 17860 
1 2 15102 13891 
1 5 15111 15116 15521 15525 15201 
1 4 15120 16997 17000 16104 
1 2 15120 17787 
1 5 15120 17787 15120 15121 17719 
1 3 15198 13867 13869 
1 2 15198 18096 
1 3 15201 15525 15523 
1 5 15201 15525 15521 15116 15111 
1 5 15201 16218 14354 16218 15403 
1 3 15206 17878 17876 
1 2 15210 15065 
1 3 15228 15229 17707 
1 3 15264 15016 18379 
1 3 15264 17097 15609 
1 5 15285 15290 15288 15584 15582 
1 3 15285 14987 15683 
1 4 15299 15084 15082 15083 
1 2 15299 18029 
1 2 15340 17711 
1 5 15340 17709 15098 15094 15095 
1 4 15396 15049 15047 13821 
1 6 15396 15049 15047 15046 15050 14447 
1 4 15396 15401 15399 13869 
1 5 15403 16218 14354 16218 15201 
1 4 15403 16642 16639 15544 
1 5 15405 18387 16974 16971 16973 
1 2 15412 16928 
1 4 15412 16927 13429 13427 
1 3 15429 15427 17752 
1 3 15460 15991 14818 
1 4 15460 16094 16096 18013 
1 3 15483 13518 17745 
1 4 15483 17745 17746 18342 
1 2 15490 13970 
1 2 15490 18288 
1 3 15495 16576 16580 
1 3 15495 15494 14949 
1 3 15507 15508 14139 
1 3 15507 15509 13508 
1 4 15523 15001 14271 14274 
1 3 15523 15525 15201 
1 2 15529 17707 
1 3 15529 15530 15649 
1 4 15544 16639 16642 15403 
1 3 15544 16639 13574 
1 3 15544 15546 15716 
1 2 15554 15555 
1 3 15554 13978 13982 
1 2 15555 15554 
1 4 15571 15568 16820 16821 
1 3 15571 18072 18073 
1 4 15582 15585 16603 16602 
1 5 15582 15584 15288 15290 15285 
1 5 15609 17100 13175 13174 18117 
1 3 15609 17097 15264 
1 2 15609 15873 
1 3 15613 17209 17210 
1 4 15613 17209 17210 16861 
1 2 15613 16216 
1 2 15644 18121 
1 3 15644 18121 13203 
1 5 15644 17724 17721 13552 13547 
1 6 15644 17724 17648 13549 13539 13543 
1 6 15657 15651 15648 15654 15227 17723 
1 3 15657 15647 15649 
1 3 15649 15530 15529 
1 3 15649 15647 15657 
1 3 15659 13762 13766 
1 3 15659 15658 14946 
1 8 15668 14326 14318 14324 13369 13374 13375 14321 
1 3 15668 15017 15025 
1 5 15668 15017 15027 15020 16789 
1 3 15683 14987 15285 
1 3 15683 14987 14993 
1 3 15716 15546 15544 
1 5 15716 15714 15715 15709 13495 
1 4 15831 14823 15834 13434 
1 2 15873 15609 
1 2 15873 17905 
1 3 15899 17720 17719 
1 3 15899 17718 13434 
1 4 15906 13189 16970 18386 
1 3 15906 13186 14999 
1 4 15906 15907 15412 16928 
1 5 15906 15907 18147 18152 18145 
1 2 15908 17101 
1 2 15908 14825 
1 2 15908 17719 
1 2 15957 17939 
1 3 15980 15979 13361 
1 4 15980 15982 15986 15990 
1 4 15990 15986 15982 15980 
1 2 15990 16602 
1 2 15994 18100 
1 7 15994 18100 15999 15996 13345 13343 16270 
1 7 15994 15995 13345 13347 16270 16278 16272 
1 9 15994 15995 15993 16437 16440 16273 17050 17056 17051 
1 4 15997 16918 16913 16916 
1 2 15997 18100 
1 5 16007 16001 16953 16947 16950 
1 4 16004 16002 16006 16950 
1 2 16004 16118 
1 4 16004 16113 16774 16778 
1 2 16018 16559 
1 2 16095 18013 
1 2 16100 18096 
1 2 16100 16768 
1 4 16104 17000 16997 15120 
1 2 16118 16004 
1 4 16116 16115 13765 13763 
1 5 16147 17887 17907 17908 17752 
1 5 16144 17477 17818 18071 18073 
1 4 16144 16142 17890 17907 
1 4 16144 17477 17818 17824 
1 3 16170 15072 13515 
1 2 16184 17089 
1 3 16184 17089 18205 
1 4 16184 17088 16854 16855 
1 4 16189 16190 17240 13100 
1 2 16216 15613 
1 4 16216 16217 16637 16638 
1 4 16216 16214 17647 17651 
1 2 16219 16640 
1 2 16223 16559 
1 5 16223 16222 18106 18107 18105 
1 7 16272 16278 16270 13347 13345 15995 15994 
1 7 16270 13347 13345 15996 15999 18100 15994 
1 5 16270 13343 13341 13344 13983 
1 6 16270 16275 16440 16437 16439 16438 
1 9 16390 16401 17817 17821 17822 16144 16142 17890 17907 
1 5 16390 16401 17825 17819 17824 
1 5 16395 16404 16388 18437 18439 
1 6 16438 16439 16437 16440 16275 16270 
1 3 16438 17060 17053 
1 4 16551 15083 13785 13799 
1 3 16551 14038 14030 
1 2 16551 15083 
1 2 16555 18013 
1 2 16559 16018 
1 2 16559 16223 
1 3 16572 15987 15988 
1 3 16572 16568 16768 
1 3 16580 16576 15495 
1 2 16602 15990 
1 4 16602 16603 15585 15582 
1 2 16636 14946 
1 3 16636 14946 14854 
1 3 16636 18186 14956 
1 3 16638 13505 13508 
1 4 16638 16637 16217 16216 
1 6 16638 13505 13507 13504 14165 17053 
1 2 16640 16219 
1 3 16640 16641 13574 
1 3 16728 14697 14695 
1 6 16728 14983 14985 13986 13988 14704 
1 2 16728 17151 
1 2 16741 14972 
1 2 16741 17809 
1 3 16741 14972 14532 
1 2 16742 17210 
1 3 16765 16873 16872 
1 2 16765 16814 
1 3 16768 16568 16572 
1 2 16768 16100 
1 2 16768 18200 
1 3 16770 15614 17045 
1 2 16770 18121 
1 4 16770 18121 13203 17723 
1 4 16778 16774 16113 16004 
1 3 16778 16771 17852 
1 5 16789 15020 15027 15017 15668 
1 2 16789 18379 
1 2 16814 16765 
1 6 16814 17235 16869 16871 13389 16849 
1 4 16814 17235 16869 17234 
1 3 16814 16816 15086 
1 4 16821 16820 14780 14781 
1 4 16821 16820 15568 15571 
1 4 16826 15567 17820 17120 
1 9 16826 17119 16389 16393 16395 16404 16394 18437 18439 
1 5 16837 16838 16841 14046 14530 
1 4 16837 16839 16835 13717 
1 4 16855 16854 17088 16184 
1 2 16855 14781 
1 4 16861 17210 17209 15613 
1 5 16916 14460 14454 14456 14459 
1 3 16916 14452 13495 
1 4 16916 16913 16918 15997 
1 3 16928 18389 18390 
1 4 16928 15412 15907 15906 
1 2 16928 15412 
1 10 16951 16961 16940 16965 16952 16948 17032 17036 15974 17028 
1 5 16950 16947 16953 16001 16007 
1 4 16950 16006 16002 16004 
1 5 16973 16971 16974 18387 15405 
1 2 16973 18386 
1 4 16978 16549 15299 18029 
1 3 16978 16546 13205 
1 4 16994 14694 16728 17151 
1 3 16998 13928 13929 
1 3 16998 16997 13113 
1 10 17028 15974 17036 17032 16948 16952 16965 16940 16961 16951 
1 13 17028 15974 15951 15958 13133 15958 15965 15945 15974 15951 15958 13133 13151 
1 4 17028 13669 15945 13661 
1 2 17045 18339 
1 2 17045 13624 
1 3 17045 15614 16770 
1 9 17051 17056 17050 16273 16440 16437 15993 15995 15994 
1 6 17053 14165 13504 13507 13505 16638 
1 3 17053 17060 16438 
1 3 17053 14168 14169 
1 2 17089 15078 
1 2 17089 16184 
1 3 17098 17457 13175 
1 4 17101 18287 18290 18288 
1 2 17101 15908 
1 4 17120 17820 15567 16826 
1 3 17120 17819 17824 
1 6 17142 17144 17145 17149 15000 13186 
1 4 17142 18101 17147 17145 
1 4 17142 18101 18104 18109 
1 4 17145 17147 18101 17142 
1 2 17151 16728 
1 4 17151 16728 14694 16994 
1 5 17151 16995 16993 16996 13869 
1 6 17154 17866 17865 14771 14774 17681 
1 2 17154 17864 
1 2 17156 17864 
1 3 17156 13203 18121 
1 5 17171 17177 17172 17175 14972 
1 2 17210 16742 
1 3 17210 17209 15613 
1 4 17213 13886 13888 13889 
1 2 17213 13696 
1 8 17216 13896 13897 14744 14747 14746 15072 13515 
1 2 17216 13700 
1 2 17239 14139 
1 4 17458 17170 14972 14532 
1 5 17482 14850 14847 17856 17852 
1 5 17482 14784 14779 14786 14781 
1 2 17520 14949 
1 3 17520 14950 14763 
1 6 17520 14950 14763 14760 15900 17797 
1 15 17602 17605 17599 17603 14867 14885 14874 14887 14871 14869 14886 14866 14883 14876 14873 
1 2 17631 13205 
1 4 17651 17647 16214 16216 
1 4 17651 17649 14166 14169 
1 2 17681 13944 
1 6 17681 14774 14771 17865 17866 17154 
1 3 17707 15229 15228 
1 2 17707 15529 
1 6 17711 17714 17933 17942 17936 17939 
1 4 17711 17714 15035 15030 
1 2 17711 15340 
1 5 17719 15121 15120 17787 15120 
1 2 17719 15908 
1 3 17719 17720 15899 
1 4 17723 13203 18121 16770 
1 2 17723 13203 
1 6 17723 15227 15654 15648 15651 15657 
1 3 17745 13518 15483 
1 2 17750 17889 
1 3 17752 15427 15429 
1 3 17752 17908 17907 
1 5 17752 17908 17907 17887 16147 
1 2 17787 13113 
1 2 17787 15120 
1 7 17790 17794 17796 17799 14762 14760 14763 
1 2 17790 17789 
1 5 17789 17796 17799 14762 17797 
1 2 17789 17790 
1 6 17797 15900 14760 14763 14950 17520 
1 5 17797 14762 17799 17796 17789 
1 2 17809 16741 
1 2 17815 13100 
1 3 17815 13100 18100 
1 4 17824 17818 17477 16144 
1 3 17824 17819 17120 
1 5 17824 17819 17825 16401 16390 
1 3 17852 16771 16778 
1 5 17852 17856 14847 14850 17482 
1 2 17860 13898 
1 2 17860 15102 
1 4 17860 15102 13891 18069 
1 5 17860 17214 17215 13699 13696 
1 2 17864 17154 
1 2 17864 17156 
1 3 17876 17878 15206 
1 2 17876 14342 
1 2 17889 17750 
1 4 17889 17747 17753 13169 
1 2 17888 13169 
1 3 17888 17887 17907 
1 2 17905 15873 
1 5 17905 17906 17900 14121 14120 
1 3 17907 17908 17752 
1 3 17907 17887 17888 
1 4 17907 17890 16142 16144 
1 9 17907 17887 16142 16144 17822 17821 17817 16401 16390 
1 2 17939 15957 
1 6 17939 17936 17942 17933 17714 17711 
1 4 18013 16096 16094 15460 
1 2 18013 16095 
1 2 18013 16555 
1 3 18013 18012 14469 
1 2 18029 15299 
1 4 18029 15299 16549 16978 
1 3 18073 18072 15571 
1 5 18073 18071 17818 17477 16144 
1 2 18096 15198 
1 2 18096 16100 
1 2 18100 15997 
1 3 18100 13100 17815 
1 2 18100 15994 
1 2 18109 18105 
1 4 18109 18104 18101 17142 
1 5 18105 18107 18106 16222 16223 
1 2 18105 18109 
1 5 18117 14273 14971 14531 13175 
1 5 18117 13174 13175 17100 15609 
1 2 18121 16770 
1 3 18121 13203 17156 
1 2 18121 15644 
1 5 18145 18152 18147 15907 15906 
1 2 18145 18152 
1 2 18152 18145 
1 3 18187 14956 14792 
1 2 18187 14956 
1 2 18200 16768 
1 4 18200 16768 18200 13898 
1 2 18205 13783 
1 3 18205 17089 16184 
1 5 18253 14113 14116 14012 14117 
1 5 18253 14113 18254 18252 13929 
1 6 18282 18283 13362 13366 13355 13361 
1 2 18288 15490 
1 4 18288 18290 18287 17101 
1 2 18339 17045 
1 4 18342 17746 17745 15483 
1 5 18342 14111 18252 13928 13929 
1 2 18379 16789 
1 3 18379 15016 15264 
1 2 18386 16973 
1 4 18386 16970 13189 15906 
1 3 18390 18389 16928 
1 9 18439 18437 16394 16404 16395 16393 16389 17119 16826 
1 5 18439 18437 16388 16404 16395 
1 3 18439 18443 18438 
1 6 18438 18448 18440 18442 13428 13427 
1 3 18438 18443 18439 
1 6 13477 16225 16227 16228 18157 18160 
1 3 13477 16225 16227 
1 3 13482 13478 16627 
1 2 13482 17763 
1 3 15279 15275 13689 
1 2 18261 15988 
1 2 15988 16168 
1 2 15988 18261 
1 3 15988 15987 16572 
1 2 16168 15988 
1 2 14447 15050 
1 6 14447 15050 15046 15047 15049 15396 
1 4 13883 13881 16573 14026 
1 3 13689 15275 15279 
1 3 13689 13686 16196 
1 3 16627 13478 13482 
1 4 16627 13478 13482 17763 
1 2 16227 16228 
1 2 16227 18158 
1 3 16227 16225 13477 
1 4 16228 16628 13685 18160 
1 2 16228 16227 
1 2 18158 16227 
1 4 18160 16195 16198 14026 
1 4 18160 13685 16628 16228 
1 6 18160 18157 16228 16227 16225 13477 
1 5 18070 17187 14025 14028 14026 
1 4 18069 13891 15102 17860 
1 2 18069 13891 
1 2 17188 13891 
1 4 14026 16573 13881 13883 
1 5 14026 16198 16196 13686 16196 
1 4 14026 16198 16195 18160 
1 5 14026 14028 14025 17187 18070 
1 3 16196 13686 13689 
1 5 16196 13686 16196 16198 14026 
1 6 7698 7693 9265 9271 9854 9859 
1 5 7698 7693 9265 9280 9857 
1 7 7698 7693 9265 9280 9857 9851 11203 
1 3 7698 7681 7720 
1 11 7698 7706 7691 7723 7708 7695 7719 8916 8890 8894 8925 
1 12 7720 7680 7673 7700 7711 7714 7684 7714 7677 7671 9519 8922 
1 3 7720 7681 7698 
1 2 7729 8404 
1 4 7789 7791 7790 11193 
1 3 7794 10214 10212 
1 4 7794 12053 7795 10719 
1 4 7906 11013 11014 11016 
1 2 7906 12625 
1 2 7984 11778 
1 4 8110 8105 8108 12500 
1 2 8128 11119 
1 3 8128 8126 11901 
1 8 8169 8178 12070 12060 10405 10419 10393 12056 
1 7 8169 8172 8183 8170 12201 9259 9874 
1 4 8209 8214 12506 12493 
1 3 8209 8206 9697 
1 3 8213 11458 12500 
1 4 8213 11928 11925 11927 
1 5 8213 8215 8208 12727 9696 
1 2 8260 12392 
1 5 8309 10051 8842 8854 8847 
1 4 8354 8528 12774 12777 
1 5 8354 8523 8525 8527 10380 
1 2 8404 7729 
1 2 8458 11901 
1 5 8458 11301 11303 10219 9859 
1 2 8479 11226 
1 4 8479 8476 10843 10842 
1 2 8481 11230 
1 4 8510 11638 11643 9026 
1 5 8510 11684 11671 8506 10634 
1 7 8529 12189 12173 12184 10404 10414 12180 
1 6 8529 8531 8526 8530 10403 12777 
1 13 8847 10100 10019 10089 10034 10102 10073 10106 10058 10047 10014 10084 10037 
1 5 8847 8854 8842 10051 8309 
1 9 8847 8857 8854 8861 8863 8830 8307 8300 12151 
1 5 8870 8871 8866 8864 12500 
1 11 8925 8894 8890 8916 7719 7695 7708 7723 7691 7706 7698 
1 12 8922 9519 7671 7677 7714 7684 7714 7711 7700 7673 7680 7720 
1 9 8989 10707 10710 12825 12827 9160 9161 9159 9162 
1 3 8989 10704 11226 
1 7 8989 10707 10710 10705 12828 12824 10709 
1 9 9026 9145 9140 11842 11839 11837 11627 11645 11634 
1 4 9026 11643 11638 8510 
1 2 9029 9690 
1 4 9031 9030 12630 12629 
1 3 9031 9687 9683 
1 2 9123 9127 
1 3 9123 9124 10678 
1 2 9127 9123 
1 4 9146 9143 11411 11415 
1 2 9162 9160 
1 4 9162 9695 9699 9697 
1 9 9162 9159 9161 9160 12827 12825 10710 10707 8989 
1 3 9160 12725 12726 
1 4 9160 12725 12726 9696 
1 2 9160 9162 
1 6 9236 8748 11686 11668 11680 11673 
1 14 9236 9244 9230 9249 9235 12923 12911 9805 9720 9761 9801 9743 9735 9769 
1 6 9258 9255 9256 9262 9257 9874 
1 3 9258 8131 11119 
1 6 9280 9265 9278 9270 9277 9268 
1 2 9280 9857 
1 3 9268 10215 9859 
1 6 9268 9277 9270 9278 9265 9280 
1 5 9295 9294 9298 9291 9299 
1 3 9295 12425 12429 
1 5 9295 9294 9290 12507 12493 
1 4 9299 10855 10854 10853 
1 5 9299 9291 9298 9294 9295 
1 7 9516 11702 11706 11708 11705 12723 12720 
1 6 9516 12074 12080 12073 12071 11446 
1 9 9539 9552 9551 10714 10717 7793 11441 11449 11446 
1 5 9539 9552 9574 9570 9554 
1 2 9554 10722 
1 5 9554 9570 9574 9552 9539 
1 2 9690 9029 
1 2 9690 9683 
1 6 9683 9685 9684 9688 9032 9821 
1 3 9683 9687 9031 
1 2 9683 9690 
1 2 9683 11712 
1 3 9697 8206 8209 
1 4 9697 9699 9695 9162 
1 5 9696 12727 8208 8215 8213 
1 4 9696 12726 12725 9160 
1 14 9769 9735 9743 9801 9761 9720 9805 12911 12923 9235 9249 9230 9244 9236 
1 6 9821 8263 9688 9684 9685 9683 
1 2 9857 9280 
1 5 9857 9280 9265 7693 7698 
1 5 9859 10219 11303 11301 8458 
1 3 9859 10215 9268 
1 6 9859 9854 9271 9265 7693 7698 
1 7 9874 9259 12201 8170 8183 8172 8169 
1 7 9874 9257 9262 11777 11779 12215 11778 
1 6 9874 9257 9262 9256 9255 9258 
1 4 9983 10420 10422 12151 
1 5 9983 12150 12146 12149 12881 
1 3 9983 9985 8419 
1 3 9983 12148 11383 
1 13 10037 10084 10014 10047 10058 10106 10073 10102 10034 10089 10019 10100 8847 
1 5 10151 10153 7730 7727 10484 
1 3 10212 10214 7794 
1 6 10212 12075 12081 12073 12071 11446 
1 2 10223 11300 
1 4 10223 11300 11302 11901 
1 2 10230 12948 
1 5 10230 12522 10677 10679 12523 
1 5 10380 8527 8525 8523 8354 
1 4 10380 12884 11457 11466 
1 9 10397 10413 10402 10415 10383 10401 10387 10396 12180 
1 2 10422 12151 
1 6 10482 10483 11201 11204 10158 11202 
1 3 10482 10480 11468 
1 5 10484 7727 7730 10153 10151 
1 3 10484 7726 11472 
1 4 10484 10481 10485 11468 
1 5 10634 8506 11671 11684 8510 
1 10 10634 10639 10623 10642 10628 10646 10645 10637 8501 13035 
1 4 10650 12655 12657 12656 
1 5 10650 12655 12654 8456 11202 
1 3 10678 9124 9123 
1 3 10678 9129 11415 
1 4 10678 10680 10679 12523 
1 2 10704 11226 
1 2 10709 12824 
1 7 10709 12824 12828 10705 10710 10707 8989 
1 3 10722 12052 10719 
1 2 10722 9554 
1 4 10719 7795 12053 7794 
1 4 10719 7795 12053 12054 
1 3 10719 12052 10722 
1 4 10842 10843 8476 8479 
1 5 10842 10836 10840 11470 11468 
1 6 10841 8386 11473 10840 11470 11468 
1 6 10853 8499 8417 9986 8417 8497 
1 3 10853 9982 13018 
1 4 10853 10854 10855 9299 
1 4 11016 11014 11013 7906 
1 4 11103 11104 11102 12726 
1 3 11119 8131 9258 
1 2 11119 8128 
1 3 11193 7788 12523 
1 4 11193 11195 11192 12515 
1 4 11193 7790 7791 7789 
1 7 11203 9851 9857 9280 9265 7693 7698 
1 5 11202 8456 12654 12655 10650 
1 6 11202 10158 11204 11201 10483 10482 
1 7 11202 10158 10148 10483 10482 10480 11468 
1 2 11226 10704 
1 3 11226 10704 8989 
1 2 11226 8479 
1 2 11230 8481 
1 5 11300 8129 8130 11310 11311 
1 2 11300 10223 
1 6 11311 11932 11938 11937 11942 11931 
1 5 11311 11310 8130 8129 11300 
1 3 11383 12148 9983 
1 5 11383 12148 9983 9985 8419 
1 3 11383 9984 13018 
1 4 11415 11411 9143 9146 
1 3 11415 9129 10678 
1 6 11446 12071 12073 12081 12075 10212 
1 6 11446 12071 12073 12080 12074 9516 
1 9 11446 11449 11441 7793 10717 10714 9551 9552 9539 
1 4 11466 12745 12747 12885 
1 4 11466 11457 12884 10380 
1 5 11466 11463 11461 11465 12500 
1 6 11468 11470 10840 11473 8386 10841 
1 7 11468 10480 10482 10483 10148 10158 11202 
1 4 11468 10485 10481 10484 
1 3 11468 10480 10482 
1 5 11468 11470 10840 10836 10842 
1 3 11472 7726 10484 
1 8 11481 12775 12768 12771 8353 8348 11227 12824 
1 3 11634 9052 9053 
1 4 11634 11645 11841 11843 
1 9 11634 11632 11640 11628 11636 11630 11670 11659 11673 
1 9 11634 11645 11627 11837 11839 11842 11639 9145 9026 
1 4 11673 9579 9620 12344 
1 9 11673 11659 11670 11630 11636 11628 11640 11632 11634 
1 6 11673 11680 11668 11686 8748 9236 
1 2 11707 11712 
1 2 11712 9683 
1 2 11712 11707 
1 3 11712 11707 12079 
1 8 11715 12391 12393 12390 8257 8264 8260 12392 
1 2 11715 12169 
1 3 11715 12169 12625 
1 3 11715 11713 12720 
1 9 11769 12621 12622 12625 7906 13031 13036 13035 12392 
1 2 11778 7984 
1 6 11778 12215 11779 12217 12205 12214 
1 7 11778 12215 11779 11777 9262 9257 9874 
1 5 11843 11841 9052 9093 9053 
1 4 11843 11841 11645 11634 
1 3 11901 8126 8128 
1 4 11901 11302 11300 10223 
1 2 11901 8458 
1 4 11927 11925 11928 8213 
1 3 11931 12912 12937 
1 6 11931 11942 11937 11938 11932 11311 
1 3 12027 12028 12746 
1 4 12054 12053 7795 10719 
1 8 12056 10393 10419 10405 12060 12070 8178 8169 
1 3 12079 11707 11712 
1 9 12151 8300 8307 8830 8863 8861 8854 8857 8847 
1 2 12151 10422 
1 4 12151 10422 10420 9983 
1 2 12169 11715 
1 9 12180 10396 10387 10401 10383 10415 10402 10413 10397 
1 7 12180 10414 10404 12184 12173 12189 8529 
1 6 12214 12205 12217 11779 12215 11778 
1 2 12392 8260 
1 2 12392 13035 
1 8 12392 8260 8264 8257 12390 12393 12391 11715 
1 9 12392 13035 13036 13031 7906 12625 12622 12621 11769 
1 5 12493 12507 9290 9294 9295 
1 4 12493 12506 8214 8209 
1 5 12500 8864 8866 8871 8870 
1 5 12500 11465 11461 11463 11466 
1 4 12500 8108 8105 8110 
1 3 12500 11458 8213 
1 4 12515 11192 11195 11193 
1 2 12515 12629 
1 4 12523 10679 10680 10678 
1 5 12523 10679 10677 12522 10230 
1 3 12523 7788 11193 
1 2 12625 7906 
1 3 12625 12169 11715 
1 2 12629 12515 
1 2 12629 12627 
1 4 12629 12630 9030 9031 
1 2 12627 12629 
1 4 12656 12657 12655 10650 
1 3 12720 11713 11715 
1 7 12720 12723 11705 11708 11706 11702 9516 
1 4 12726 11102 11104 11103 
1 3 12726 12725 9160 
1 3 12746 12028 12027 
1 4 12746 12181 12182 12885 
1 6 12777 10403 8530 8526 8531 8529 
1 4 12777 12774 8528 8354 
1 8 12824 11227 8348 8353 12771 12768 12775 11481 
1 2 12824 10709 
1 5 12881 12149 12146 12150 9983 
1 4 12885 12182 12181 12746 
1 4 12885 12747 12745 11466 
1 3 12937 12912 11931 
1 2 12948 10230 
1 5 13018 9984 9987 9985 8419 
1 3 13018 9984 11383 
1 3 13018 9982 10853 
1 10 13035 8501 10637 10645 10646 10628 10642 10623 10639 10634 
1 2 13035 12392 
1 4 13105 17157 13102 18198 
1 3 13105 18198 18196 
1 3 13104 13923 13924 
1 2 13104 16599 
1 6 13123 13118 13121 13124 13119 16540 
1 2 13170 15057 
1 2 13172 18267 
1 3 13172 13171 18139 
1 3 13185 17079 17087 
1 4 13200 17200 17195 16738 
1 2 13200 18335 
1 8 13200 18337 18334 18332 16108 14920 15876 15893 
1 2 13338 14708 
1 4 13338 13973 13974 14953 
1 5 13378 13383 15939 15930 15937 
1 3 13390 17729 17732 
1 3 13390 17729 18247 
1 4 13390 13391 16871 17234 
1 3 13401 13406 18324 
1 2 13401 18085 
1 5 13409 14370 17109 17115 18237 
1 3 13409 17238 17237 
1 5 13416 15693 16847 16851 15692 
1 5 13416 13417 15691 15694 16828 
1 3 13422 14835 14833 
1 3 13422 14980 14981 
1 4 13422 14835 14832 16934 
1 4 13422 15928 13420 18330 
1 2 13424 16088 
1 7 13424 13423 16090 16089 17836 16087 17075 
1 4 13446 14684 14683 14693 
1 7 13446 13439 13450 16737 16735 18338 18335 
1 7 13453 13457 15242 13467 13472 13474 15243 
1 2 13470 14299 
1 4 13470 13469 13474 15243 
1 5 13486 13488 13485 13484 14837 
1 3 13486 13483 14769 
1 3 13499 17861 14794 
1 4 13499 13498 17212 15924 
1 2 13503 15425 
1 3 13503 13502 17463 
1 4 13526 14346 14350 16630 
1 5 13526 17850 17848 17846 17849 
1 7 13561 13565 13555 16844 16843 18201 18204 
1 3 13561 13564 13565 
1 4 13565 16842 16846 16845 
1 3 13565 13564 13561 
1 5 13577 16748 14172 14174 17202 
1 2 13577 16748 
1 4 13577 13578 18206 17688 
1 3 13620 17838 17840 
1 4 13620 13617 17814 17813 
1 6 13683 15635 15640 15641 15636 15638 
1 3 13683 13675 14903 
1 2 13695 16203 
1 4 13695 13694 13690 14002 
1 8 13734 13733 13726 13722 13560 13557 13562 15144 
1 3 13734 13724 13723 
1 4 13734 13725 16418 16420 
1 7 13734 13725 16418 16420 16419 15307 16421 
1 3 13723 13724 13734 
1 2 13768 18428 
1 4 13872 13878 13875 15327 
1 5 13872 15157 15151 15146 17486 
1 2 13892 17108 
1 5 13895 16092 16207 16209 14961 
1 2 13895 16092 
1 3 13924 14042 14043 
1 3 13924 14042 17468 
1 3 13924 13923 13104 
1 7 13924 13923 13104 13926 13102 18198 18196 
1 4 13939 13933 17686 15394 
1 2 13967 16167 
1 8 13967 16167 14994 13413 13411 13414 16832 16828 
1 4 13967 18331 18329 17802 
1 2 13973 14708 
1 4 14002 13690 13694 13695 
1 3 14002 14001 14463 
1 2 14004 14109 
1 4 14004 14107 17837 17727 
1 3 14021 14020 17868 
1 3 14021 14024 15292 
1 5 14043 17468 17474 17469 17470 
1 2 14043 17565 
1 3 14043 14042 13924 
1 3 14109 14110 14731 
1 2 14109 14004 
1 6 14160 14156 14154 16590 16582 16588 
1 4 14160 14161 14720 14726 
1 4 14176 17202 18249 17813 
1 2 14176 17202 
1 3 14267 14962 14961 
1 5 14299 14297 13473 16374 16376 
1 2 14299 13470 
1 6 14335 15541 15539 15542 15540 13932 
1 4 14335 14329 15643 15638 
1 2 14352 18330 
1 4 14352 18330 18329 17802 
1 4 14364 14367 16253 16241 
1 4 14364 14365 17891 17894 
1 4 14364 14363 14717 14718 
1 3 14369 14372 17110 
1 2 14369 15924 
1 5 14451 16856 16857 16858 18075 
1 3 14451 18118 14794 
1 5 14451 14450 15828 15829 15272 
1 3 14463 14001 14002 
1 3 14463 14466 17862 
1 7 14693 14681 15173 15190 15179 15191 15171 
1 4 14693 14683 14684 13446 
1 5 14708 14826 14828 14831 14829 
1 2 14708 13973 
1 2 14708 13338 
1 5 14708 14712 14715 18167 16408 
1 6 14708 14712 14715 18167 16408 16416 
1 4 14718 14717 14363 14364 
1 3 14718 14717 18280 
1 3 14718 16625 16626 
1 5 14718 16625 16626 16624 15551 
1 3 14726 15479 15480 
1 4 14726 14720 14161 14160 
1 3 14726 14722 15564 
1 5 14726 14724 17839 17843 17840 
1 3 14728 15822 14908 
1 2 14728 14758 
1 2 14728 15822 
1 3 14731 14732 16159 
1 3 14731 14732 18434 
1 3 14731 14110 14109 
1 2 14738 18182 
1 7 14738 14740 14741 14770 17182 17186 17181 
1 2 14758 14728 
1 3 14769 13483 13486 
1 5 14769 14892 14765 17186 17181 
1 5 14794 15566 18119 15566 17862 
1 3 14794 18118 14451 
1 3 14794 17861 13499 
1 2 14829 15822 
1 5 14829 14831 14828 14826 14708 
1 4 14833 13576 17690 17688 
1 3 14833 14835 13422 
1 8 14837 14841 14906 14900 14899 14904 14897 15534 
1 5 14837 13484 13485 13488 13486 
1 3 14893 14891 16934 
1 3 14903 13675 13683 
1 5 14903 16545 16119 13127 16540 
1 3 14903 16543 15534 
1 3 14908 15822 14728 
1 4 14928 14918 15876 15893 
1 6 14953 15626 15625 18430 17461 17463 
1 2 14953 15626 
1 4 14953 13974 13973 13338 
1 2 14961 16209 
1 3 14961 14962 14267 
1 5 14961 16209 16207 16092 13895 
1 3 14967 17169 16537 
1 5 14967 16538 16536 13768 18428 
1 3 14970 17211 17212 
1 2 14970 18204 
1 6 14979 13202 13197 17196 18048 18036 
1 4 14979 14975 14978 17875 
1 3 14974 16174 16172 
1 2 14974 17871 
1 3 14981 14980 13422 
1 4 14995 17689 17687 15927 
1 2 15053 17627 
1 3 15053 13893 17108 
1 3 15057 15060 18262 
1 2 15057 13170 
1 4 15057 17208 17204 17206 
1 2 15069 15679 
1 2 15122 18267 
1 7 15144 15145 17237 17238 15923 17211 17212 
1 3 15144 15145 17237 
1 8 15144 13562 13557 13560 13722 13726 13733 13734 
1 5 15147 15929 15932 15423 15415 
1 7 15147 15149 15152 15148 15158 15146 17868 
1 6 15166 15161 15160 15849 17133 17139 
1 2 15166 16564 
1 3 15171 15188 15589 
1 7 15171 15191 15179 15195 15173 14681 14693 
1 7 15243 13474 13472 13467 15242 13457 13453 
1 4 15243 13474 13469 13470 
1 5 15272 15829 15828 14450 14451 
1 4 15272 15266 15273 16280 
1 3 15272 15827 15829 
1 3 15284 15283 15566 
1 3 15292 14024 14021 
1 2 15292 15548 
1 3 15317 15313 15312 
1 3 15312 15313 15317 
1 4 15312 15320 15323 16421 
1 4 15327 13875 13878 13872 
1 4 15394 17686 13933 13939 
1 3 15394 17686 17684 
1 2 15394 16976 
1 2 15415 15937 
1 5 15415 15423 15932 15929 15147 
1 2 15425 13503 
1 2 15435 16781 
1 3 15435 15433 18434 
1 3 15534 16543 14903 
1 8 15534 14897 14904 14899 14900 14906 14841 14837 
1 2 15548 15292 
1 3 15548 15295 18138 
1 5 15551 16624 16626 16625 14718 
1 2 15551 17108 
1 3 15566 15283 15284 
1 2 15566 18119 
1 2 15579 17096 
1 3 15589 15188 15171 
1 4 15622 15617 17844 17849 
1 4 15622 15621 14966 16370 
1 8 15622 15617 15618 15915 15921 15914 16371 16368 
1 5 15626 15625 18430 17461 17463 
1 3 15626 15625 18138 
1 2 15626 14953 
1 6 15626 18429 18426 18425 17700 17693 
1 7 15626 18429 18427 17702 17701 17698 17696 
1 4 15638 15643 14329 14335 
1 6 15638 15636 15641 15640 15635 13683 
1 3 15673 18120 18119 
1 2 15679 15069 
1 4 15679 17093 17091 17096 
1 5 15689 15686 17113 17115 18237 
1 2 15692 16849 
1 4 15692 16849 17232 17234 
1 5 15692 16851 16847 15693 13416 
1 4 15701 15697 17870 17871 
1 2 15701 15707 
1 8 15707 15700 15697 17870 17873 14974 16174 16172 
1 8 15707 15700 15699 15703 15890 15880 15887 16105 
1 2 15707 15701 
1 4 15718 18202 18203 18204 
1 2 15822 14728 
1 2 15822 14829 
1 3 15825 16910 16909 
1 4 15825 15826 18209 18206 
1 3 15829 18433 18432 
1 3 15829 15827 15272 
1 8 15854 15845 15846 17140 17136 17137 17133 17139 
1 8 15893 15876 14920 16108 18332 18334 18337 13200 
1 4 15893 15876 14918 14928 
1 6 15919 15913 15920 15921 15915 16370 
1 4 15919 15916 17760 17756 
1 6 15918 15619 15620 17757 17767 17763 
1 4 15918 15910 15915 16370 
1 4 15924 17212 13498 13499 
1 2 15924 14369 
1 2 15924 17212 
1 4 15927 17687 17689 14995 
1 2 15927 16167 
1 5 15937 15930 15939 13383 13378 
1 2 15937 15415 
1 2 16088 13424 
1 3 16088 16089 17836 
1 2 16092 13895 
1 3 16092 13894 17895 
1 6 16105 16109 16107 18332 18334 18335 
1 8 16105 15887 15880 15890 15703 15699 15700 15707 
1 10 16133 16139 16120 16138 16123 16135 16126 16129 13119 16540 
1 3 16159 14732 14731 
1 2 16167 15927 
1 2 16167 13967 
1 3 16172 16174 14974 
1 8 16172 16174 14974 17873 17870 15697 15700 15707 
1 3 16193 17065 17063 
1 2 16201 16781 
1 3 16203 17066 17063 
1 2 16203 13695 
1 3 16209 14963 17181 
1 5 16209 16212 16213 16232 16230 
1 2 16209 14961 
1 5 16230 16232 16213 16212 16209 
1 4 16241 16253 14367 14364 
1 4 16280 15273 15266 15272 
1 8 16368 16371 15914 15921 15915 15618 15621 15622 
1 7 16370 14966 14968 17167 17168 15055 16537 
1 4 16370 14966 15621 15622 
1 4 16370 15915 15910 15918 
1 6 16370 15915 15921 15920 15913 15919 
1 5 16376 16377 16380 16384 16922 
1 5 16376 16374 13473 14297 14299 
1 6 16416 16408 18167 14715 14712 14708 
1 4 16416 16407 16412 18213 
1 5 16408 18167 14715 14712 14708 
1 4 16408 18167 18166 18172 
1 4 16421 15323 15320 15312 
1 7 16421 15307 16419 16420 16418 13725 13734 
1 4 16420 15309 15306 17619 
1 4 16420 16418 13725 13734 
1 5 16423 16431 14756 16975 16976 
1 3 16537 15055 17168 
1 3 16537 17169 14967 
1 7 16537 15055 17168 17167 14968 14966 16370 
1 10 16540 13119 16129 16126 16135 16123 16138 16120 16139 16133 
1 6 16540 13119 13124 13121 13118 13123 
1 5 16540 13127 16119 16545 14903 
1 2 16564 15166 
1 4 16564 17730 17734 17732 
1 6 16588 14331 15574 15539 15542 15573 
1 6 16588 16582 16590 14154 14156 14160 
1 2 16599 13104 
1 4 16599 13104 13102 18198 
1 4 16610 16605 18306 18293 
1 6 16610 16619 16614 16623 16612 18128 
1 3 16626 16625 14718 
1 3 16630 17805 17802 
1 4 16630 14350 14346 13526 
1 6 16645 15720 15718 18202 13496 17212 
1 3 16738 16734 17193 
1 4 16738 17195 17200 13200 
1 4 16748 16750 16747 17087 
1 2 16748 13577 
1 5 16751 16754 16753 17782 17779 
1 5 16751 17629 15052 16866 16864 
1 12 16760 18181 18178 18176 18182 18175 14734 17180 17185 17182 17186 17181 
1 2 16781 16201 
1 2 16781 15435 
1 2 16783 18428 
1 4 16803 18185 18180 18182 
1 5 16828 15694 15691 13417 13416 
1 8 16828 16832 13414 13411 13413 14994 16167 13967 
1 3 16845 18203 18204 
1 4 16845 16846 16842 13565 
1 6 16849 13389 16871 16869 17235 16814 
1 2 16849 15692 
1 2 16858 18075 
1 5 16864 16866 15052 17629 16751 
1 3 16864 18268 18267 
1 3 16872 16873 16765 
1 5 16872 16875 17235 17230 17234 
1 3 16909 16910 15825 
1 5 16922 16384 16380 16377 16376 
1 3 16934 14834 18188 
1 3 16934 14891 14893 
1 4 16934 14832 14835 13422 
1 2 16976 15394 
1 3 16976 16975 18432 
1 5 16976 16975 14756 16431 16423 
1 3 17063 17065 16193 
1 3 17063 17066 16203 
1 7 17075 17727 17836 16089 16090 13423 13424 
1 4 17075 16087 17248 17244 
1 2 17075 17727 
1 3 17087 17079 13185 
1 4 17087 16747 16750 16748 
1 2 17096 15579 
1 4 17096 17091 17093 15679 
1 3 17096 17094 17244 
1 3 17108 13893 15053 
1 2 17108 15551 
1 2 17108 13892 
1 3 17110 14372 14369 
1 4 17121 15434 15436 17863 
1 8 17139 17133 17137 17136 17140 15846 15845 15854 
1 6 17139 17133 15849 15160 15161 15166 
1 7 17163 17160 17165 17159 17157 13102 18198 
1 3 17168 15055 16537 
1 7 17181 17186 17182 14770 14741 14740 14738 
1 5 17181 17186 14765 14892 14769 
1 12 17181 17186 17182 17185 17180 14734 18175 18182 18176 18178 18181 16760 
1 3 17181 14963 16209 
1 3 17193 16734 16738 
1 2 17202 14176 
1 5 17202 14174 14172 16748 13577 
1 4 17206 17204 17208 15057 
1 2 17206 17849 
1 2 17212 15924 
1 3 17212 15923 14970 
1 7 17212 17211 15923 17238 17237 15145 15144 
1 6 17212 13496 18202 15718 15720 16645 
1 4 17234 16871 13391 13390 
1 5 17234 17230 17235 16875 16872 
1 4 17234 16869 17235 16814 
1 4 17234 17232 16849 15692 
1 3 17237 17238 13409 
1 3 17237 15145 15144 
1 3 17244 17094 17096 
1 4 17244 17248 16087 17075 
1 3 17463 13502 13503 
1 5 17463 17461 18430 15625 15626 
1 6 17463 17461 18430 15625 15626 14953 
1 5 17470 17469 17474 17468 14043 
1 3 17468 14042 13924 
1 5 17486 15146 15151 15157 13872 
1 2 17486 17868 
1 5 17493 17502 17512 17501 17779 
1 2 17552 17665 
1 2 17565 14043 
1 2 17587 17583 
1 2 17583 17587 
1 4 17619 15306 15309 16420 
1 3 17627 17630 17736 
1 2 17627 15053 
1 2 17665 17552 
1 3 17684 17686 15394 
1 4 17688 18206 13578 13577 
1 2 17688 18206 
1 4 17688 17690 13576 14833 
1 7 17696 17698 17701 17702 18427 18429 15626 
1 6 17693 17700 18425 18426 18429 15626 
1 3 17727 17837 17836 
1 4 17727 17837 14107 14004 
1 2 17727 17075 
1 4 17732 17734 17730 16564 
1 3 17732 18067 18065 
1 3 17732 17729 13390 
1 3 17736 17630 17627 
1 4 17756 17760 15916 15919 
1 2 17763 13482 
1 4 17763 13482 13478 16627 
1 6 17763 17767 17757 15620 15619 15918 
1 5 17779 17501 17512 17502 17493 
1 5 17779 17487 17516 17499 18128 
1 5 17779 17782 16753 16754 16751 
1 4 17802 18329 18331 13967 
1 4 17802 18329 18330 14352 
1 3 17802 17805 16630 
1 4 17813 17814 13617 13620 
1 2 17813 18249 
1 4 17813 18249 17202 14176 
1 9 17832 17835 16250 16263 16254 16258 16267 16251 17894 
1 3 17836 16089 16088 
1 2 17836 18264 
1 3 17836 17837 17727 
1 5 17840 17843 17839 14724 14726 
1 3 17840 17838 13620 
1 5 17849 17846 17848 17850 13526 
1 2 17849 17206 
1 4 17849 17844 15617 15622 
1 3 17862 14466 14463 
1 3 17862 15566 18119 
1 5 17862 15566 18119 15566 14794 
1 4 17863 15436 15434 17121 
1 2 17863 18434 
1 7 17868 15146 15158 15148 15152 15149 15147 
1 2 17868 17486 
1 3 17868 14020 14021 
1 4 17875 14978 14975 14979 
1 2 17875 17871 
1 2 17871 14974 
1 2 17871 17875 
1 4 17871 17870 15697 15701 
1 9 17894 16251 16267 16258 16254 16263 16250 17835 17832 
1 4 17894 17891 14365 14364 
1 3 17895 13894 16092 
1 2 17895 18262 
1 5 18039 18035 18047 18042 18036 
1 5 18036 18042 18047 18035 18039 
1 6 18036 18048 17196 13197 13202 14979 
1 3 18065 17734 17732 
1 2 18075 16858 
1 2 18075 18139 
1 5 18075 16858 16857 16856 14451 
1 2 18085 13401 
1 3 18119 18120 15673 
1 2 18119 15566 
1 3 18119 15566 17862 
1 6 18128 16612 16623 16614 16619 16610 
1 5 18128 17499 17516 17487 17779 
1 3 18138 15295 15548 
1 3 18138 15625 15626 
1 3 18139 13171 13172 
1 2 18139 18075 
1 4 18172 18166 18167 16408 
1 4 18182 18180 18185 16803 
1 2 18182 14738 
1 3 18188 14834 16934 
1 7 18196 18198 13102 13926 13104 13923 13924 
1 3 18196 18198 13105 
1 7 18198 13105 17157 17159 17165 17160 17163 
1 4 18198 13102 13104 16599 
1 4 18198 13105 17157 13105 
1 2 18204 14970 
1 4 18204 18203 18202 15718 
1 3 18204 18203 16845 
1 7 18204 18201 16843 16844 13555 13565 13561 
1 4 18206 18209 15826 15825 
1 2 18206 17688 
1 2 18213 18219 
1 4 18213 16412 16407 16416 
1 2 18219 18213 
1 5 18237 17115 17113 15686 15689 
1 5 18237 17115 17109 14370 13409 
1 3 18247 17729 13390 
1 2 18249 17813 
1 2 18262 17895 
1 3 18262 15060 15057 
1 2 18264 17836 
1 3 18267 18268 16864 
1 2 18267 15122 
1 2 18267 13172 
1 3 18280 14717 14718 
1 4 18293 18306 16605 16610 
1 3 18324 13394 18324 
1 3 18324 13406 13401 
1 3 18324 13394 18324 
1 4 18330 15925 15928 13422 
1 2 18330 14352 
1 7 18335 18338 16735 16737 13450 13439 13446 
1 2 18335 13200 
1 6 18335 18334 18332 16107 16109 16105 
1 2 18428 13768 
1 5 18428 13768 16536 16538 14967 
1 2 18428 16783 
1 3 18432 16975 16976 
1 3 18432 18433 15829 
1 3 18434 15433 15435 
1 2 18434 17863 
1 3 18434 14732 14731 
1 13 609 586 7102 7101 6486 6497 6477 6489 6482 6483 634 636 632 
1 5 609 586 7102 7101 7100 
1 5 605 595 618 3838 3830 
1 3 632 3823 637 
1 5 632 636 634 6483 6494 
1 13 632 636 634 6483 6482 6489 6477 6497 6486 7101 7102 586 609 
1 11 632 636 634 6483 6482 6496 6485 6476 6490 6499 4594 
1 3 637 3823 3822 
1 3 637 3823 632 
1 8 775 759 783 767 774 763 789 798 
1 8 798 789 763 774 767 783 759 775 
1 5 798 772 781 5589 5579 
1 10 1129 6799 6815 6837 6809 1804 1736 1791 1725 1298 
1 15 1544 1296 1289 1288 1462 1550 1291 1764 1787 1737 1807 1749 6079 6078 6098 
1 16 1298 1725 1791 1736 1794 1755 1782 1770 1799 2139 2134 1848 1845 1842 1847 7146 
1 10 1298 1725 1791 1736 1804 6809 6837 6815 6799 1129 
1 8 1701 2270 2274 2269 2267 5493 6390 6391 
1 7 1766 1778 1806 1747 1773 2220 2218 
1 3 1855 2275 5492 
1 3 1855 1847 7146 
1 5 1855 1847 7146 7145 2133 
1 2 1875 1873 
1 2 1873 1875 
1 2 1873 2741 
1 5 1873 1874 1872 5632 2323 
1 9 1873 2737 2739 7347 6090 6091 6088 6066 6085 
1 5 2045 2048 2039 2038 3822 
1 11 2040 2052 2034 2053 2043 2057 2037 2044 2169 2181 2168 
1 3 2133 7147 5631 
1 3 2133 7145 7146 
1 5 2133 7145 7146 1847 1855 
1 11 2168 2181 2169 2044 2037 2057 2043 2053 2034 2052 2040 
1 7 2168 2175 1704 1698 1699 2273 2267 
1 7 2218 1773 1810 1773 1747 2736 7343 
1 7 2218 2220 1773 1747 1806 1778 1766 
1 7 2267 2273 1699 1698 1704 2175 2168 
1 4 2267 2271 5495 5492 
1 5 2323 5632 1872 1874 1873 
1 2 2323 5631 
1 9 2323 5631 2219 2218 2220 1773 1747 2736 7343 
1 2 2741 1873 
1 12 2741 2737 2739 7347 6090 6091 6088 6066 6116 7344 7350 6098 
1 3 2740 2739 7347 
1 2 2740 7343 
1 16 3785 3805 3763 3809 3794 3759 3801 3782 3866 3788 598 612 603 578 602 7100 
1 10 3785 3775 3762 3780 5586 5595 5010 5003 5011 4998 
1 13 3785 3775 3808 3780 5586 5595 5583 5005 4983 4996 4990 5006 4072 
1 3 3822 3823 637 
1 5 3822 2038 2039 2048 2045 
1 5 3830 3838 618 595 605 
1 6 3830 3852 3835 5596 5599 5563 
1 8 4000 3950 4005 3938 3954 4014 4037 3956 
1 8 3956 4037 4014 3954 3938 4005 3950 4000 
1 3 4542 7281 7277 
1 3 4542 6389 6391 
1 11 4594 6499 6490 6476 6485 6496 6482 6483 634 636 632 
1 9 4594 3773 4574 4620 4585 4624 4595 4608 6827 
1 4 4983 5003 5011 4998 
1 5 4983 4996 4990 5006 4072 
1 5 4983 4996 4990 5006 4072 
1 10 4998 5011 5003 5010 5595 5586 3780 3762 3775 3785 
1 4 4998 5011 5002 5075 
1 4 4998 5011 5003 4983 
1 16 4998 5003 4983 4996 4990 4996 4983 5003 5011 4998 5003 4983 4996 4990 5006 4072 
1 4 5075 5002 5011 4998 
1 4 5492 5495 2271 2267 
1 3 5492 5494 6344 
1 3 5492 2275 1855 
1 5 5579 5589 781 772 798 
1 6 5579 5570 5580 5596 5599 5563 
1 6 5563 5599 5596 3835 3852 3830 
1 6 5563 5599 5596 5580 5570 5579 
1 2 5631 2323 
1 3 5631 7147 2133 
1 9 6085 6066 6088 6091 6090 7347 2739 2737 1873 
1 12 6098 7350 7344 6116 6066 6088 6091 6090 7347 2739 2737 2741 
1 15 6098 6078 6079 1749 1807 1737 1787 1764 1291 1550 1462 1288 1289 1296 1544 
1 2 6344 6391 
1 3 6344 5494 5492 
1 11 6391 6390 5493 2267 2272 5506 5511 5513 7301 7305 7302 
1 3 6391 6390 64 
1 3 6391 6390 5510 
1 3 6391 6389 4542 
1 2 6391 6344 
1 8 6391 6390 5493 2267 2269 2274 2270 1701 
1 5 6494 6483 634 636 632 
1 4 6494 6482 6489 6491 
1 4 6491 6489 6482 6494 
1 4 6491 6497 6486 7101 
1 9 6827 4608 4595 4624 4585 4620 4574 3773 4594 
1 4 7101 6486 6497 6491 
1 2 7101 7100 
1 2 7100 7101 
1 5 7100 7101 7102 586 609 
1 16 7100 602 578 603 612 598 3788 3866 3782 3801 3759 3794 3809 3763 3805 3785 
1 3 7146 1847 1855 
1 3 7146 7145 2133 
1 16 7146 1847 1842 1845 1848 2134 2139 1799 1770 1782 1755 1794 1736 1791 1725 1298 
1 3 7347 2739 2740 
1 9 7343 2736 1747 1773 2220 2218 2219 5631 2323 
1 2 7343 2740 
1 7 7343 2736 1747 1773 1810 1773 2218 
1 17 13151 13161 13137 13162 13132 13139 13154 13131 18396 18424 18409 18423 18397 18402 18417 18395 18407 
1 13 13151 13133 15958 15951 15974 15945 15965 15958 13133 13157 15961 17036 17028 
1 4 13191 13194 13195 15672 
1 8 13266 13304 13275 14426 14404 14438 14407 14419 
1 4 13336 14522 14524 14520 
1 8 13336 14522 14524 14520 14860 14858 14856 14938 
1 3 13372 18364 14810 
1 5 13537 16084 16086 16085 14754 
1 4 13537 16084 15496 15672 
1 3 13537 16084 15518 
1 19 13537 13536 15517 15512 15515 13918 13909 13906 13903 17598 17599 17603 14867 14885 14863 14870 14864 14880 14873 
1 9 13596 16070 13612 13593 13603 13606 13590 13600 16900 
1 10 13636 13657 13639 17343 17356 17335 17398 17251 17407 13713 
1 10 13713 17407 17251 17398 17335 17356 17343 13639 13657 13636 
1 3 13713 15868 15869 
1 10 13761 13753 17369 17352 17387 17408 13748 14517 14493 16986 
1 4 13839 16653 16696 16704 
1 6 13839 16653 16696 16704 16666 16679 
1 7 13932 15540 16987 16991 16982 16988 17224 
1 2 13932 15540 
1 2 13932 15573 
1 6 13932 15540 15542 15539 15541 14335 
1 10 13952 17925 17922 17909 15212 14753 14750 14751 14752 15518 
1 2 13952 17924 
1 4 14000 13994 13991 14134 
1 6 14092 14076 14094 14106 14069 14090 
1 6 14090 14069 14106 14094 14076 14092 
1 4 14134 13991 13994 14000 
1 2 14134 16986 
1 4 14223 14199 14257 14221 
1 4 14221 14257 14199 14223 
1 5 14321 13368 13372 13376 14810 
1 4 14321 17102 14856 14938 
1 7 14321 13375 13369 13373 13367 14817 15025 
1 8 14321 13375 13374 13369 14324 14318 14326 15668 
1 7 14419 16023 16046 16049 16033 16071 16035 
1 8 14419 14407 14438 14404 14426 13275 13304 13266 
1 12 14502 14516 14486 13758 14497 14480 14475 14508 14489 14507 14494 17224 
1 5 14520 14860 14857 14859 17103 
1 4 14520 14524 14522 13336 
1 3 14560 14670 14598 
1 3 14598 14670 14560 
1 2 14754 16085 
1 5 14754 16085 16086 16084 13537 
1 3 14810 18364 13372 
1 5 14810 13376 13372 13368 14321 
1 8 14810 14816 14798 14811 14801 14806 14795 15025 
1 3 14857 14859 17103 
1 8 14938 14856 14858 14860 14520 14524 14522 13336 
1 4 14938 14856 17102 14321 
1 6 14938 14523 14943 14932 14934 18407 
1 3 15215 15219 17019 
1 6 15215 15226 15214 14751 14752 15518 
1 2 15378 15356 
1 2 15356 15378 
1 2 15448 15455 
1 2 15455 15448 
1 3 15473 18369 18357 
1 6 15480 18124 18126 18273 18270 18393 
1 4 15480 18122 15560 15564 
1 3 15480 15479 14726 
1 2 15503 16085 
1 6 15518 14752 14751 15214 15226 15215 
1 3 15518 16084 13537 
1 10 15518 14752 14751 14750 14753 15212 17909 17922 17925 13952 
1 2 15540 13932 
1 6 15564 15560 15565 15562 17884 17883 
1 8 15564 15480 15479 15481 18126 18273 18270 18393 
1 4 15564 15560 18122 15480 
1 3 15564 14722 14726 
1 2 15573 13932 
1 5 15573 13931 18211 18210 18393 
1 6 15573 15542 15539 15574 14331 16588 
1 4 15672 13195 13194 13191 
1 4 15672 15496 15672 13537 
1 61 15672 16084 15518 15516 15513 15514 13910 13909 13906 13903 17598 17599 17603 14867 14885 14863 14870 14864 14880 14876 14883 14876 14880 14879 14870 14863 14885 14867 17603 17599 17598 13903 13906 13909 13918 15515 15512 15517 13536 13537 15671 15672 16084 15518 15516 15513 15514 13910 13909 13906 13903 17598 17599 17603 14867 14885 14863 14870 14864 14880 14873 
1 4 15821 15745 15796 15818 
1 4 15818 15796 15745 15821 
1 2 15858 17633 
1 3 15869 15868 13713 
1 7 16035 16071 16033 16049 16046 16023 14419 
1 2 16085 15503 
1 2 16085 14754 
1 3 16313 16303 16342 
1 2 16342 16484 
1 3 16342 16303 16313 
1 6 16484 16476 16473 16493 16515 16519 
1 2 16484 16342 
1 6 16519 16515 16493 16473 16476 16484 
1 6 16679 16666 16704 16696 16653 13839 
1 4 16704 16696 16653 13839 
1 4 16723 15871 15863 17633 
1 9 16900 13600 13590 13606 13603 13593 13612 16070 13596 
1 10 16986 14493 14517 13748 17408 17387 17352 17369 13753 13761 
1 2 16986 14134 
1 3 17019 15219 15215 
1 3 17103 14859 14857 
1 5 17103 14859 14857 14860 14520 
1 12 17224 14494 14507 14489 14508 14475 14480 14497 13758 14486 14516 14502 
1 7 17224 16988 16982 16991 16987 15540 13932 
1 5 17327 17451 17331 17401 17366 
1 5 17366 17401 17331 17451 17327 
1 4 17633 15863 15871 16723 
1 2 17633 15858 
1 3 17633 17634 18211 
1 6 17774 17910 17912 17927 17911 17924 
1 5 17883 17769 17773 18017 18022 
1 6 17883 17884 15562 15565 15560 15564 
1 6 17924 17911 17927 17912 17910 17774 
1 2 17924 13952 
1 4 17977 17994 17964 17998 
1 4 17998 17964 17994 17977 
1 5 18022 18017 17773 18014 17883 
1 2 18125 18273 
1 3 18211 17634 17633 
1 3 18211 18210 18393 
1 2 18273 18125 
1 3 18273 18270 18393 
1 3 18357 18369 15473 
1 3 18393 18210 18211 
1 5 18393 18210 18211 13931 15573 
1 3 18393 18270 18273 
1 6 18393 18270 18273 18126 18124 15480 
1 8 18393 18270 18273 18126 15481 15479 15480 15564 
1 6 18407 14934 14932 14943 14523 14938 
1 17 18407 18395 18417 18402 18397 18423 18409 18424 18396 13131 13154 13139 13132 13162 13137 13161 13151 
1 5 13 4421 4429 4424 4905 
1 5 13 12 9 5551 5549 
1 7 67 2503 2496 2498 2501 2497 1892 
1 2 64 5510 
1 3 64 6390 6391 
1 5 361 6348 5756 5752 5759 
1 2 361 6346 
1 2 361 6417 
1 5 568 1983 1985 1981 1831 
1 4 568 5640 5636 6257 
1 2 658 2060 
1 6 658 2060 2075 2060 2069 2060 
1 4 654 656 2067 2060 
1 3 654 6635 5648 
1 4 718 2493 2495 2491 
1 5 718 2494 1686 722 6520 
1 4 1221 5339 6783 6784 
1 2 1221 4963 
1 5 1686 4788 1927 1926 1928 
1 5 1686 4788 4787 1925 4789 
1 3 1686 722 6520 
1 3 1706 2722 4853 
1 3 1706 5524 6989 
1 2 1706 2007 
1 7 1706 5524 6989 5190 1892 1893 7302 
1 9 1706 2722 4853 4854 2276 4852 2005 2009 3099 
1 4 1721 1714 5552 5554 
1 2 1721 2716 
1 4 1821 1820 1818 2535 
1 2 1819 6255 
1 5 1819 1937 1945 1938 1939 
1 4 1819 1820 1818 2535 
1 5 1831 1981 1985 1983 568 
1 5 1888 6764 6762 6763 5641 
1 3 1888 7298 4816 
1 3 1892 1893 7302 
1 7 1892 2497 2501 2498 2496 2503 67 
1 7 1892 1893 1891 7303 2457 2451 2453 
1 9 1917 1919 1920 1916 4254 4258 2727 5527 5196 
1 6 1917 7168 7170 7174 7172 7175 
1 2 1917 3093 
1 4 1928 6995 6997 6996 
1 5 1928 1926 1927 4788 1686 
1 3 1939 1938 1943 
1 5 1939 1938 1945 1937 1819 
1 8 1943 5376 5387 5392 5385 5384 5379 5389 
1 3 1943 1938 1939 
1 31 1967 1957 1973 1977 1959 1955 1970 5417 2277 2279 2725 2723 4250 4255 4253 4256 6130 6136 6135 2543 2542 7154 7149 7154 2542 2545 2542 2544 6363 3913 7293 
1 3 1967 1974 1968 
1 9 1967 1975 1954 1963 1969 1978 1958 5411 5424 
1 3 1968 1974 1967 
1 3 1981 6370 6369 
1 2 2007 1706 
1 5 2007 2006 2004 2009 3099 
1 2 2060 658 
1 2 2060 2069 
1 6 2060 2069 2060 2075 2060 658 
1 4 2060 2067 656 654 
1 3 2070 2074 3900 
1 3 2070 3903 3899 
1 6 2070 3903 3899 2073 2072 2069 
1 6 2069 2072 2073 3899 3903 2070 
1 2 2069 2060 
1 2 2187 2524 
1 2 2187 7175 
1 3 2189 2922 2525 
1 5 2189 2919 6747 2188 3449 
1 3 2214 2216 5353 
1 4 2214 2216 5353 4816 
1 9 2259 4500 2259 2261 2265 5549 9 4423 4426 
1 6 2259 4500 2259 2261 2265 5549 
1 4 2280 4257 4250 2723 
1 5 2330 3921 3919 6416 6772 
1 7 2453 2451 2457 7303 1891 1893 1892 
1 5 2453 2450 5512 5511 5510 
1 9 2453 2450 5512 5511 5510 64 60 7281 7277 
1 4 2491 2495 2493 718 
1 2 2497 2502 
1 3 2497 2500 7302 
1 2 2502 2497 
1 3 2524 4047 4049 
1 2 2524 2187 
1 2 2525 2920 
1 3 2525 2922 2189 
1 5 2535 2536 5729 5730 5731 
1 4 2535 1818 1820 1819 
1 4 2535 1818 1820 1821 
1 2 2536 7337 
1 3 2536 7338 5466 
1 2 2545 2543 
1 3 2545 2542 7154 
1 2 2543 2545 
1 5 2549 6523 6524 6521 5624 
1 3 2549 6265 7337 
1 2 2716 1721 
1 4 2716 2718 4400 4399 
1 2 2727 5527 
1 4 2723 4258 4253 4256 
1 4 2723 4250 4257 2280 
1 4 2723 2725 2726 4853 
1 4 2920 5464 5940 4783 
1 2 2920 2525 
1 4 3093 7173 3448 5347 
1 2 3093 1917 
1 9 3099 2009 2005 4852 2276 4854 4853 2722 1706 
1 5 3099 2009 2004 2006 2007 
1 3 3110 5649 5648 
1 4 3110 3107 3108 7288 
1 3 3449 6746 6747 
1 5 3449 6746 6747 2919 2189 
1 3 3449 4846 5347 
1 2 3606 4535 
1 4 3606 4535 4534 6747 
1 6 3885 15 4422 4430 7005 7001 
1 7 3885 4933 3881 3886 2263 2265 5549 
1 3 3900 3902 2070 
1 4 3899 4904 4906 3931 
1 3 3899 3903 2070 
1 6 3899 2073 2071 2066 2062 6775 
1 2 3913 6363 
1 2 3913 7293 
1 2 3920 6417 
1 2 3931 7011 
1 4 3931 4906 4904 3899 
1 3 4049 4047 2524 
1 3 4053 7271 7276 
1 3 4053 4048 4783 
1 2 4256 4251 
1 12 4256 6134 6136 6135 2543 2542 7154 7149 7150 7153 7152 7154 
1 10 4256 6134 6136 6135 2543 2542 7154 7149 7150 7149 
1 4 4256 4253 4258 2723 
1 4 4251 3092 6134 6132 
1 2 4251 4256 
1 4 4399 4400 2718 2716 
1 3 4399 6787 6784 
1 2 4403 4437 
1 5 4426 4423 9 5551 5549 
1 9 4426 4423 9 5549 2265 2261 2259 4500 2259 
1 2 4437 4403 
1 3 4437 4403 6763 
1 2 4507 6775 
1 2 4535 3606 
1 4 4780 5639 5636 6257 
1 4 4780 4779 4781 5463 
1 2 4783 5941 
1 3 4783 4048 4053 
1 4 4783 5940 5464 2920 
1 5 4789 1925 4787 4788 1686 
1 4 4816 5353 2216 2214 
1 3 4816 7298 1888 
1 4 4816 4818 4819 6288 
1 2 4846 5347 
1 4 4853 2726 2725 2723 
1 6 4853 2726 2283 2279 2277 5417 
1 3 4853 2722 1706 
1 5 4905 4424 4429 4421 13 
1 2 4940 4931 
1 2 4931 4940 
1 2 4963 1221 
1 4 5196 5191 5194 6989 
1 9 5196 5527 2727 4258 4254 1916 1920 1919 1917 
1 2 5196 5527 
1 2 5196 5527 
1 2 5333 6002 
1 5 5333 6002 5990 5995 5759 
1 2 5347 4846 
1 3 5347 4846 3449 
1 4 5347 3448 5348 3093 
1 3 5353 7298 7299 
1 3 5353 2216 2214 
1 7 5363 6358 6353 6352 6355 6356 6631 
1 4 5363 5355 5373 5361 
1 4 5361 5373 5355 5363 
1 6 5361 5356 5367 5360 5359 5783 
1 8 5389 5379 5391 5380 5396 6001 5386 5390 
1 8 5389 5379 5384 5385 5392 5387 5376 1943 
1 3 5390 5997 5998 
1 8 5390 5386 6001 5396 5380 5391 5379 5389 
1 2 5403 6363 
1 9 5424 5411 1958 1978 1969 1963 1954 1975 1967 
1 6 5417 2277 2279 2283 2726 4853 
1 4 5463 4781 4779 4780 
1 2 5463 6288 
1 5 5463 5461 2923 2921 6747 
1 2 5465 5635 
1 3 5466 7338 2536 
1 2 5466 5635 
1 2 5510 64 
1 5 5510 5511 5512 2450 2453 
1 3 5510 6390 6391 
1 2 5527 2727 
1 2 5527 5196 
1 2 5527 5196 
1 7 5549 2265 2263 3886 3881 4933 3885 
1 5 5549 5551 9 12 13 
1 5 5549 5551 9 4423 4426 
1 13 5549 2265 2263 3886 3881 4933 4923 4947 4934 4938 6587 6544 6585 
1 6 5549 2265 2261 2259 4500 2259 
1 4 5554 5644 5646 5643 
1 6 5554 5552 5553 5645 5617 6769 
1 4 5554 5552 1714 1721 
1 3 5615 6271 6268 
1 4 5615 5616 5614 5731 
1 2 5617 6769 
1 4 5624 6525 6526 6520 
1 5 5624 6521 6524 6523 2549 
1 2 5635 5465 
1 2 5635 7197 
1 2 5635 5466 
1 4 5635 5402 5635 7197 
1 3 5641 6030 6763 
1 5 5641 6763 6762 6764 1888 
1 4 5643 5646 5644 5554 
1 3 5648 6635 654 
1 3 5648 5649 3110 
1 4 5731 5614 5616 5615 
1 2 5731 7337 
1 5 5731 5730 5729 1818 2535 
1 5 5759 5995 5990 6002 5333 
1 5 5759 5752 5756 6348 361 
1 4 5783 5359 5369 6144 
1 6 5783 5359 5360 5367 5356 5361 
1 3 5783 5778 6784 
1 4 5939 5930 5926 5928 
1 4 5928 5926 5930 5939 
1 2 5928 6002 
1 6 5941 1980 1982 1830 7276 7275 
1 2 5941 4783 
1 3 5998 5997 5390 
1 2 6002 5928 
1 2 6002 5333 
1 4 6031 6026 6032 6600 
1 2 6031 6029 
1 2 6029 6031 
1 3 6029 6030 6763 
1 6 6136 6135 2543 2542 7154 7149 
1 4 6132 6134 3092 4251 
1 4 6144 5369 5359 5783 
1 3 6255 6773 6772 
1 2 6255 1819 
1 4 6257 5636 5640 568 
1 4 6257 5636 5639 4780 
1 3 6268 6271 5615 
1 4 6288 4819 4818 4816 
1 2 6288 5463 
1 2 6346 361 
1 3 6357 6350 6356 
1 3 6356 6350 6357 
1 2 6356 6631 
1 2 6363 5403 
1 2 6363 3913 
1 4 6363 3913 7293 7295 
1 3 6369 6370 1981 
1 2 6417 3920 
1 2 6417 361 
1 5 6417 3920 3919 6416 6772 
1 3 6520 1688 1686 
1 5 6520 1688 1686 2494 718 
1 4 6520 6526 6525 5624 
1 13 6585 6544 6587 4938 4934 4947 4923 4933 3881 3886 2263 2265 5549 
1 4 6600 6032 6026 6031 
1 2 6631 6356 
1 7 6631 6356 6355 6352 6353 6358 5363 
1 5 6747 2921 2923 5461 5463 
1 4 6747 4534 4535 3606 
1 3 6747 2188 3449 
1 3 6763 6030 6029 
1 3 6763 4403 4437 
1 3 6763 6030 5641 
1 3 6769 6766 7288 
1 2 6769 5617 
1 6 6769 5617 5645 5553 5552 5554 
1 5 6772 6416 3919 3920 6417 
1 5 6772 6416 3919 3921 2330 
1 3 6772 6773 6255 
1 6 6775 2062 2066 2071 2073 3899 
1 2 6775 4507 
1 3 6784 5778 5783 
1 3 6784 6787 4399 
1 4 6784 6783 5339 1221 
1 4 6989 5194 5191 5196 
1 3 6989 5524 1706 
1 4 6996 6997 6995 1928 
1 6 7001 7005 4430 4422 15 3885 
1 2 7011 3931 
1 6 7149 7154 2542 2543 6135 6136 
1 10 7149 7150 7149 7154 2542 2543 6135 6136 6134 4256 
1 3 7154 2542 2545 
1 12 7154 7152 7153 7150 7149 7154 2542 2543 6135 6136 6134 4256 
1 6 7175 7172 7174 7170 7168 1917 
1 2 7175 2187 
1 2 7197 5635 
1 3 7197 7293 7295 
1 4 7197 5635 5402 5635 
1 2 7197 7293 
1 3 7197 7293 7295 
1 6 7275 7276 1830 1982 1980 5941 
1 3 7276 7271 4053 
1 5 7284 7282 69 7281 7277 
1 5 7277 7281 69 7282 7284 
1 9 7277 7281 60 64 5510 5511 5512 2450 2453 
1 3 7277 7281 4542 
1 4 7288 3108 3107 3110 
1 3 7288 6766 6769 
1 4 7295 7293 3913 6363 
1 3 7295 7293 7197 
1 3 7295 7293 7197 
1 2 7293 3913 
1 2 7293 7197 
1 31 7293 3913 6363 2544 2542 2545 2542 7154 7149 7154 2542 2543 6135 6136 6130 4256 4253 4255 4258 2723 2725 2279 2277 5417 1970 1955 1959 1977 1973 1957 1967 
1 3 7299 7298 5353 
1 7 7302 1893 1892 5190 6989 5524 1706 
1 3 7302 1893 1892 
1 3 7302 2500 2497 
1 11 7302 7305 7301 5513 5511 5506 2272 2267 5493 6390 6391 
1 2 7337 5731 
1 3 7337 6265 2549 
1 2 7337 2536 
1 4 17 6378 5516 5518 
1 5 17 20 18 2743 2534 
1 15 206 121 152 117 126 230 104 155 189 1622 1658 1624 1651 1608 1668 
1 5 136 102 4187 4196 4206 
1 4 414 7162 7159 7163 
1 9 446 474 438 459 2446 2972 2978 2981 2973 
1 4 448 2974 2981 2973 
1 7 448 2974 2978 2972 2446 2443 3887 
1 3 570 572 2953 
1 3 661 2001 2000 
1 2 661 4900 
1 5 673 4067 4087 4064 6463 
1 6 731 726 732 2515 2517 2764 
1 2 731 3200 
1 8 731 730 727 7240 7232 7217 7226 7265 
1 3 1141 7161 2641 
1 2 1590 1588 
1 5 1590 1591 1589 1587 4975 
1 4 1588 5321 5326 5324 
1 2 1588 1590 
1 10 1668 1608 1651 1607 1650 1677 1635 1680 1617 1646 
1 15 1668 1608 1651 1624 1658 1622 189 155 104 230 126 117 152 121 206 
1 10 1646 1617 1680 1635 1677 1650 1607 1651 1608 1668 
1 5 1817 1815 7139 7140 7141 
1 3 1817 1816 1814 
1 4 1817 1815 7139 7140 
1 3 1817 1813 2752 
1 2 1814 3878 
1 3 1814 1816 1817 
1 3 1814 1813 2752 
1 10 1827 3742 2092 2087 2089 3115 3117 3111 2091 7307 
1 5 1827 3738 1823 1826 4802 
1 3 1931 5405 5407 
1 2 1931 5634 
1 2 1931 3818 
1 3 1996 6530 6505 
1 5 1996 6530 6505 6504 6119 
1 4 2000 7138 6535 7138 
1 3 2000 2001 661 
1 2 2077 4981 
1 4 2081 3817 3820 3203 
1 5 2081 2084 6407 2085 2514 
1 6 2081 2084 2082 2514 2517 2764 
1 3 2093 3114 3116 
1 7 2093 3114 3115 3112 4803 4810 6019 
1 3 2093 5975 3739 
1 5 2093 3739 3741 3744 4490 
1 3 2152 7130 4260 
1 2 2287 3119 
1 5 2287 2639 7135 7134 4821 
1 4 2447 2442 2445 3887 
1 5 2514 2085 6407 2084 2081 
1 5 2514 6005 6011 5520 7180 
1 5 2514 6010 6008 6007 6004 
1 9 2514 6005 6010 2516 6007 3048 3080 3049 3076 
1 2 2532 5399 
1 5 2534 16 18 20 17 
1 4 2534 16 18 2743 
1 4 2534 16 2534 5521 
1 7 2641 7164 7160 7157 7165 7159 7163 
1 3 2641 7161 1141 
1 4 2641 1143 1140 3119 
1 2 2646 5503 
1 3 2735 1822 4715 
1 4 2735 4716 4714 5634 
1 3 2743 2985 6717 
1 4 2743 18 2743 2534 
1 6 2764 2517 2514 2082 2084 2081 
1 6 2764 2517 2515 732 726 731 
1 5 2764 2517 2516 6007 6004 
1 3 2953 572 570 
1 3 2953 571 5325 
1 5 2953 3365 3363 3360 6505 
1 3 2973 2977 5327 
1 2 2973 2977 
1 4 2973 2981 2974 448 
1 9 2973 2981 2978 2972 2446 459 438 474 446 
1 2 2977 4558 
1 2 2977 2973 
1 2 2986 6529 
1 4 2986 6529 6528 6375 
1 3 2986 2987 4776 
1 4 2999 2992 2994 2998 
1 5 2999 2991 2996 2988 3200 
1 5 2998 3904 3912 7142 7141 
1 4 2998 2994 2992 2999 
1 9 3076 3049 3080 3048 2765 2516 6010 6005 2514 
1 13 3076 3007 3083 3008 3038 3072 3033 3045 3724 3632 3637 3701 3648 
1 5 3116 4807 4805 4809 4804 
1 3 3116 3114 2093 
1 4 3119 1140 1143 2641 
1 2 3119 2287 
1 7 3165 3160 3175 3186 3120 6960 6902 
1 6 3169 3188 3143 3157 7181 7180 
1 5 3200 2988 2996 2991 2999 
1 2 3200 731 
1 3 3203 3820 3818 
1 4 3203 3820 3817 2081 
1 11 3203 3198 3199 3200 731 730 727 7254 7220 7252 7233 
1 2 3359 6754 
1 2 3359 6062 
1 6 3359 6754 6062 2078 2076 6274 
1 3 3367 4248 6534 
1 5 3370 6511 6512 6514 6509 
1 2 3370 7290 
1 2 3589 4900 
1 13 3648 3701 3637 3632 3724 3045 3033 3072 3038 3008 3083 3007 3076 
1 5 3735 3374 3371 3736 7184 
1 2 3739 4219 
1 3 3739 5975 2093 
1 2 3818 1931 
1 3 3818 3820 3203 
1 6 3878 2745 2288 2284 2288 2751 
1 4 3878 4822 2284 4821 
1 2 3878 1814 
1 4 3887 2445 2442 2447 
1 7 3887 2443 2446 2972 2978 2974 448 
1 5 3887 3889 2441 3888 6126 
1 4 3909 5467 6754 6062 
1 2 3909 5113 
1 13 4072 5006 4990 4996 4983 5005 5583 5595 5586 3780 3808 3775 3785 
1 16 4072 5006 4990 4996 4983 5003 4998 5011 5003 4983 4996 4990 4996 4983 5003 4998 
1 5 4072 5006 4990 4996 4983 
1 5 4072 5006 4990 4996 4983 
1 3 4174 4156 4206 
1 3 4206 4156 4174 
1 5 4206 4196 4187 102 136 
1 3 4219 3890 3891 
1 2 4219 3739 
1 2 4241 7290 
1 3 4241 4243 6394 
1 4 4249 1146 1147 5603 
1 3 4249 4246 6509 
1 3 4260 7130 2152 
1 5 4260 7130 2152 4899 6404 
1 2 4260 6529 
1 2 4265 7184 
1 5 4265 7184 7185 7183 7129 
1 5 4490 3744 3741 3739 2093 
1 5 4490 4488 1823 1826 4802 
1 2 4558 7313 
1 2 4558 2977 
1 3 4703 2532 5399 
1 4 4703 5399 5400 4715 
1 4 4715 5400 5399 4703 
1 3 4715 1822 2735 
1 3 4776 2987 2986 
1 2 4776 6717 
1 5 4802 2645 2644 4488 4490 
1 6 4802 2645 2644 2646 5503 7129 
1 5 4802 1826 1823 3738 1827 
1 4 4804 4809 5976 5979 
1 5 4804 4809 4805 4807 3116 
1 4 4821 7134 7135 7137 
1 5 4821 7134 7135 2639 2287 
1 4 4821 2284 2745 3878 
1 4 4859 660 4859 6993 
1 2 4900 661 
1 2 4900 3589 
1 3 4900 659 6993 
1 5 4975 1587 1589 1591 1590 
1 3 4975 4980 5922 
1 2 4979 6119 
1 4 4979 4977 4980 5922 
1 2 4981 2077 
1 4 4981 5398 4981 5634 
1 7 5113 408 412 406 405 411 5473 
1 2 5113 3909 
1 7 5113 408 412 404 409 2642 7137 
1 4 5324 5326 5321 1588 
1 3 5325 571 2953 
1 3 5327 5921 5922 
1 3 5327 2977 2973 
1 4 5330 6383 6385 5529 
1 3 5330 5328 5922 
1 2 5399 2532 
1 3 5399 2532 4703 
1 3 5407 5405 1931 
1 7 5473 411 405 406 412 408 5113 
1 2 5503 7129 
1 2 5503 2646 
1 4 5503 5505 5504 6375 
1 4 5518 5516 6378 17 
1 4 5521 6780 6782 6412 
1 4 5521 2534 16 2534 
1 4 5521 5522 5520 7180 
1 2 5529 6385 
1 4 5529 6385 6383 5330 
1 4 5634 4714 4716 2735 
1 4 5634 4981 5398 4981 
1 2 5634 1931 
1 3 5922 4980 5922 
1 3 5922 4980 4975 
1 3 5922 5921 5327 
1 4 5922 4980 4977 4979 
1 3 5922 5328 5330 
1 3 5922 4980 5922 
1 4 5979 5976 4809 4804 
1 5 6004 6007 6008 6010 2514 
1 5 6004 6007 2516 2517 2764 
1 7 6019 4810 4803 3112 3115 3114 2093 
1 2 6062 3359 
1 4 6062 6754 5467 3909 
1 5 6119 6504 6505 6530 1996 
1 2 6119 4979 
1 7 6126 3888 2441 2444 4775 6716 6717 
1 5 6126 3888 2441 3889 3887 
1 6 6274 2076 2078 6062 6754 3359 
1 10 6342 6310 6330 6309 6326 6301 6339 6318 6337 6321 
1 10 6321 6337 6318 6339 6301 6326 6309 6330 6310 6342 
1 4 6375 5504 5505 5503 
1 4 6375 6528 6529 2986 
1 3 6385 4858 6993 
1 2 6385 5529 
1 3 6394 4243 4241 
1 4 6394 6396 6395 7129 
1 5 6404 4899 2152 7130 4260 
1 2 6412 6781 
1 4 6412 6782 6780 5521 
1 5 6463 4064 4087 4067 673 
1 5 6505 3360 3363 3365 2953 
1 3 6505 6530 1996 
1 3 6509 4246 4249 
1 5 6509 6514 6512 6511 3370 
1 2 6529 4260 
1 2 6529 2986 
1 3 6534 4248 3367 
1 3 6534 6531 6738 
1 2 6717 4776 
1 3 6717 2985 2743 
1 7 6717 6716 4775 2444 2441 3888 6126 
1 3 6738 6531 6534 
1 2 6738 7138 
1 2 6754 3359 
1 2 6781 6412 
1 6 6984 6921 6886 6897 6898 6902 
1 7 6902 6960 3120 3186 3175 3160 3165 
1 6 6902 6898 6897 6886 6921 6984 
1 4 6993 659 660 4859 
1 3 6993 659 4900 
1 3 6993 4858 6385 
1 4 7129 6395 6396 6394 
1 5 7129 7183 7185 7184 4265 
1 2 7129 5503 
1 6 7129 5503 2646 2644 1826 4802 
1 7 7137 2642 409 404 412 408 5113 
1 4 7137 7135 7134 4821 
1 2 7138 6738 
1 4 7138 6535 7138 2000 
1 4 7140 7139 1815 1817 
1 5 7141 7142 3912 3904 2998 
1 5 7141 7140 7139 1815 1817 
1 4 7163 7159 7162 414 
1 7 7163 7159 7165 7157 7160 7164 2641 
1 4 7180 5520 5522 5521 
1 5 7180 5520 6011 6005 2514 
1 6 7180 7181 3157 3143 3188 3169 
1 5 7184 3376 3371 3374 3735 
1 2 7184 4265 
1 11 7233 7252 7220 7254 727 730 731 3200 3199 3198 3203 
1 8 7265 7226 7217 7232 7240 727 730 731 
1 2 7290 3370 
1 2 7290 4241 
1 10 7307 2091 3111 3117 3115 2089 2087 2092 3742 1827 
1 2 7313 4558 
